# Split from armor_red4.obj to avoid z-fighting in Webots. White digit shifted +5 mm along OBJ Y.
mtllib armor_red4.mtl

v 14.0027 176.764 -23.2738
v 14.0027 176.664 -23.2738
v 15.0053 176.664 -23.2738
v 14.0027 176.664 -23.2738
v 13.0001 176.764 -23.2738
v 13.0001 176.664 -23.2738
v 13.0001 176.764 -23.2738
v 14.0027 176.664 -23.2738
v 14.0027 176.764 -23.2738
v 11.9975 176.664 -23.2738
v 13.0001 176.664 -23.2738
v 11.9975 176.764 -23.2738
v 13.0001 176.764 -23.2738
v 11.9975 176.764 -23.2738
v 13.0001 176.664 -23.2738
v 10.9949 176.764 -23.2738
v 10.9949 176.664 -23.2738
v 11.9975 176.664 -23.2738
v 11.9975 176.664 -23.2738
v 11.9975 176.764 -23.2738
v 10.9949 176.764 -23.2738
v 10.9949 176.664 -23.2738
v 9.99237 176.764 -23.2738
v 9.99237 176.664 -23.2738
v 9.99237 176.764 -23.2738
v 10.9949 176.664 -23.2738
v 10.9949 176.764 -23.2738
v 8.98979 176.664 -23.2738
v 9.99237 176.664 -23.2738
v 8.98979 176.764 -23.2738
v 9.99237 176.764 -23.2738
v 8.98979 176.764 -23.2738
v 9.99237 176.664 -23.2738
v 7.98721 176.764 -23.2738
v 7.98721 176.664 -23.2738
v 8.98979 176.664 -23.2738
v 8.98979 176.664 -23.2738
v 8.98979 176.764 -23.2738
v 7.98721 176.764 -23.2738
v 14.0027 176.764 -23.2738
v 15.0053 176.664 -23.2738
v 15.0053 176.764 -23.2738
v 16.0078 176.664 -23.2738
v 16.0078 176.764 -23.2738
v 15.0053 176.764 -23.2738
v 15.0053 176.764 -23.2738
v 15.0053 176.664 -23.2738
v 16.0078 176.664 -23.2738
v 16.0078 176.764 -23.2738
v 17.0104 176.664 -23.2738
v 17.0104 176.764 -23.2738
v 17.0104 176.664 -23.2738
v 16.0078 176.764 -23.2738
v 16.0078 176.664 -23.2738
v 18.013 176.764 -23.2738
v 17.0104 176.764 -23.2738
v 18.013 176.664 -23.2738
v 17.0104 176.664 -23.2738
v 18.013 176.664 -23.2738
v 17.0104 176.764 -23.2738
v 19.0156 176.664 -23.2738
v 19.0156 176.764 -23.2738
v 18.013 176.764 -23.2738
v 18.013 176.764 -23.2738
v 18.013 176.664 -23.2738
v 19.0156 176.664 -23.2738
v 19.0156 176.764 -23.2738
v 20.0182 176.664 -23.2738
v 20.0182 176.764 -23.2738
v 20.0182 176.664 -23.2738
v 19.0156 176.764 -23.2738
v 19.0156 176.664 -23.2738
v 20.0182 176.664 -23.2738
v 21.0207 176.664 -23.2738
v 20.0182 176.764 -23.2738
v 20.0182 176.764 -23.2738
v 21.0207 176.664 -23.2738
v 21.0207 176.764 -23.2738
v 21.0207 176.664 8.13332
v 21.0207 176.664 9.14646
v 21.0207 176.764 9.14646
v 21.0207 176.664 9.14646
v 21.0207 176.764 10.1596
v 21.0207 176.764 9.14646
v 21.0207 176.764 7.12019
v 21.0207 176.664 7.12019
v 21.0207 176.764 8.13332
v 21.0207 176.664 7.12019
v 21.0207 176.664 8.13332
v 21.0207 176.764 8.13332
v 21.0207 176.664 6.10705
v 21.0207 176.764 7.12019
v 21.0207 176.764 6.10705
v 21.0207 176.664 5.09392
v 21.0207 176.764 5.09392
v 21.0207 176.664 4.08079
v 21.0207 176.664 5.09392
v 21.0207 176.764 6.10705
v 21.0207 176.764 5.09392
v 21.0207 176.764 6.10705
v 21.0207 176.664 5.09392
v 21.0207 176.664 6.10705
v 21.0207 176.664 3.06765
v 21.0207 176.664 4.08079
v 21.0207 176.764 4.08079
v 21.0207 176.764 4.08079
v 21.0207 176.664 4.08079
v 21.0207 176.764 5.09392
v 21.0207 176.764 4.08079
v 21.0207 176.764 3.06765
v 21.0207 176.664 3.06765
v 21.0207 176.664 7.12019
v 21.0207 176.764 7.12019
v 21.0207 176.664 6.10705
v 21.0207 176.664 2.05452
v 21.0207 176.764 3.06765
v 21.0207 176.764 2.05452
v 21.0207 176.764 3.06765
v 21.0207 176.664 2.05452
v 21.0207 176.664 3.06765
v 21.0207 176.764 2.05452
v 21.0207 176.764 1.04139
v 21.0207 176.664 1.04139
v 21.0207 176.764 9.14646
v 21.0207 176.764 8.13332
v 21.0207 176.664 8.13332
v 21.0207 176.764 1.04139
v 21.0207 176.764 0.0282552
v 21.0207 176.664 0.0282552
v 21.0207 176.664 0.0282552
v 21.0207 176.664 1.04139
v 21.0207 176.764 1.04139
v 21.0207 176.664 -0.984875
v 21.0207 176.764 0.0282552
v 21.0207 176.764 -0.984875
v 21.0207 176.764 0.0282552
v 21.0207 176.664 -0.984875
v 21.0207 176.664 0.0282552
v 21.0207 176.764 -1.99801
v 21.0207 176.664 -1.99801
v 21.0207 176.764 -0.984875
v 21.0207 176.664 -0.984875
v 21.0207 176.764 -0.984875
v 21.0207 176.664 -1.99801
v 21.0207 176.764 -1.99801
v 21.0207 176.764 -3.01114
v 21.0207 176.664 -3.01114
v 21.0207 176.664 -3.01114
v 21.0207 176.664 -1.99801
v 21.0207 176.764 -1.99801
v 21.0207 176.764 -4.02428
v 21.0207 176.664 -4.02428
v 21.0207 176.764 -3.01114
v 21.0207 176.664 -14.1556
v 21.0207 176.764 -13.1425
v 21.0207 176.764 -14.1556
v 21.0207 176.764 -5.03741
v 21.0207 176.664 -5.03741
v 21.0207 176.764 -4.02428
v 21.0207 176.664 -4.02428
v 21.0207 176.764 -4.02428
v 21.0207 176.664 -5.03741
v 21.0207 176.664 -8.07681
v 21.0207 176.664 -7.06368
v 21.0207 176.764 -7.06368
v 21.0207 176.664 -6.05054
v 21.0207 176.664 -5.03741
v 21.0207 176.764 -5.03741
v 21.0207 176.664 -6.05054
v 21.0207 176.764 -6.05054
v 21.0207 176.664 -7.06368
v 21.0207 176.764 -7.06368
v 21.0207 176.764 -8.07681
v 21.0207 176.664 -8.07681
v 21.0207 176.764 -6.05054
v 21.0207 176.764 -7.06368
v 21.0207 176.664 -7.06368
v 21.0207 176.764 -5.03741
v 21.0207 176.764 -6.05054
v 21.0207 176.664 -6.05054
v 21.0207 176.764 -8.07681
v 21.0207 176.764 -9.08995
v 21.0207 176.664 -9.08995
v 21.0207 176.664 -9.08995
v 21.0207 176.664 -8.07681
v 21.0207 176.764 -8.07681
v 21.0207 176.664 -10.1031
v 21.0207 176.764 -9.08995
v 21.0207 176.764 -10.1031
v 21.0207 176.764 -9.08995
v 21.0207 176.664 -10.1031
v 21.0207 176.664 -9.08995
v 21.0207 176.764 -11.1162
v 21.0207 176.664 -11.1162
v 21.0207 176.764 -10.1031
v 21.0207 176.664 -10.1031
v 21.0207 176.764 -10.1031
v 21.0207 176.664 -11.1162
v 21.0207 176.764 -11.1162
v 21.0207 176.764 -12.1293
v 21.0207 176.664 -12.1293
v 21.0207 176.664 -12.1293
v 21.0207 176.664 -11.1162
v 21.0207 176.764 -11.1162
v 21.0207 176.664 -13.1425
v 21.0207 176.764 -12.1293
v 21.0207 176.764 -13.1425
v 21.0207 176.764 -12.1293
v 21.0207 176.664 -13.1425
v 21.0207 176.664 -12.1293
v 21.0207 176.664 -14.1556
v 21.0207 176.764 -14.1556
v 21.0207 176.664 -15.1687
v 21.0207 176.664 -13.1425
v 21.0207 176.764 -13.1425
v 21.0207 176.664 -14.1556
v 21.0207 176.764 -15.1687
v 21.0207 176.664 -16.1819
v 21.0207 176.664 -15.1687
v 21.0207 176.664 -15.1687
v 21.0207 176.764 -14.1556
v 21.0207 176.764 -15.1687
v 21.0207 176.664 2.05452
v 21.0207 176.764 2.05452
v 21.0207 176.664 1.04139
v 21.0207 176.764 -3.01114
v 21.0207 176.664 -4.02428
v 21.0207 176.664 -3.01114
v 21.0207 176.664 -17.195
v 21.0207 176.664 -16.1819
v 21.0207 176.764 -16.1819
v 21.0207 176.764 -17.195
v 21.0207 176.664 -18.2081
v 21.0207 176.664 -17.195
v 21.0207 176.664 -17.195
v 21.0207 176.764 -16.1819
v 21.0207 176.764 -17.195
v 21.0207 176.664 -18.2081
v 21.0207 176.764 -18.2081
v 21.0207 176.664 -19.2213
v 21.0207 176.764 -18.2081
v 21.0207 176.664 -18.2081
v 21.0207 176.764 -17.195
v 21.0207 176.664 -20.2344
v 21.0207 176.664 -19.2213
v 21.0207 176.764 -19.2213
v 21.0207 176.764 -18.2081
v 21.0207 176.764 -19.2213
v 21.0207 176.664 -19.2213
v 21.0207 176.764 -20.2344
v 21.0207 176.664 -21.2475
v 21.0207 176.664 -20.2344
v 21.0207 176.664 -20.2344
v 21.0207 176.764 -19.2213
v 21.0207 176.764 -20.2344
v 21.0207 176.664 -21.2475
v 21.0207 176.764 -21.2475
v 21.0207 176.664 -22.2607
v 21.0207 176.764 -21.2475
v 21.0207 176.664 -21.2475
v 21.0207 176.764 -20.2344
v 21.0207 176.664 -23.2738
v 21.0207 176.664 -22.2607
v 21.0207 176.764 -22.2607
v 21.0207 176.764 -21.2475
v 21.0207 176.764 -22.2607
v 21.0207 176.664 -22.2607
v 21.0207 176.764 -16.1819
v 21.0207 176.664 -16.1819
v 21.0207 176.764 -15.1687
v 21.0207 176.664 -23.2738
v 21.0207 176.764 -22.2607
v 21.0207 176.764 -23.2738
v 21.0207 176.764 10.1596
v 21.0207 176.664 10.1596
v 21.0207 176.764 11.1727
v 21.0207 176.664 10.1596
v 21.0207 176.764 10.1596
v 21.0207 176.664 9.14646
v 21.0207 176.764 12.1859
v 21.0207 176.764 11.1727
v 21.0207 176.664 11.1727
v 21.0207 176.664 10.1596
v 21.0207 176.664 11.1727
v 21.0207 176.764 11.1727
v 21.0207 176.664 12.1859
v 21.0207 176.764 13.199
v 21.0207 176.764 12.1859
v 21.0207 176.764 12.1859
v 21.0207 176.664 11.1727
v 21.0207 176.664 12.1859
v 21.0207 176.764 13.199
v 21.0207 176.664 13.199
v 21.0207 176.764 14.2121
v 21.0207 176.664 13.199
v 21.0207 176.764 13.199
v 21.0207 176.664 12.1859
v 21.0207 176.764 15.2253
v 21.0207 176.764 14.2121
v 21.0207 176.664 14.2121
v 21.0207 176.664 13.199
v 21.0207 176.664 14.2121
v 21.0207 176.764 14.2121
v 21.0207 176.664 15.2253
v 21.0207 176.764 16.2384
v 21.0207 176.764 15.2253
v 21.0207 176.764 15.2253
v 21.0207 176.664 14.2121
v 21.0207 176.664 15.2253
v 21.0207 176.764 16.2384
v 21.0207 176.664 16.2384
v 21.0207 176.764 17.2515
v 21.0207 176.664 16.2384
v 21.0207 176.764 16.2384
v 21.0207 176.664 15.2253
v 21.0207 176.764 18.2647
v 21.0207 176.764 17.2515
v 21.0207 176.664 17.2515
v 21.0207 176.664 16.2384
v 21.0207 176.664 17.2515
v 21.0207 176.764 17.2515
v 21.0207 176.664 18.2647
v 21.0207 176.764 19.2778
v 21.0207 176.764 18.2647
v 21.0207 176.764 18.2647
v 21.0207 176.664 17.2515
v 21.0207 176.664 18.2647
v 21.0207 176.764 19.2778
v 21.0207 176.664 19.2778
v 21.0207 176.764 20.2909
v 21.0207 176.664 19.2778
v 21.0207 176.764 19.2778
v 21.0207 176.664 18.2647
v 21.0207 176.764 21.3041
v 21.0207 176.764 20.2909
v 21.0207 176.664 20.2909
v 21.0207 176.664 19.2778
v 21.0207 176.664 20.2909
v 21.0207 176.764 20.2909
v 21.0207 176.664 21.3041
v 21.0207 176.764 22.3172
v 21.0207 176.764 21.3041
v 21.0207 176.764 21.3041
v 21.0207 176.664 20.2909
v 21.0207 176.664 21.3041
v 21.0207 176.764 22.3172
v 21.0207 176.664 22.3172
v 21.0207 176.764 23.3303
v 21.0207 176.664 22.3172
v 21.0207 176.764 22.3172
v 21.0207 176.664 21.3041
v 21.0207 176.764 24.3435
v 21.0207 176.764 23.3303
v 21.0207 176.664 23.3303
v 21.0207 176.664 22.3172
v 21.0207 176.664 23.3303
v 21.0207 176.764 23.3303
v 21.0207 176.664 24.3435
v 21.0207 176.764 25.3566
v 21.0207 176.764 24.3435
v 21.0207 176.764 24.3435
v 21.0207 176.664 23.3303
v 21.0207 176.664 24.3435
v 21.0207 176.764 25.3566
v 21.0207 176.664 25.3566
v 21.0207 176.764 26.3697
v 21.0207 176.664 25.3566
v 21.0207 176.764 25.3566
v 21.0207 176.664 24.3435
v 21.0207 176.764 27.3829
v 21.0207 176.764 26.3697
v 21.0207 176.664 26.3697
v 21.0207 176.664 25.3566
v 21.0207 176.664 26.3697
v 21.0207 176.764 26.3697
v 21.0207 176.664 27.3829
v 21.0207 176.764 28.396
v 21.0207 176.764 27.3829
v 21.0207 176.764 27.3829
v 21.0207 176.664 26.3697
v 21.0207 176.664 27.3829
v 21.0207 176.764 28.396
v 21.0207 176.664 28.396
v 21.0207 176.764 29.4091
v 21.0207 176.664 28.396
v 21.0207 176.764 28.396
v 21.0207 176.664 27.3829
v 21.0207 176.764 30.4223
v 21.0207 176.764 29.4091
v 21.0207 176.664 29.4091
v 21.0207 176.664 28.396
v 21.0207 176.664 29.4091
v 21.0207 176.764 29.4091
v 21.0207 176.664 30.4223
v 21.0207 176.764 31.4354
v 21.0207 176.764 30.4223
v 21.0207 176.764 30.4223
v 21.0207 176.664 29.4091
v 21.0207 176.664 30.4223
v 21.0207 176.764 31.4354
v 21.0207 176.664 31.4354
v 21.0207 176.764 32.4485
v 21.0207 176.664 31.4354
v 21.0207 176.764 31.4354
v 21.0207 176.664 30.4223
v 21.0207 176.764 33.4617
v 21.0207 176.764 32.4485
v 21.0207 176.664 32.4485
v 21.0207 176.664 31.4354
v 21.0207 176.664 32.4485
v 21.0207 176.764 32.4485
v 21.0207 176.664 33.4617
v 21.0207 176.764 34.4748
v 21.0207 176.764 33.4617
v 21.0207 176.764 33.4617
v 21.0207 176.664 32.4485
v 21.0207 176.664 33.4617
v 21.0207 176.764 34.4748
v 21.0207 176.664 34.4748
v 21.0207 176.764 35.4879
v 21.0207 176.664 34.4748
v 21.0207 176.764 34.4748
v 21.0207 176.664 33.4617
v 21.0207 176.764 36.5011
v 21.0207 176.764 35.4879
v 21.0207 176.664 35.4879
v 21.0207 176.664 34.4748
v 21.0207 176.664 35.4879
v 21.0207 176.764 35.4879
v 21.0207 176.664 36.5011
v 21.0207 176.764 37.5142
v 21.0207 176.764 36.5011
v 21.0207 176.764 36.5011
v 21.0207 176.664 35.4879
v 21.0207 176.664 36.5011
v 21.0207 176.764 37.5142
v 21.0207 176.664 37.5142
v 21.0207 176.764 38.5273
v 21.0207 176.664 37.5142
v 21.0207 176.764 37.5142
v 21.0207 176.664 36.5011
v 21.0207 176.764 39.5405
v 21.0207 176.764 38.5273
v 21.0207 176.664 38.5273
v 21.0207 176.664 37.5142
v 21.0207 176.664 38.5273
v 21.0207 176.764 38.5273
v 21.0207 176.664 39.5405
v 21.0207 176.764 40.5536
v 21.0207 176.764 39.5405
v 21.0207 176.764 39.5405
v 21.0207 176.664 38.5273
v 21.0207 176.664 39.5405
v 21.0207 176.764 40.5536
v 21.0207 176.664 40.5536
v 21.0207 176.764 41.5667
v 21.0207 176.664 40.5536
v 21.0207 176.764 40.5536
v 21.0207 176.664 39.5405
v 21.0207 176.764 42.5798
v 21.0207 176.764 41.5667
v 21.0207 176.664 41.5667
v 21.0207 176.664 40.5536
v 21.0207 176.664 41.5667
v 21.0207 176.764 41.5667
v 21.0207 176.764 42.5798
v 21.0207 176.664 41.5667
v 21.0207 176.664 42.5798
v 27.2925 176.764 42.5798
v 28.3378 176.664 42.5798
v 28.3378 176.764 42.5798
v 27.2925 176.764 42.5798
v 26.2472 176.764 42.5798
v 27.2925 176.664 42.5798
v 27.2925 176.664 42.5798
v 28.3378 176.664 42.5798
v 27.2925 176.764 42.5798
v 26.2472 176.664 42.5798
v 26.2472 176.764 42.5798
v 25.2019 176.764 42.5798
v 26.2472 176.764 42.5798
v 26.2472 176.664 42.5798
v 27.2925 176.664 42.5798
v 24.1566 176.764 42.5798
v 25.2019 176.664 42.5798
v 25.2019 176.764 42.5798
v 26.2472 176.664 42.5798
v 25.2019 176.764 42.5798
v 25.2019 176.664 42.5798
v 24.1566 176.764 42.5798
v 23.1113 176.764 42.5798
v 24.1566 176.664 42.5798
v 24.1566 176.664 42.5798
v 25.2019 176.664 42.5798
v 24.1566 176.764 42.5798
v 23.1113 176.664 42.5798
v 23.1113 176.764 42.5798
v 22.066 176.764 42.5798
v 23.1113 176.764 42.5798
v 23.1113 176.664 42.5798
v 24.1566 176.664 42.5798
v 21.0207 176.764 42.5798
v 22.066 176.664 42.5798
v 22.066 176.764 42.5798
v 23.1113 176.664 42.5798
v 22.066 176.764 42.5798
v 22.066 176.664 42.5798
v 21.0207 176.664 42.5798
v 22.066 176.664 42.5798
v 21.0207 176.764 42.5798
v 29.3831 176.664 42.5798
v 28.3378 176.764 42.5798
v 28.3378 176.664 42.5798
v 30.4284 176.664 42.5798
v 29.3831 176.764 42.5798
v 29.3831 176.664 42.5798
v 28.3378 176.764 42.5798
v 29.3831 176.664 42.5798
v 29.3831 176.764 42.5798
v 30.4284 176.664 42.5798
v 31.4737 176.664 42.5798
v 30.4284 176.764 42.5798
v 30.4284 176.764 42.5798
v 29.3831 176.764 42.5798
v 30.4284 176.664 42.5798
v 31.4737 176.764 42.5798
v 31.4737 176.664 42.5798
v 32.519 176.664 42.5798
v 31.4737 176.664 42.5798
v 31.4737 176.764 42.5798
v 30.4284 176.764 42.5798
v 33.5643 176.664 42.5798
v 32.519 176.764 42.5798
v 32.519 176.664 42.5798
v 31.4737 176.764 42.5798
v 32.519 176.664 42.5798
v 32.519 176.764 42.5798
v 33.5643 176.664 42.5798
v 34.6096 176.664 42.5798
v 33.5643 176.764 42.5798
v 33.5643 176.764 42.5798
v 32.519 176.764 42.5798
v 33.5643 176.664 42.5798
v 34.6096 176.764 42.5798
v 34.6096 176.664 42.5798
v 35.6549 176.664 42.5798
v 34.6096 176.664 42.5798
v 34.6096 176.764 42.5798
v 33.5643 176.764 42.5798
v 34.6096 176.764 42.5798
v 35.6549 176.664 42.5798
v 35.6549 176.764 42.5798
v 35.6549 176.764 46.9701
v 35.6549 176.764 45.8725
v 35.6549 176.664 45.8725
v 35.6549 176.764 46.9701
v 35.6549 176.664 45.8725
v 35.6549 176.664 46.9701
v 35.6549 176.664 44.775
v 35.6549 176.764 44.775
v 35.6549 176.664 43.6774
v 35.6549 176.664 44.775
v 35.6549 176.664 45.8725
v 35.6549 176.764 45.8725
v 35.6549 176.664 46.9701
v 35.6549 176.764 48.0677
v 35.6549 176.764 46.9701
v 35.6549 176.764 45.8725
v 35.6549 176.764 44.775
v 35.6549 176.664 44.775
v 35.6549 176.664 42.5798
v 35.6549 176.664 43.6774
v 35.6549 176.764 43.6774
v 35.6549 176.664 42.5798
v 35.6549 176.764 43.6774
v 35.6549 176.764 42.5798
v 35.6549 176.664 43.6774
v 35.6549 176.764 44.775
v 35.6549 176.764 43.6774
v 35.6549 176.664 48.0677
v 35.6549 176.764 48.0677
v 35.6549 176.664 46.9701
v 35.6549 176.764 49.1652
v 35.6549 176.664 48.0677
v 35.6549 176.664 49.1652
v 35.6549 176.664 48.0677
v 35.6549 176.764 49.1652
v 35.6549 176.764 48.0677
v 35.6549 176.664 50.2628
v 35.6549 176.764 50.2628
v 35.6549 176.664 49.1652
v 35.6549 176.764 49.1652
v 35.6549 176.664 49.1652
v 35.6549 176.764 50.2628
v 35.6549 176.664 50.2628
v 35.6549 176.664 51.3603
v 35.6549 176.764 51.3603
v 35.6549 176.764 51.3603
v 35.6549 176.764 50.2628
v 35.6549 176.664 50.2628
v 35.6549 176.764 52.4579
v 35.6549 176.664 51.3603
v 35.6549 176.664 52.4579
v 35.6549 176.664 51.3603
v 35.6549 176.764 52.4579
v 35.6549 176.764 51.3603
v 35.6549 176.764 52.4579
v 35.6549 176.664 52.4579
v 35.6549 176.764 53.5555
v 35.6549 176.764 53.5555
v 35.6549 176.664 52.4579
v 35.6549 176.664 53.5555
v 29.3831 176.764 53.5555
v 28.3378 176.664 53.5555
v 28.3378 176.764 53.5555
v 29.3831 176.764 53.5555
v 30.4284 176.764 53.5555
v 29.3831 176.664 53.5555
v 29.3831 176.664 53.5555
v 28.3378 176.664 53.5555
v 29.3831 176.764 53.5555
v 30.4284 176.664 53.5555
v 30.4284 176.764 53.5555
v 31.4737 176.764 53.5555
v 30.4284 176.764 53.5555
v 30.4284 176.664 53.5555
v 29.3831 176.664 53.5555
v 32.519 176.764 53.5555
v 31.4737 176.664 53.5555
v 31.4737 176.764 53.5555
v 30.4284 176.664 53.5555
v 31.4737 176.764 53.5555
v 31.4737 176.664 53.5555
v 32.519 176.764 53.5555
v 33.5643 176.764 53.5555
v 32.519 176.664 53.5555
v 32.519 176.664 53.5555
v 31.4737 176.664 53.5555
v 32.519 176.764 53.5555
v 33.5643 176.664 53.5555
v 33.5643 176.764 53.5555
v 34.6096 176.764 53.5555
v 33.5643 176.764 53.5555
v 33.5643 176.664 53.5555
v 32.519 176.664 53.5555
v 35.6549 176.764 53.5555
v 34.6096 176.664 53.5555
v 34.6096 176.764 53.5555
v 33.5643 176.664 53.5555
v 34.6096 176.764 53.5555
v 34.6096 176.664 53.5555
v 35.6549 176.664 53.5555
v 34.6096 176.664 53.5555
v 35.6549 176.764 53.5555
v 27.2925 176.664 53.5555
v 28.3378 176.764 53.5555
v 28.3378 176.664 53.5555
v 26.2472 176.664 53.5555
v 27.2925 176.764 53.5555
v 27.2925 176.664 53.5555
v 28.3378 176.764 53.5555
v 27.2925 176.664 53.5555
v 27.2925 176.764 53.5555
v 26.2472 176.664 53.5555
v 25.2019 176.664 53.5555
v 26.2472 176.764 53.5555
v 26.2472 176.764 53.5555
v 27.2925 176.764 53.5555
v 26.2472 176.664 53.5555
v 25.2019 176.764 53.5555
v 25.2019 176.664 53.5555
v 24.1566 176.664 53.5555
v 25.2019 176.664 53.5555
v 25.2019 176.764 53.5555
v 26.2472 176.764 53.5555
v 23.1113 176.664 53.5555
v 24.1566 176.764 53.5555
v 24.1566 176.664 53.5555
v 25.2019 176.764 53.5555
v 24.1566 176.664 53.5555
v 24.1566 176.764 53.5555
v 23.1113 176.664 53.5555
v 22.066 176.664 53.5555
v 23.1113 176.764 53.5555
v 23.1113 176.764 53.5555
v 24.1566 176.764 53.5555
v 23.1113 176.664 53.5555
v 22.066 176.764 53.5555
v 22.066 176.664 53.5555
v 21.0207 176.664 53.5555
v 22.066 176.664 53.5555
v 22.066 176.764 53.5555
v 23.1113 176.764 53.5555
v 22.066 176.764 53.5555
v 21.0207 176.664 53.5555
v 21.0207 176.764 53.5555
v 21.0207 176.664 63.6297
v 21.0207 176.764 64.6371
v 21.0207 176.764 63.6297
v 21.0207 176.664 63.6297
v 21.0207 176.664 64.6371
v 21.0207 176.764 64.6371
v 21.0207 176.764 63.6297
v 21.0207 176.764 62.6223
v 21.0207 176.664 62.6223
v 21.0207 176.764 61.6148
v 21.0207 176.664 61.6148
v 21.0207 176.764 62.6223
v 21.0207 176.764 61.6148
v 21.0207 176.664 60.6074
v 21.0207 176.664 61.6148
v 21.0207 176.664 61.6148
v 21.0207 176.664 62.6223
v 21.0207 176.764 62.6223
v 21.0207 176.764 60.6074
v 21.0207 176.664 60.6074
v 21.0207 176.764 61.6148
v 21.0207 176.664 62.6223
v 21.0207 176.664 63.6297
v 21.0207 176.764 63.6297
v 21.0207 176.764 60.6074
v 21.0207 176.664 59.6
v 21.0207 176.664 60.6074
v 21.0207 176.664 59.6
v 21.0207 176.764 60.6074
v 21.0207 176.764 59.6
v 21.0207 176.664 58.5926
v 21.0207 176.764 59.6
v 21.0207 176.764 58.5926
v 21.0207 176.664 58.5926
v 21.0207 176.664 59.6
v 21.0207 176.764 59.6
v 21.0207 176.664 57.5852
v 21.0207 176.664 58.5926
v 21.0207 176.764 58.5926
v 21.0207 176.764 58.5926
v 21.0207 176.764 57.5852
v 21.0207 176.664 57.5852
v 21.0207 176.764 57.5852
v 21.0207 176.764 56.5777
v 21.0207 176.664 56.5777
v 21.0207 176.764 65.6445
v 21.0207 176.764 64.6371
v 21.0207 176.664 64.6371
v 21.0207 176.764 56.5777
v 21.0207 176.764 55.5703
v 21.0207 176.664 55.5703
v 21.0207 176.664 55.5703
v 21.0207 176.664 56.5777
v 21.0207 176.764 56.5777
v 21.0207 176.664 57.5852
v 21.0207 176.764 57.5852
v 21.0207 176.664 56.5777
v 21.0207 176.764 55.5703
v 21.0207 176.664 54.5629
v 21.0207 176.664 55.5703
v 21.0207 176.664 53.5555
v 21.0207 176.664 54.5629
v 21.0207 176.764 54.5629
v 21.0207 176.764 54.5629
v 21.0207 176.664 54.5629
v 21.0207 176.764 55.5703
v 21.0207 176.664 53.5555
v 21.0207 176.764 54.5629
v 21.0207 176.764 53.5555
v 21.0207 176.764 65.6445
v 21.0207 176.664 65.6445
v 21.0207 176.764 66.652
v 21.0207 176.664 65.6445
v 21.0207 176.764 65.6445
v 21.0207 176.664 64.6371
v 21.0207 176.764 67.6594
v 21.0207 176.764 66.652
v 21.0207 176.664 66.652
v 21.0207 176.664 65.6445
v 21.0207 176.664 66.652
v 21.0207 176.764 66.652
v 21.0207 176.664 67.6594
v 21.0207 176.764 68.6668
v 21.0207 176.764 67.6594
v 21.0207 176.764 67.6594
v 21.0207 176.664 66.652
v 21.0207 176.664 67.6594
v 21.0207 176.764 68.6668
v 21.0207 176.664 68.6668
v 21.0207 176.764 69.6742
v 21.0207 176.664 68.6668
v 21.0207 176.764 68.6668
v 21.0207 176.664 67.6594
v 21.0207 176.764 70.6816
v 21.0207 176.764 69.6742
v 21.0207 176.664 69.6742
v 21.0207 176.664 68.6668
v 21.0207 176.664 69.6742
v 21.0207 176.764 69.6742
v 21.0207 176.664 70.6816
v 21.0207 176.764 71.6891
v 21.0207 176.764 70.6816
v 21.0207 176.764 70.6816
v 21.0207 176.664 69.6742
v 21.0207 176.664 70.6816
v 21.0207 176.764 71.6891
v 21.0207 176.664 71.6891
v 21.0207 176.764 72.6965
v 21.0207 176.664 71.6891
v 21.0207 176.764 71.6891
v 21.0207 176.664 70.6816
v 21.0207 176.764 73.7039
v 21.0207 176.764 72.6965
v 21.0207 176.664 72.6965
v 21.0207 176.664 71.6891
v 21.0207 176.664 72.6965
v 21.0207 176.764 72.6965
v 21.0207 176.664 73.7039
v 21.0207 176.764 74.7113
v 21.0207 176.764 73.7039
v 21.0207 176.764 73.7039
v 21.0207 176.664 72.6965
v 21.0207 176.664 73.7039
v 21.0207 176.764 74.7113
v 21.0207 176.664 74.7113
v 21.0207 176.764 75.7188
v 21.0207 176.664 74.7113
v 21.0207 176.764 74.7113
v 21.0207 176.664 73.7039
v 21.0207 176.764 76.7262
v 21.0207 176.764 75.7188
v 21.0207 176.664 75.7188
v 21.0207 176.664 74.7113
v 21.0207 176.664 75.7188
v 21.0207 176.764 75.7188
v 21.0207 176.764 76.7262
v 21.0207 176.664 75.7188
v 21.0207 176.664 76.7262
v 14.9232 176.764 76.7262
v 15.9394 176.764 76.7262
v 14.9232 176.664 76.7262
v 15.9394 176.664 76.7262
v 15.9394 176.764 76.7262
v 16.9557 176.764 76.7262
v 15.9394 176.764 76.7262
v 15.9394 176.664 76.7262
v 14.9232 176.664 76.7262
v 17.972 176.764 76.7262
v 16.9557 176.664 76.7262
v 16.9557 176.764 76.7262
v 15.9394 176.664 76.7262
v 16.9557 176.764 76.7262
v 16.9557 176.664 76.7262
v 17.972 176.764 76.7262
v 18.9882 176.764 76.7262
v 17.972 176.664 76.7262
v 17.972 176.664 76.7262
v 16.9557 176.664 76.7262
v 17.972 176.764 76.7262
v 18.9882 176.664 76.7262
v 18.9882 176.764 76.7262
v 20.0045 176.764 76.7262
v 18.9882 176.764 76.7262
v 18.9882 176.664 76.7262
v 17.972 176.664 76.7262
v 21.0207 176.764 76.7262
v 20.0045 176.664 76.7262
v 20.0045 176.764 76.7262
v 18.9882 176.664 76.7262
v 20.0045 176.764 76.7262
v 20.0045 176.664 76.7262
v 21.0207 176.664 76.7262
v 20.0045 176.664 76.7262
v 21.0207 176.764 76.7262
v 13.9069 176.664 76.7262
v 14.9232 176.764 76.7262
v 14.9232 176.664 76.7262
v 13.9069 176.664 76.7262
v 12.8907 176.664 76.7262
v 13.9069 176.764 76.7262
v 13.9069 176.764 76.7262
v 14.9232 176.764 76.7262
v 13.9069 176.664 76.7262
v 12.8907 176.764 76.7262
v 12.8907 176.664 76.7262
v 11.8744 176.664 76.7262
v 12.8907 176.664 76.7262
v 12.8907 176.764 76.7262
v 13.9069 176.764 76.7262
v 10.8581 176.664 76.7262
v 11.8744 176.764 76.7262
v 11.8744 176.664 76.7262
v 12.8907 176.764 76.7262
v 11.8744 176.664 76.7262
v 11.8744 176.764 76.7262
v 10.8581 176.664 76.7262
v 9.84188 176.664 76.7262
v 10.8581 176.764 76.7262
v 10.8581 176.764 76.7262
v 11.8744 176.764 76.7262
v 10.8581 176.664 76.7262
v 9.84188 176.764 76.7262
v 9.84188 176.664 76.7262
v 8.82562 176.664 76.7262
v 9.84188 176.664 76.7262
v 9.84188 176.764 76.7262
v 10.8581 176.764 76.7262
v 9.84188 176.764 76.7262
v 8.82562 176.664 76.7262
v 8.82562 176.764 76.7262
v 8.82562 176.764 62.6223
v 8.82562 176.664 63.6297
v 8.82562 176.664 62.6223
v 8.82562 176.764 65.6445
v 8.82562 176.664 66.652
v 8.82562 176.664 65.6445
v 8.82562 176.664 65.6445
v 8.82562 176.764 64.6371
v 8.82562 176.764 65.6445
v 8.82562 176.764 66.652
v 8.82562 176.764 67.6594
v 8.82562 176.664 67.6594
v 8.82562 176.764 66.652
v 8.82562 176.664 67.6594
v 8.82562 176.664 66.652
v 8.82562 176.664 67.6594
v 8.82562 176.764 67.6594
v 8.82562 176.664 68.6668
v 8.82562 176.664 68.6668
v 8.82562 176.764 68.6668
v 8.82562 176.664 69.6742
v 8.82562 176.664 68.6668
v 8.82562 176.764 67.6594
v 8.82562 176.764 68.6668
v 8.82562 176.764 65.6445
v 8.82562 176.764 66.652
v 8.82562 176.664 66.652
v 8.82562 176.764 69.6742
v 8.82562 176.664 69.6742
v 8.82562 176.764 68.6668
v 8.82562 176.664 72.6965
v 8.82562 176.764 71.6891
v 8.82562 176.764 72.6965
v 8.82562 176.764 69.6742
v 8.82562 176.764 70.6816
v 8.82562 176.664 70.6816
v 8.82562 176.664 72.6965
v 8.82562 176.664 71.6891
v 8.82562 176.764 71.6891
v 8.82562 176.664 71.6891
v 8.82562 176.764 70.6816
v 8.82562 176.764 71.6891
v 8.82562 176.664 70.6816
v 8.82562 176.764 70.6816
v 8.82562 176.664 71.6891
v 8.82562 176.764 69.6742
v 8.82562 176.664 70.6816
v 8.82562 176.664 69.6742
v 8.82562 176.764 72.6965
v 8.82562 176.664 73.7039
v 8.82562 176.664 72.6965
v 8.82562 176.764 74.7113
v 8.82562 176.664 74.7113
v 8.82562 176.764 73.7039
v 8.82562 176.664 75.7188
v 8.82562 176.664 74.7113
v 8.82562 176.764 74.7113
v 8.82562 176.764 75.7188
v 8.82562 176.764 76.7262
v 8.82562 176.664 76.7262
v 8.82562 176.664 74.7113
v 8.82562 176.664 73.7039
v 8.82562 176.764 73.7039
v 8.82562 176.664 75.7188
v 8.82562 176.764 74.7113
v 8.82562 176.764 75.7188
v 8.82562 176.764 75.7188
v 8.82562 176.664 76.7262
v 8.82562 176.664 75.7188
v 8.82562 176.664 73.7039
v 8.82562 176.764 72.6965
v 8.82562 176.764 73.7039
v 8.82562 176.664 64.6371
v 8.82562 176.764 64.6371
v 8.82562 176.664 65.6445
v 8.82562 176.764 63.6297
v 8.82562 176.664 64.6371
v 8.82562 176.664 63.6297
v 8.82562 176.664 64.6371
v 8.82562 176.764 63.6297
v 8.82562 176.764 64.6371
v 8.82562 176.764 62.6223
v 8.82562 176.664 62.6223
v 8.82562 176.764 61.6148
v 8.82562 176.764 63.6297
v 8.82562 176.664 63.6297
v 8.82562 176.764 62.6223
v 8.82562 176.664 61.6148
v 8.82562 176.764 60.6074
v 8.82562 176.764 61.6148
v 8.82562 176.764 61.6148
v 8.82562 176.664 62.6223
v 8.82562 176.664 61.6148
v 8.82562 176.764 60.6074
v 8.82562 176.664 60.6074
v 8.82562 176.764 59.6
v 8.82562 176.664 60.6074
v 8.82562 176.764 60.6074
v 8.82562 176.664 61.6148
v 8.82562 176.764 58.5926
v 8.82562 176.764 59.6
v 8.82562 176.664 59.6
v 8.82562 176.664 60.6074
v 8.82562 176.664 59.6
v 8.82562 176.764 59.6
v 8.82562 176.664 58.5926
v 8.82562 176.764 57.5852
v 8.82562 176.764 58.5926
v 8.82562 176.764 58.5926
v 8.82562 176.664 59.6
v 8.82562 176.664 58.5926
v 8.82562 176.764 57.5852
v 8.82562 176.664 57.5852
v 8.82562 176.764 56.5777
v 8.82562 176.664 57.5852
v 8.82562 176.764 57.5852
v 8.82562 176.664 58.5926
v 8.82562 176.764 55.5703
v 8.82562 176.764 56.5777
v 8.82562 176.664 56.5777
v 8.82562 176.664 57.5852
v 8.82562 176.664 56.5777
v 8.82562 176.764 56.5777
v 8.82562 176.664 55.5703
v 8.82562 176.764 54.5629
v 8.82562 176.764 55.5703
v 8.82562 176.764 55.5703
v 8.82562 176.664 56.5777
v 8.82562 176.664 55.5703
v 8.82562 176.764 54.5629
v 8.82562 176.664 54.5629
v 8.82562 176.764 53.5555
v 8.82562 176.664 54.5629
v 8.82562 176.764 54.5629
v 8.82562 176.664 55.5703
v 8.82562 176.664 54.5629
v 8.82562 176.664 53.5555
v 8.82562 176.764 53.5555
v -14.3451 176.664 53.5555
v -14.3451 176.764 53.5555
v -13.3377 176.764 53.5555
v -12.3303 176.764 53.5555
v -13.3377 176.664 53.5555
v -13.3377 176.764 53.5555
v -14.3451 176.664 53.5555
v -13.3377 176.764 53.5555
v -13.3377 176.664 53.5555
v -12.3303 176.764 53.5555
v -11.3228 176.764 53.5555
v -12.3303 176.664 53.5555
v -12.3303 176.664 53.5555
v -13.3377 176.664 53.5555
v -12.3303 176.764 53.5555
v -11.3228 176.664 53.5555
v -11.3228 176.764 53.5555
v -10.3154 176.764 53.5555
v -11.3228 176.764 53.5555
v -11.3228 176.664 53.5555
v -12.3303 176.664 53.5555
v -9.30799 176.764 53.5555
v -10.3154 176.664 53.5555
v -10.3154 176.764 53.5555
v -11.3228 176.664 53.5555
v -10.3154 176.764 53.5555
v -10.3154 176.664 53.5555
v -9.30799 176.764 53.5555
v -8.30057 176.764 53.5555
v -9.30799 176.664 53.5555
v -9.30799 176.664 53.5555
v -10.3154 176.664 53.5555
v -9.30799 176.764 53.5555
v -8.30057 176.664 53.5555
v -8.30057 176.764 53.5555
v -7.29315 176.764 53.5555
v -8.30057 176.764 53.5555
v -8.30057 176.664 53.5555
v -9.30799 176.664 53.5555
v -6.28572 176.764 53.5555
v -7.29315 176.664 53.5555
v -7.29315 176.764 53.5555
v -8.30057 176.664 53.5555
v -7.29315 176.764 53.5555
v -7.29315 176.664 53.5555
v -6.28572 176.764 53.5555
v -5.2783 176.764 53.5555
v -6.28572 176.664 53.5555
v -6.28572 176.664 53.5555
v -7.29315 176.664 53.5555
v -6.28572 176.764 53.5555
v -5.2783 176.664 53.5555
v -5.2783 176.764 53.5555
v -4.27088 176.764 53.5555
v -5.2783 176.764 53.5555
v -5.2783 176.664 53.5555
v -6.28572 176.664 53.5555
v -3.26345 176.764 53.5555
v -4.27088 176.664 53.5555
v -4.27088 176.764 53.5555
v -5.2783 176.664 53.5555
v -4.27088 176.764 53.5555
v -4.27088 176.664 53.5555
v -3.26345 176.764 53.5555
v -2.25603 176.764 53.5555
v -3.26345 176.664 53.5555
v -3.26345 176.664 53.5555
v -4.27088 176.664 53.5555
v -3.26345 176.764 53.5555
v -2.25603 176.664 53.5555
v -2.25603 176.764 53.5555
v -1.24861 176.764 53.5555
v -2.25603 176.764 53.5555
v -2.25603 176.664 53.5555
v -3.26345 176.664 53.5555
v -0.241184 176.764 53.5555
v -1.24861 176.664 53.5555
v -1.24861 176.764 53.5555
v -2.25603 176.664 53.5555
v -1.24861 176.764 53.5555
v -1.24861 176.664 53.5555
v -0.241184 176.764 53.5555
v 0.766239 176.764 53.5555
v -0.241184 176.664 53.5555
v -0.241184 176.664 53.5555
v -1.24861 176.664 53.5555
v -0.241184 176.764 53.5555
v 0.766239 176.664 53.5555
v 0.766239 176.764 53.5555
v 1.77366 176.764 53.5555
v 0.766239 176.764 53.5555
v 0.766239 176.664 53.5555
v -0.241184 176.664 53.5555
v 2.78109 176.764 53.5555
v 1.77366 176.664 53.5555
v 1.77366 176.764 53.5555
v 0.766239 176.664 53.5555
v 1.77366 176.764 53.5555
v 1.77366 176.664 53.5555
v 2.78109 176.764 53.5555
v 3.78851 176.764 53.5555
v 2.78109 176.664 53.5555
v 2.78109 176.664 53.5555
v 1.77366 176.664 53.5555
v 2.78109 176.764 53.5555
v 3.78851 176.664 53.5555
v 3.78851 176.764 53.5555
v 4.79593 176.764 53.5555
v 3.78851 176.764 53.5555
v 3.78851 176.664 53.5555
v 2.78109 176.664 53.5555
v 5.80336 176.764 53.5555
v 4.79593 176.664 53.5555
v 4.79593 176.764 53.5555
v 3.78851 176.664 53.5555
v 4.79593 176.764 53.5555
v 4.79593 176.664 53.5555
v 5.80336 176.764 53.5555
v 6.81078 176.764 53.5555
v 5.80336 176.664 53.5555
v 5.80336 176.664 53.5555
v 4.79593 176.664 53.5555
v 5.80336 176.764 53.5555
v 6.81078 176.664 53.5555
v 6.81078 176.764 53.5555
v 7.8182 176.764 53.5555
v 6.81078 176.764 53.5555
v 6.81078 176.664 53.5555
v 5.80336 176.664 53.5555
v 8.82562 176.764 53.5555
v 7.8182 176.664 53.5555
v 7.8182 176.764 53.5555
v 6.81078 176.664 53.5555
v 7.8182 176.764 53.5555
v 7.8182 176.664 53.5555
v 8.82562 176.664 53.5555
v 7.8182 176.664 53.5555
v 8.82562 176.764 53.5555
v -15.3525 176.664 53.5555
v -14.3451 176.764 53.5555
v -14.3451 176.664 53.5555
v -15.3525 176.764 53.5555
v -15.3525 176.664 53.5555
v -16.36 176.664 53.5555
v -15.3525 176.664 53.5555
v -15.3525 176.764 53.5555
v -14.3451 176.764 53.5555
v -17.3674 176.664 53.5555
v -16.36 176.764 53.5555
v -16.36 176.664 53.5555
v -15.3525 176.764 53.5555
v -16.36 176.664 53.5555
v -16.36 176.764 53.5555
v -17.3674 176.664 53.5555
v -18.3748 176.664 53.5555
v -17.3674 176.764 53.5555
v -17.3674 176.764 53.5555
v -16.36 176.764 53.5555
v -17.3674 176.664 53.5555
v -18.3748 176.764 53.5555
v -18.3748 176.664 53.5555
v -19.3822 176.664 53.5555
v -18.3748 176.664 53.5555
v -18.3748 176.764 53.5555
v -17.3674 176.764 53.5555
v -20.3896 176.664 53.5555
v -19.3822 176.764 53.5555
v -19.3822 176.664 53.5555
v -18.3748 176.764 53.5555
v -19.3822 176.664 53.5555
v -19.3822 176.764 53.5555
v -20.3896 176.664 53.5555
v -21.3971 176.664 53.5555
v -20.3896 176.764 53.5555
v -20.3896 176.764 53.5555
v -19.3822 176.764 53.5555
v -20.3896 176.664 53.5555
v -21.3971 176.764 53.5555
v -21.3971 176.664 53.5555
v -22.4045 176.664 53.5555
v -21.3971 176.664 53.5555
v -21.3971 176.764 53.5555
v -20.3896 176.764 53.5555
v -23.4119 176.664 53.5555
v -22.4045 176.764 53.5555
v -22.4045 176.664 53.5555
v -21.3971 176.764 53.5555
v -22.4045 176.664 53.5555
v -22.4045 176.764 53.5555
v -23.4119 176.664 53.5555
v -24.4193 176.664 53.5555
v -23.4119 176.764 53.5555
v -23.4119 176.764 53.5555
v -22.4045 176.764 53.5555
v -23.4119 176.664 53.5555
v -24.4193 176.764 53.5555
v -24.4193 176.664 53.5555
v -25.4268 176.664 53.5555
v -24.4193 176.664 53.5555
v -24.4193 176.764 53.5555
v -23.4119 176.764 53.5555
v -26.4342 176.664 53.5555
v -25.4268 176.764 53.5555
v -25.4268 176.664 53.5555
v -24.4193 176.764 53.5555
v -25.4268 176.664 53.5555
v -25.4268 176.764 53.5555
v -26.4342 176.664 53.5555
v -27.4416 176.664 53.5555
v -26.4342 176.764 53.5555
v -26.4342 176.764 53.5555
v -25.4268 176.764 53.5555
v -26.4342 176.664 53.5555
v -27.4416 176.764 53.5555
v -27.4416 176.664 53.5555
v -28.449 176.664 53.5555
v -27.4416 176.664 53.5555
v -27.4416 176.764 53.5555
v -26.4342 176.764 53.5555
v -29.4565 176.664 53.5555
v -28.449 176.764 53.5555
v -28.449 176.664 53.5555
v -27.4416 176.764 53.5555
v -28.449 176.664 53.5555
v -28.449 176.764 53.5555
v -29.4565 176.664 53.5555
v -30.4639 176.664 53.5555
v -29.4565 176.764 53.5555
v -29.4565 176.764 53.5555
v -28.449 176.764 53.5555
v -29.4565 176.664 53.5555
v -30.4639 176.764 53.5555
v -30.4639 176.664 53.5555
v -31.4713 176.664 53.5555
v -30.4639 176.664 53.5555
v -30.4639 176.764 53.5555
v -29.4565 176.764 53.5555
v -32.4787 176.664 53.5555
v -31.4713 176.764 53.5555
v -31.4713 176.664 53.5555
v -30.4639 176.764 53.5555
v -31.4713 176.664 53.5555
v -31.4713 176.764 53.5555
v -32.4787 176.664 53.5555
v -33.4861 176.664 53.5555
v -32.4787 176.764 53.5555
v -32.4787 176.764 53.5555
v -31.4713 176.764 53.5555
v -32.4787 176.664 53.5555
v -33.4861 176.764 53.5555
v -33.4861 176.664 53.5555
v -34.4936 176.664 53.5555
v -33.4861 176.664 53.5555
v -33.4861 176.764 53.5555
v -32.4787 176.764 53.5555
v -35.501 176.664 53.5555
v -34.4936 176.764 53.5555
v -34.4936 176.664 53.5555
v -33.4861 176.764 53.5555
v -34.4936 176.664 53.5555
v -34.4936 176.764 53.5555
v -35.501 176.664 53.5555
v -36.5084 176.664 53.5555
v -35.501 176.764 53.5555
v -35.501 176.764 53.5555
v -34.4936 176.764 53.5555
v -35.501 176.664 53.5555
v -36.5084 176.764 53.5555
v -36.5084 176.664 53.5555
v -37.5158 176.664 53.5555
v -36.5084 176.664 53.5555
v -36.5084 176.764 53.5555
v -35.501 176.764 53.5555
v -36.5084 176.764 53.5555
v -37.5158 176.664 53.5555
v -37.5158 176.764 53.5555
v -37.5158 176.664 48.3535
v -37.5158 176.764 47.3131
v -37.5158 176.764 48.3535
v -37.5158 176.664 48.3535
v -37.5158 176.764 48.3535
v -37.5158 176.664 49.3939
v -37.5158 176.764 49.3939
v -37.5158 176.664 49.3939
v -37.5158 176.764 48.3535
v -37.5158 176.664 51.4747
v -37.5158 176.664 50.4343
v -37.5158 176.764 50.4343
v -37.5158 176.764 49.3939
v -37.5158 176.664 50.4343
v -37.5158 176.664 49.3939
v -37.5158 176.664 51.4747
v -37.5158 176.764 51.4747
v -37.5158 176.664 52.5151
v -37.5158 176.764 50.4343
v -37.5158 176.764 51.4747
v -37.5158 176.664 51.4747
v -37.5158 176.664 53.5555
v -37.5158 176.664 52.5151
v -37.5158 176.764 52.5151
v -37.5158 176.764 52.5151
v -37.5158 176.664 52.5151
v -37.5158 176.764 51.4747
v -37.5158 176.764 53.5555
v -37.5158 176.664 53.5555
v -37.5158 176.764 52.5151
v -37.5158 176.664 50.4343
v -37.5158 176.764 49.3939
v -37.5158 176.764 50.4343
v -37.5158 176.664 48.3535
v -37.5158 176.664 47.3131
v -37.5158 176.764 47.3131
v -37.5158 176.764 46.2727
v -37.5158 176.664 47.3131
v -37.5158 176.664 46.2727
v -37.5158 176.664 47.3131
v -37.5158 176.764 46.2727
v -37.5158 176.764 47.3131
v -37.5158 176.664 45.2323
v -37.5158 176.764 45.2323
v -37.5158 176.664 46.2727
v -37.5158 176.764 46.2727
v -37.5158 176.664 46.2727
v -37.5158 176.764 45.2323
v -37.5158 176.664 45.2323
v -37.5158 176.664 44.1919
v -37.5158 176.764 44.1919
v -37.5158 176.764 44.1919
v -37.5158 176.764 45.2323
v -37.5158 176.664 45.2323
v -37.5158 176.764 43.1515
v -37.5158 176.664 44.1919
v -37.5158 176.664 43.1515
v -37.5158 176.664 44.1919
v -37.5158 176.764 43.1515
v -37.5158 176.764 44.1919
v -13.4157 176.764 12.0821
v -12.8436 176.664 11.2512
v -12.8436 176.764 11.2512
v -13.4157 176.764 12.0821
v -13.9902 176.764 12.9113
v -13.4157 176.664 12.0821
v -13.4157 176.664 12.0821
v -12.8436 176.664 11.2512
v -13.4157 176.764 12.0821
v -13.9902 176.664 12.9113
v -13.9902 176.764 12.9113
v -14.5671 176.764 13.7389
v -13.9902 176.764 12.9113
v -13.9902 176.664 12.9113
v -13.4157 176.664 12.0821
v -15.1463 176.764 14.5649
v -14.5671 176.664 13.7389
v -14.5671 176.764 13.7389
v -13.9902 176.664 12.9113
v -14.5671 176.764 13.7389
v -14.5671 176.664 13.7389
v -15.1463 176.764 14.5649
v -15.7276 176.764 15.3894
v -15.1463 176.664 14.5649
v -15.1463 176.664 14.5649
v -14.5671 176.664 13.7389
v -15.1463 176.764 14.5649
v -15.7277 176.664 15.3893
v -15.7276 176.764 15.3894
v -16.3112 176.764 16.2123
v -15.7276 176.764 15.3894
v -15.7277 176.664 15.3893
v -15.1463 176.664 14.5649
v -16.8969 176.764 17.0337
v -16.3112 176.664 16.2123
v -16.3112 176.764 16.2123
v -15.7277 176.664 15.3893
v -16.3112 176.764 16.2123
v -16.3112 176.664 16.2123
v -16.8969 176.764 17.0337
v -17.4847 176.764 17.8536
v -16.897 176.664 17.0336
v -16.897 176.664 17.0336
v -16.3112 176.664 16.2123
v -16.8969 176.764 17.0337
v -17.4847 176.664 17.8535
v -17.4847 176.764 17.8536
v -18.0746 176.764 18.672
v -17.4847 176.764 17.8536
v -17.4847 176.664 17.8535
v -16.897 176.664 17.0336
v -18.6664 176.764 19.489
v -18.0746 176.664 18.672
v -18.0746 176.764 18.672
v -17.4847 176.664 17.8535
v -18.0746 176.764 18.672
v -18.0746 176.664 18.672
v -18.6664 176.764 19.489
v -19.2602 176.764 20.3046
v -18.6664 176.664 19.489
v -18.6664 176.664 19.489
v -18.0746 176.664 18.672
v -18.6664 176.764 19.489
v -19.2602 176.664 20.3046
v -19.2602 176.764 20.3046
v -19.8559 176.764 21.1187
v -19.2602 176.764 20.3046
v -19.2602 176.664 20.3046
v -18.6664 176.664 19.489
v -20.4536 176.764 21.9314
v -19.8559 176.664 21.1187
v -19.8559 176.764 21.1187
v -19.2602 176.664 20.3046
v -19.8559 176.764 21.1187
v -19.8559 176.664 21.1187
v -20.4536 176.764 21.9314
v -21.0533 176.764 22.7426
v -20.4535 176.664 21.9314
v -20.4535 176.664 21.9314
v -19.8559 176.664 21.1187
v -20.4536 176.764 21.9314
v -21.0532 176.664 22.7426
v -21.0533 176.764 22.7426
v -21.655 176.764 23.5522
v -21.0533 176.764 22.7426
v -21.0532 176.664 22.7426
v -20.4535 176.664 21.9314
v -22.2589 176.764 24.3603
v -21.655 176.664 23.5523
v -21.655 176.764 23.5522
v -21.0532 176.664 22.7426
v -21.655 176.764 23.5522
v -21.655 176.664 23.5523
v -22.2589 176.764 24.3603
v -22.8648 176.764 25.1669
v -22.2589 176.664 24.3604
v -22.2589 176.664 24.3604
v -21.655 176.664 23.5523
v -22.2589 176.764 24.3603
v -22.8648 176.664 25.1669
v -22.8648 176.764 25.1669
v -23.473 176.764 25.9718
v -22.8648 176.764 25.1669
v -22.8648 176.664 25.1669
v -22.2589 176.664 24.3604
v -24.0833 176.764 26.775
v -23.473 176.664 25.9718
v -23.473 176.764 25.9718
v -22.8648 176.664 25.1669
v -23.473 176.764 25.9718
v -23.473 176.664 25.9718
v -24.0833 176.764 26.775
v -24.6959 176.764 27.5766
v -24.0833 176.664 26.775
v -24.0833 176.664 26.775
v -23.473 176.664 25.9718
v -24.0833 176.764 26.775
v -24.6959 176.664 27.5766
v -24.6959 176.764 27.5766
v -25.3108 176.764 28.3764
v -24.6959 176.764 27.5766
v -24.6959 176.664 27.5766
v -24.0833 176.664 26.775
v -25.9281 176.764 29.1744
v -25.3108 176.664 28.3764
v -25.3108 176.764 28.3764
v -24.6959 176.664 27.5766
v -25.3108 176.764 28.3764
v -25.3108 176.664 28.3764
v -25.9281 176.764 29.1744
v -26.5477 176.764 29.9706
v -25.928 176.664 29.1745
v -25.928 176.664 29.1745
v -25.3108 176.664 28.3764
v -25.9281 176.764 29.1744
v -26.5477 176.664 29.9706
v -26.5477 176.764 29.9706
v -27.1701 176.764 30.7647
v -26.5477 176.764 29.9706
v -26.5477 176.664 29.9706
v -25.928 176.664 29.1745
v -27.7951 176.764 31.5567
v -27.17 176.664 30.7648
v -27.1701 176.764 30.7647
v -26.5477 176.664 29.9706
v -27.1701 176.764 30.7647
v -27.17 176.664 30.7648
v -27.7951 176.764 31.5567
v -28.423 176.764 32.3463
v -27.795 176.664 31.5567
v -27.795 176.664 31.5567
v -27.17 176.664 30.7648
v -27.7951 176.764 31.5567
v -28.4229 176.664 32.3464
v -28.423 176.764 32.3463
v -29.0539 176.764 33.1335
v -28.423 176.764 32.3463
v -28.4229 176.664 32.3464
v -27.795 176.664 31.5567
v -29.688 176.764 33.9182
v -29.0538 176.664 33.1336
v -29.0539 176.764 33.1335
v -28.4229 176.664 32.3464
v -29.0539 176.764 33.1335
v -29.0538 176.664 33.1336
v -29.688 176.764 33.9182
v -30.3252 176.764 34.7002
v -29.6879 176.664 33.9183
v -29.6879 176.664 33.9183
v -29.0538 176.664 33.1336
v -29.688 176.764 33.9182
v -30.3252 176.664 34.7002
v -30.3252 176.764 34.7002
v -30.9659 176.764 35.4794
v -30.3252 176.764 34.7002
v -30.3252 176.664 34.7002
v -29.6879 176.664 33.9183
v -31.61 176.764 36.2557
v -30.9659 176.664 35.4794
v -30.9659 176.764 35.4794
v -30.3252 176.664 34.7002
v -30.9659 176.764 35.4794
v -30.9659 176.664 35.4794
v -31.61 176.764 36.2557
v -32.2576 176.764 37.0291
v -31.6102 176.664 36.2555
v -31.6102 176.664 36.2555
v -30.9659 176.664 35.4794
v -31.61 176.764 36.2557
v -32.2577 176.664 37.029
v -32.2576 176.764 37.0291
v -32.9081 176.764 37.8001
v -32.2576 176.764 37.0291
v -32.2577 176.664 37.029
v -31.6102 176.664 36.2555
v -33.5615 176.764 38.5687
v -32.9084 176.664 37.7998
v -32.9081 176.764 37.8001
v -32.2577 176.664 37.029
v -32.9081 176.764 37.8001
v -32.9084 176.664 37.7998
v -33.5615 176.764 38.5687
v -34.217 176.764 39.3354
v -33.5616 176.664 38.5685
v -33.5616 176.664 38.5685
v -32.9084 176.664 37.7998
v -33.5615 176.764 38.5687
v -34.2173 176.664 39.3352
v -34.217 176.764 39.3354
v -34.8745 176.764 40.1005
v -34.217 176.764 39.3354
v -34.2173 176.664 39.3352
v -33.5616 176.664 38.5685
v -35.5334 176.764 40.8645
v -34.8746 176.664 40.1004
v -34.8745 176.764 40.1005
v -34.2173 176.664 39.3352
v -34.8745 176.764 40.1005
v -34.8746 176.664 40.1004
v -35.5334 176.764 40.8645
v -36.1937 176.764 41.6273
v -35.5337 176.664 40.8642
v -35.5337 176.664 40.8642
v -34.8746 176.664 40.1004
v -35.5334 176.764 40.8645
v -36.1937 176.664 41.6272
v -36.1937 176.764 41.6273
v -36.8544 176.764 42.3897
v -36.1937 176.764 41.6273
v -36.1937 176.664 41.6272
v -35.5337 176.664 40.8642
v -37.5158 176.764 43.1515
v -36.8544 176.664 42.3897
v -36.8544 176.764 42.3897
v -36.1937 176.664 41.6272
v -36.8544 176.764 42.3897
v -36.8544 176.664 42.3897
v -37.5158 176.664 43.1515
v -36.8544 176.664 42.3897
v -37.5158 176.764 43.1515
v -12.2738 176.664 10.4187
v -12.8436 176.764 11.2512
v -12.8436 176.664 11.2512
v -11.7064 176.664 9.58463
v -12.2739 176.764 10.4187
v -12.2738 176.664 10.4187
v -12.8436 176.764 11.2512
v -12.2738 176.664 10.4187
v -12.2739 176.764 10.4187
v -11.7064 176.664 9.58463
v -11.1411 176.664 8.74915
v -11.7065 176.764 9.58461
v -11.7065 176.764 9.58461
v -12.2739 176.764 10.4187
v -11.7064 176.664 9.58463
v -11.1413 176.764 8.74903
v -11.1411 176.664 8.74915
v -10.5778 176.664 7.91227
v -11.1411 176.664 8.74915
v -11.1413 176.764 8.74903
v -11.7065 176.764 9.58461
v -10.0161 176.664 7.07432
v -10.5778 176.764 7.91224
v -10.5778 176.664 7.91227
v -11.1413 176.764 8.74903
v -10.5778 176.664 7.91227
v -10.5778 176.764 7.91224
v -10.0161 176.664 7.07432
v -9.45609 176.664 6.23523
v -10.0162 176.764 7.07425
v -10.0162 176.764 7.07425
v -10.5778 176.764 7.91224
v -10.0161 176.664 7.07432
v -9.45598 176.764 6.2353
v -9.45609 176.664 6.23523
v -8.89751 176.664 5.39518
v -9.45609 176.664 6.23523
v -9.45598 176.764 6.2353
v -10.0162 176.764 7.07425
v -8.34069 176.664 4.55398
v -8.89733 176.764 5.3953
v -8.89751 176.664 5.39518
v -9.45598 176.764 6.2353
v -8.89751 176.664 5.39518
v -8.89733 176.764 5.3953
v -8.34069 176.664 4.55398
v -7.78605 176.664 3.71135
v -8.3405 176.764 4.5541
v -8.3405 176.764 4.5541
v -8.89733 176.764 5.3953
v -8.34069 176.664 4.55398
v -7.78582 176.764 3.71149
v -7.78605 176.664 3.71135
v -7.23377 176.664 2.86716
v -7.78605 176.664 3.71135
v -7.78582 176.764 3.71149
v -8.3405 176.764 4.5541
v -6.68437 176.664 2.02111
v -7.23365 176.764 2.86723
v -7.23377 176.664 2.86716
v -7.78582 176.764 3.71149
v -7.23377 176.664 2.86716
v -7.23365 176.764 2.86723
v -6.68437 176.664 2.02111
v -6.13784 176.664 1.17321
v -6.68426 176.764 2.02118
v -6.68426 176.764 2.02118
v -7.23365 176.764 2.86723
v -6.68437 176.664 2.02111
v -6.13796 176.764 1.17312
v -6.13784 176.664 1.17321
v -5.59441 176.664 0.323299
v -6.13784 176.664 1.17321
v -6.13796 176.764 1.17312
v -6.68426 176.764 2.02118
v -5.05368 176.664 -0.52834
v -5.59449 176.764 0.323238
v -5.59441 176.664 0.323299
v -6.13796 176.764 1.17312
v -5.59441 176.664 0.323299
v -5.59449 176.764 0.323238
v -5.05368 176.664 -0.52834
v -4.51555 176.664 -1.38163
v -5.05384 176.764 -0.528454
v -5.05384 176.764 -0.528454
v -5.59449 176.764 0.323238
v -5.05368 176.664 -0.52834
v -4.51562 176.764 -1.38168
v -4.51555 176.664 -1.38163
v -3.97969 176.664 -2.23634
v -4.51555 176.664 -1.38163
v -4.51562 176.764 -1.38168
v -5.05384 176.764 -0.528454
v -3.44604 176.664 -3.09243
v -3.97971 176.764 -2.23636
v -3.97969 176.664 -2.23634
v -4.51562 176.764 -1.38168
v -3.97969 176.664 -2.23634
v -3.97971 176.764 -2.23636
v -3.44604 176.664 -3.09243
v -2.91462 176.664 -3.94991
v -3.44604 176.764 -3.09243
v -3.44604 176.764 -3.09243
v -3.97971 176.764 -2.23636
v -3.44604 176.664 -3.09243
v -2.91449 176.764 -3.94983
v -2.91462 176.664 -3.94991
v -2.38546 176.664 -4.80877
v -2.91462 176.664 -3.94991
v -2.91449 176.764 -3.94983
v -3.44604 176.764 -3.09243
v -1.85894 176.664 -5.66926
v -2.38544 176.764 -4.80876
v -2.38546 176.664 -4.80877
v -2.91449 176.764 -3.94983
v -2.38546 176.664 -4.80877
v -2.38544 176.764 -4.80876
v -1.85894 176.664 -5.66926
v -1.33502 176.664 -6.53133
v -1.8588 176.764 -5.66917
v -1.8588 176.764 -5.66917
v -2.38544 176.764 -4.80876
v -1.85894 176.664 -5.66926
v -1.335 176.764 -6.53132
v -1.33502 176.664 -6.53133
v -0.814121 176.664 -7.39525
v -1.33502 176.664 -6.53133
v -1.335 176.764 -6.53132
v -1.8588 176.764 -5.66917
v -0.296173 176.664 -8.26094
v -0.813938 176.764 -7.39515
v -0.814121 176.664 -7.39525
v -1.335 176.764 -6.53132
v -0.814121 176.664 -7.39525
v -0.813938 176.764 -7.39515
v -0.296173 176.664 -8.26094
v 0.2183 176.664 -9.1287
v -0.29612 176.764 -8.26092
v -0.29612 176.764 -8.26092
v -0.813938 176.764 -7.39515
v -0.296173 176.664 -8.26094
v 0.218487 176.764 -9.12861
v 0.2183 176.664 -9.1287
v 0.729363 176.664 -9.99847
v 0.2183 176.664 -9.1287
v 0.218487 176.764 -9.12861
v -0.29612 176.764 -8.26092
v 1.23652 176.664 -10.8705
v 0.729359 176.764 -9.99848
v 0.729363 176.664 -9.99847
v 0.218487 176.764 -9.12861
v 0.729363 176.664 -9.99847
v 0.729359 176.764 -9.99848
v 1.23652 176.664 -10.8705
v 1.73995 176.664 -11.7447
v 1.2365 176.764 -10.8705
v 1.2365 176.764 -10.8705
v 0.729359 176.764 -9.99848
v 1.23652 176.664 -10.8705
v 1.73974 176.764 -11.7448
v 1.73995 176.664 -11.7447
v 2.2397 176.664 -12.621
v 1.73995 176.664 -11.7447
v 1.73974 176.764 -11.7448
v 1.2365 176.764 -10.8705
v 2.73617 176.664 -13.4991
v 2.2394 176.764 -12.6211
v 2.2397 176.664 -12.621
v 1.73974 176.764 -11.7448
v 2.2397 176.664 -12.621
v 2.2394 176.764 -12.6211
v 2.73617 176.664 -13.4991
v 3.23006 176.664 -14.3788
v 2.73596 176.764 -13.4993
v 2.73596 176.764 -13.4993
v 2.2394 176.764 -12.6211
v 2.73617 176.664 -13.4991
v 3.22983 176.764 -14.3789
v 3.23006 176.664 -14.3788
v 3.72149 176.664 -15.2598
v 3.23006 176.664 -14.3788
v 3.22983 176.764 -14.3789
v 2.73596 176.764 -13.4993
v 4.21092 176.664 -16.142
v 3.72182 176.764 -15.2597
v 3.72149 176.664 -15.2598
v 3.22983 176.764 -14.3789
v 3.72149 176.664 -15.2598
v 3.72182 176.764 -15.2597
v 4.21092 176.664 -16.142
v 4.69741 176.664 -17.0257
v 4.21119 176.764 -16.1418
v 4.21119 176.764 -16.1418
v 3.72182 176.764 -15.2597
v 4.21092 176.664 -16.142
v 4.69804 176.764 -17.0254
v 4.69741 176.664 -17.0257
v 5.1805 176.664 -17.9114
v 4.69741 176.664 -17.0257
v 4.69804 176.764 -17.0254
v 4.21119 176.764 -16.1418
v 5.65898 176.664 -18.7994
v 5.18087 176.764 -17.9112
v 5.1805 176.664 -17.9114
v 4.69804 176.764 -17.0254
v 5.1805 176.664 -17.9114
v 5.18087 176.764 -17.9112
v 5.65898 176.664 -18.7994
v 6.13238 176.664 -19.6902
v 5.65897 176.764 -18.7994
v 5.65897 176.764 -18.7994
v 5.18087 176.764 -17.9112
v 5.65898 176.664 -18.7994
v 6.13237 176.764 -19.6902
v 6.13238 176.664 -19.6902
v 6.60108 176.664 -20.5835
v 6.13238 176.664 -19.6902
v 6.13237 176.764 -19.6902
v 5.65897 176.764 -18.7994
v 7.06508 176.664 -21.4792
v 6.60007 176.764 -20.584
v 6.60108 176.664 -20.5835
v 6.13237 176.764 -19.6902
v 6.60108 176.664 -20.5835
v 6.60007 176.764 -20.584
v 7.06508 176.664 -21.4792
v 7.52726 176.664 -22.3759
v 7.06489 176.764 -21.4793
v 7.06489 176.764 -21.4793
v 6.60007 176.764 -20.584
v 7.06508 176.664 -21.4792
v 7.52726 176.764 -22.3759
v 7.52726 176.664 -22.3759
v 7.98721 176.664 -23.2738
v 7.52726 176.664 -22.3759
v 7.52726 176.764 -22.3759
v 7.06489 176.764 -21.4793
v 7.52726 176.764 -22.3759
v 7.98721 176.664 -23.2738
v 7.98721 176.764 -23.2738
v -16.36 176.664 53.5555
v -17.5602 176.664 49.4535
v -15.3525 176.664 53.5555
v -10.9083 176.664 13.0898
v -13.9902 176.664 12.9113
v -13.4157 176.664 12.0821
v -10.9083 176.664 49.4535
v -14.3451 176.664 53.5555
v -17.5602 176.664 49.4535
v -5.36052 176.664 18.291
v -5.9255 176.664 19.1258
v -10.9083 176.664 13.0898
v -13.3007 176.664 42.5798
v -12.2949 176.664 42.5798
v -10.9083 176.664 49.4535
v -8.27196 176.664 42.5798
v -10.9083 176.664 49.4535
v -9.2777 176.664 42.5798
v -13.3377 176.664 53.5555
v -10.9083 176.664 49.4535
v -12.3303 176.664 53.5555
v -17.5602 176.664 49.4535
v -14.3451 176.664 53.5555
v -15.3525 176.664 53.5555
v -5.2783 176.664 53.5555
v -6.28572 176.664 53.5555
v -4.25642 176.664 49.4535
v -4.25642 176.664 49.4535
v -10.9083 176.664 49.4535
v -7.26622 176.664 42.5798
v -4.27088 176.664 53.5555
v -4.25642 176.664 49.4535
v -3.26345 176.664 53.5555
v -5.25474 176.664 42.5798
v -4.249 176.664 42.5798
v -4.25642 176.664 49.4535
v -8.30057 176.664 53.5555
v -9.30799 176.664 53.5555
v -10.9083 176.664 49.4535
v -3.26345 176.664 53.5555
v -4.25642 176.664 49.4535
v -2.25603 176.664 53.5555
v -10.9083 176.664 22.1807
v -7.0632 176.664 20.79
v -7.63589 176.664 21.6194
v -6.49308 176.664 19.9587
v -10.9083 176.664 13.0898
v -5.9255 176.664 19.1258
v 2.39547 176.664 49.4535
v -4.25642 176.664 49.4535
v -1.23178 176.664 42.5798
v -1.24861 176.664 53.5555
v 2.39547 176.664 49.4535
v -0.241184 176.664 53.5555
v -0.22604 176.664 42.5798
v 2.39547 176.664 49.4535
v -1.23178 176.664 42.5798
v -4.23838 176.664 16.6162
v -4.25642 176.664 13.0898
v -3.68153 176.664 15.776
v 0.779701 176.664 42.5798
v 2.39547 176.664 49.4535
v -0.22604 176.664 42.5798
v 2.39547 176.664 49.4535
v 0.766239 176.664 53.5555
v -0.241184 176.664 53.5555
v 3.79692 176.664 42.5798
v 4.80266 176.664 42.5798
v 2.39547 176.664 49.4535
v 2.79118 176.664 42.5798
v 2.39547 176.664 49.4535
v 1.78544 176.664 42.5798
v 3.79692 176.664 42.5798
v 2.39547 176.664 49.4535
v 2.79118 176.664 42.5798
v 9.04735 176.664 49.4535
v 2.39547 176.664 49.4535
v 5.8084 176.664 42.5798
v 5.8084 176.664 42.5798
v 6.81414 176.664 42.5798
v 9.04735 176.664 49.4535
v 9.04735 176.664 49.4535
v 6.81414 176.664 42.5798
v 7.81989 176.664 42.5798
v 15.6992 176.664 49.4535
v 15.6992 176.664 58.5444
v 8.82562 176.664 54.5629
v 15.6992 176.664 58.5444
v 15.6992 176.664 49.4535
v 21.0207 176.664 53.5555
v 8.82562 176.664 53.5555
v 15.6992 176.664 49.4535
v 8.82562 176.664 54.5629
v 15.6992 176.664 58.5444
v 21.0207 176.664 53.5555
v 21.0207 176.664 54.5629
v -3.24326 176.664 42.5798
v -2.23752 176.664 42.5798
v -4.25642 176.664 49.4535
v 15.6992 176.664 58.5444
v 21.0207 176.664 55.5703
v 21.0207 176.664 56.5777
v 15.6992 176.664 58.5444
v 8.82562 176.664 55.5703
v 8.82562 176.664 54.5629
v 15.6992 176.664 58.5444
v 21.0207 176.664 56.5777
v 21.0207 176.664 57.5852
v 15.6992 176.664 58.5444
v 8.82562 176.664 56.5777
v 8.82562 176.664 55.5703
v 21.0207 176.664 58.5926
v 21.0207 176.664 59.6
v 15.6992 176.664 58.5444
v 21.0207 176.664 59.6
v 21.0207 176.664 60.6074
v 15.6992 176.664 58.5444
v 8.82562 176.664 58.5926
v 15.6992 176.664 58.5444
v 8.82562 176.664 59.6
v 21.0207 176.664 63.6297
v 21.0207 176.664 64.6371
v 15.6992 176.664 67.6353
v 15.6992 176.664 58.5444
v 8.82562 176.664 60.6074
v 8.82562 176.664 59.6
v 15.6992 176.664 58.5444
v 21.0207 176.664 60.6074
v 21.0207 176.664 61.6148
v 8.82562 176.664 62.6223
v 15.6992 176.664 58.5444
v 8.82562 176.664 63.6297
v 15.6992 176.664 58.5444
v 21.0207 176.664 61.6148
v 21.0207 176.664 62.6223
v 15.6992 176.664 58.5444
v 8.82562 176.664 62.6223
v 8.82562 176.664 61.6148
v 15.6992 176.664 58.5444
v 21.0207 176.664 62.6223
v 15.6992 176.664 67.6353
v 8.82562 176.664 61.6148
v 8.82562 176.664 60.6074
v 15.6992 176.664 58.5444
v 15.6992 176.664 67.6353
v 21.0207 176.664 62.6223
v 21.0207 176.664 63.6297
v 8.82562 176.664 63.6297
v 15.6992 176.664 58.5444
v 15.6992 176.664 67.6353
v 15.6992 176.664 67.6353
v 21.0207 176.664 64.6371
v 21.0207 176.664 65.6445
v 15.6992 176.664 67.6353
v 8.82562 176.664 64.6371
v 8.82562 176.664 63.6297
v 21.0207 176.664 66.652
v 15.6992 176.664 67.6353
v 21.0207 176.664 65.6445
v 15.6992 176.664 67.6353
v 8.82562 176.664 65.6445
v 8.82562 176.664 64.6371
v 8.82562 176.664 68.6668
v 8.82562 176.664 67.6594
v 15.6992 176.664 67.6353
v 15.6992 176.664 67.6353
v 8.82562 176.664 66.652
v 8.82562 176.664 65.6445
v 8.82562 176.664 76.7262
v 8.82562 176.664 75.7188
v 9.84188 176.664 76.7262
v 21.0207 176.664 68.6668
v 21.0207 176.664 69.6742
v 15.6992 176.664 67.6353
v 8.82562 176.664 68.6668
v 15.6992 176.664 67.6353
v 8.82562 176.664 69.6742
v 15.6992 176.664 67.6353
v 14.9232 176.664 76.7262
v 13.9069 176.664 76.7262
v 32.519 176.664 53.5555
v 31.4737 176.664 53.5555
v 29.003 176.664 49.4535
v 8.82562 176.664 70.6816
v 8.82562 176.664 69.6742
v 15.6992 176.664 67.6353
v 32.519 176.664 53.5555
v 35.6549 176.664 50.2628
v 33.5643 176.664 53.5555
v 34.6096 176.664 53.5555
v 33.5643 176.664 53.5555
v 35.6549 176.664 51.3603
v 32.519 176.664 53.5555
v 29.003 176.664 49.4535
v 35.6549 176.664 49.1652
v 35.6549 176.664 51.3603
v 33.5643 176.664 53.5555
v 35.6549 176.664 50.2628
v 29.003 176.664 49.4535
v 32.519 176.664 42.5798
v 35.6549 176.664 46.9701
v 35.6549 176.664 49.1652
v 35.6549 176.664 50.2628
v 32.519 176.664 53.5555
v 35.6549 176.664 46.9701
v 32.519 176.664 42.5798
v 35.6549 176.664 45.8725
v 35.6549 176.664 48.0677
v 29.003 176.664 49.4535
v 35.6549 176.664 46.9701
v 35.6549 176.664 44.775
v 35.6549 176.664 45.8725
v 33.5643 176.664 42.5798
v 32.519 176.664 42.5798
v 33.5643 176.664 42.5798
v 35.6549 176.664 45.8725
v 34.6096 176.664 42.5798
v 35.6549 176.664 43.6774
v 35.6549 176.664 44.775
v 35.6549 176.664 44.775
v 33.5643 176.664 42.5798
v 34.6096 176.664 42.5798
v 35.6549 176.664 42.5798
v 35.6549 176.664 43.6774
v 34.6096 176.664 42.5798
v 35.6549 176.664 53.5555
v 34.6096 176.664 53.5555
v 35.6549 176.664 52.4579
v 35.6549 176.664 51.3603
v 35.6549 176.664 52.4579
v 34.6096 176.664 53.5555
v 30.4284 176.664 53.5555
v 29.003 176.664 49.4535
v 31.4737 176.664 53.5555
v 35.6549 176.664 49.1652
v 29.003 176.664 49.4535
v 35.6549 176.664 48.0677
v 30.4284 176.664 53.5555
v 29.3831 176.664 53.5555
v 29.003 176.664 49.4535
v 29.003 176.664 49.4535
v 31.4737 176.664 42.5798
v 32.519 176.664 42.5798
v 28.3378 176.664 53.5555
v 29.003 176.664 49.4535
v 29.3831 176.664 53.5555
v 30.4284 176.664 42.5798
v 31.4737 176.664 42.5798
v 29.003 176.664 49.4535
v 29.3831 176.664 42.5798
v 29.003 176.664 49.4535
v 28.3378 176.664 42.5798
v 29.003 176.664 49.4535
v 27.2925 176.664 53.5555
v 26.2472 176.664 53.5555
v 26.2472 176.664 53.5555
v 25.2019 176.664 53.5555
v 29.003 176.664 49.4535
v 29.003 176.664 49.4535
v 27.2925 176.664 42.5798
v 28.3378 176.664 42.5798
v 29.003 176.664 49.4535
v 25.2019 176.664 53.5555
v 22.3511 176.664 49.4535
v 27.2925 176.664 42.5798
v 29.003 176.664 49.4535
v 26.2472 176.664 42.5798
v 25.2019 176.664 53.5555
v 24.1566 176.664 53.5555
v 22.3511 176.664 49.4535
v 26.2472 176.664 42.5798
v 29.003 176.664 49.4535
v 22.3511 176.664 49.4535
v 22.3511 176.664 49.4535
v 24.1566 176.664 53.5555
v 23.1113 176.664 53.5555
v 26.2472 176.664 42.5798
v 22.3511 176.664 49.4535
v 25.2019 176.664 42.5798
v 22.066 176.664 53.5555
v 22.3511 176.664 49.4535
v 23.1113 176.664 53.5555
v 22.3511 176.664 49.4535
v 24.1566 176.664 42.5798
v 25.2019 176.664 42.5798
v 15.6992 176.664 49.4535
v 22.3511 176.664 49.4535
v 21.0207 176.664 53.5555
v 23.1113 176.664 42.5798
v 24.1566 176.664 42.5798
v 22.3511 176.664 49.4535
v 9.84188 176.664 76.7262
v 8.82562 176.664 75.7188
v 8.82562 176.664 74.7113
v 22.3511 176.664 49.4535
v 21.0207 176.664 42.5798
v 22.066 176.664 42.5798
v 10.8581 176.664 76.7262
v 9.84188 176.664 76.7262
v 8.82562 176.664 74.7113
v 8.82562 176.664 73.7039
v 10.8581 176.664 76.7262
v 8.82562 176.664 74.7113
v 8.82562 176.664 73.7039
v 11.8744 176.664 76.7262
v 10.8581 176.664 76.7262
v 8.82562 176.664 71.6891
v 12.8907 176.664 76.7262
v 11.8744 176.664 76.7262
v 11.8744 176.664 76.7262
v 8.82562 176.664 72.6965
v 8.82562 176.664 71.6891
v 8.82562 176.664 72.6965
v 11.8744 176.664 76.7262
v 8.82562 176.664 73.7039
v 12.8907 176.664 76.7262
v 8.82562 176.664 71.6891
v 15.6992 176.664 67.6353
v 8.82562 176.664 70.6816
v 15.6992 176.664 67.6353
v 8.82562 176.664 71.6891
v 21.0207 176.664 54.5629
v 21.0207 176.664 55.5703
v 15.6992 176.664 58.5444
v 13.9069 176.664 76.7262
v 12.8907 176.664 76.7262
v 15.6992 176.664 67.6353
v 15.6992 176.664 67.6353
v 21.0207 176.664 70.6816
v 21.0207 176.664 71.6891
v 21.0207 176.664 69.6742
v 21.0207 176.664 70.6816
v 15.6992 176.664 67.6353
v 16.9557 176.664 76.7262
v 15.9394 176.664 76.7262
v 15.6992 176.664 67.6353
v 17.972 176.664 76.7262
v 16.9557 176.664 76.7262
v 21.0207 176.664 71.6891
v 21.0207 176.664 71.6891
v 16.9557 176.664 76.7262
v 15.6992 176.664 67.6353
v 15.6992 176.664 67.6353
v 15.9394 176.664 76.7262
v 14.9232 176.664 76.7262
v 17.972 176.664 76.7262
v 21.0207 176.664 71.6891
v 21.0207 176.664 72.6965
v 21.0207 176.664 73.7039
v 21.0207 176.664 74.7113
v 18.9882 176.664 76.7262
v 17.972 176.664 76.7262
v 21.0207 176.664 73.7039
v 18.9882 176.664 76.7262
v 21.0207 176.664 74.7113
v 20.0045 176.664 76.7262
v 18.9882 176.664 76.7262
v 21.0207 176.664 75.7188
v 21.0207 176.664 76.7262
v 20.0045 176.664 76.7262
v 21.0207 176.664 74.7113
v 21.0207 176.664 75.7188
v 20.0045 176.664 76.7262
v -17.5602 176.664 49.4535
v -16.36 176.664 53.5555
v -17.3674 176.664 53.5555
v 21.0207 176.664 73.7039
v 17.972 176.664 76.7262
v 21.0207 176.664 72.6965
v -16.3179 176.664 42.5798
v -17.5602 176.664 49.4535
v -17.3236 176.664 42.5798
v -10.9083 176.664 22.1807
v -16.897 176.664 17.0336
v -16.3112 176.664 16.2123
v -18.3294 176.664 42.5798
v -17.3236 176.664 42.5798
v -17.5602 176.664 49.4535
v -17.5602 176.664 22.1807
v -11.7179 176.664 27.3743
v -12.3112 176.664 28.1891
v -17.5602 176.664 31.2716
v -17.5602 176.664 22.1807
v -13.505 176.664 29.8136
v -17.5602 176.664 49.4535
v -19.3822 176.664 53.5555
v -20.3896 176.664 53.5555
v -17.5602 176.664 49.4535
v -19.3351 176.664 42.5798
v -18.3294 176.664 42.5798
v -17.5602 176.664 31.2716
v -13.505 176.664 29.8136
v -14.1055 176.664 30.6232
v -20.3896 176.664 53.5555
v -21.3971 176.664 53.5555
v -17.5602 176.664 49.4535
v -19.3351 176.664 42.5798
v -17.5602 176.664 49.4535
v -20.3408 176.664 42.5798
v -21.0532 176.664 22.7426
v -20.4535 176.664 21.9314
v -17.5602 176.664 22.1807
v -17.5602 176.664 49.4535
v -21.3971 176.664 53.5555
v -24.2121 176.664 49.4535
v -17.1417 176.664 34.6457
v -17.5602 176.664 31.2716
v -16.53 176.664 33.8446
v -17.5602 176.664 31.2716
v -23.473 176.664 25.9718
v -22.8648 176.664 25.1669
v -24.2121 176.664 49.4535
v -20.3408 176.664 42.5798
v -17.5602 176.664 49.4535
v -21.3971 176.664 53.5555
v -22.4045 176.664 53.5555
v -24.2121 176.664 49.4535
v -23.473 176.664 25.9718
v -17.5602 176.664 31.2716
v -24.2121 176.664 31.2716
v -24.2121 176.664 49.4535
v -22.4045 176.664 53.5555
v -23.4119 176.664 53.5555
v -20.3408 176.664 42.5798
v -24.2121 176.664 49.4535
v -21.3466 176.664 42.5798
v -24.2121 176.664 31.2716
v -27.17 176.664 30.7648
v -26.5477 176.664 29.9706
v -24.2121 176.664 40.3626
v -24.2121 176.664 31.2716
v -20.8561 176.664 39.4183
v -24.4193 176.664 53.5555
v -24.2121 176.664 49.4535
v -23.4119 176.664 53.5555
v -22.3523 176.664 42.5798
v -21.3466 176.664 42.5798
v -24.2121 176.664 49.4535
v -20.4535 176.664 21.9314
v -19.8559 176.664 21.1187
v -17.5602 176.664 22.1807
v -22.106 176.664 40.9999
v -22.7317 176.664 41.7901
v -24.2121 176.664 40.3626
v -24.2121 176.664 40.3626
v -29.6879 176.664 33.9183
v -29.0538 176.664 33.1336
v -23.3581 176.664 42.5798
v -22.3523 176.664 42.5798
v -24.2121 176.664 49.4535
v -27.4416 176.664 53.5555
v -24.2121 176.664 49.4535
v -26.4342 176.664 53.5555
v -24.2121 176.664 40.3626
v -30.864 176.664 40.3626
v -29.6879 176.664 33.9183
v -28.449 176.664 53.5555
v -30.864 176.664 49.4535
v -27.4416 176.664 53.5555
v -29.6879 176.664 33.9183
v -30.864 176.664 40.3626
v -30.3252 176.664 34.7002
v -30.9659 176.664 35.4794
v -30.3252 176.664 34.7002
v -30.864 176.664 40.3626
v -29.4565 176.664 53.5555
v -30.864 176.664 49.4535
v -28.449 176.664 53.5555
v -31.6102 176.664 36.2555
v -30.9659 176.664 35.4794
v -30.864 176.664 40.3626
v -11.7179 176.664 27.3743
v -17.5602 176.664 22.1807
v -10.9083 176.664 22.1807
v -23.3581 176.664 42.5798
v -30.864 176.664 40.3626
v -24.2121 176.664 40.3626
v -30.864 176.664 49.4535
v -24.2121 176.664 49.4535
v -27.4416 176.664 53.5555
v -30.864 176.664 40.3626
v -32.9084 176.664 37.7998
v -32.2577 176.664 37.029
v -23.3581 176.664 42.5798
v -30.864 176.664 49.4535
v -30.864 176.664 40.3626
v -16.3179 176.664 42.5798
v -15.3121 176.664 42.5798
v -17.5602 176.664 49.4535
v -30.864 176.664 49.4535
v -29.4565 176.664 53.5555
v -30.4639 176.664 53.5555
v -30.864 176.664 40.3626
v -34.8746 176.664 40.1004
v -34.2173 176.664 39.3352
v -30.864 176.664 40.3626
v -34.2173 176.664 39.3352
v -33.5616 176.664 38.5685
v -34.8746 176.664 40.1004
v -30.864 176.664 40.3626
v -35.5337 176.664 40.8642
v -17.5602 176.664 49.4535
v -15.3121 176.664 42.5798
v -14.3064 176.664 42.5798
v -30.864 176.664 49.4535
v -32.4787 176.664 53.5555
v -33.4861 176.664 53.5555
v -30.864 176.664 49.4535
v -31.4713 176.664 53.5555
v -32.4787 176.664 53.5555
v -30.864 176.664 49.4535
v -37.5158 176.664 46.2727
v -37.5158 176.664 45.2323
v -14.3064 176.664 42.5798
v -10.9083 176.664 49.4535
v -17.5602 176.664 49.4535
v -13.3007 176.664 42.5798
v -10.9083 176.664 49.4535
v -14.3064 176.664 42.5798
v -37.5158 176.664 43.1515
v -36.8544 176.664 42.3897
v -37.5158 176.664 44.1919
v -12.2949 176.664 42.5798
v -11.2892 176.664 42.5798
v -10.9083 176.664 49.4535
v -35.5337 176.664 40.8642
v -30.864 176.664 49.4535
v -36.1937 176.664 41.6272
v -36.8544 176.664 42.3897
v -37.5158 176.664 45.2323
v -37.5158 176.664 44.1919
v -36.8544 176.664 42.3897
v -36.1937 176.664 41.6272
v -37.5158 176.664 45.2323
v -30.864 176.664 49.4535
v -37.5158 176.664 45.2323
v -36.1937 176.664 41.6272
v -13.3377 176.664 53.5555
v -14.3451 176.664 53.5555
v -10.9083 176.664 49.4535
v -30.864 176.664 49.4535
v -37.5158 176.664 47.3131
v -37.5158 176.664 46.2727
v -11.2892 176.664 42.5798
v -10.2834 176.664 42.5798
v -10.9083 176.664 49.4535
v -34.4936 176.664 53.5555
v -30.864 176.664 49.4535
v -33.4861 176.664 53.5555
v -10.2834 176.664 42.5798
v -9.2777 176.664 42.5798
v -10.9083 176.664 49.4535
v -9.30799 176.664 53.5555
v -10.3154 176.664 53.5555
v -10.9083 176.664 49.4535
v -37.5158 176.664 47.3131
v -30.864 176.664 49.4535
v -37.5158 176.664 48.3535
v -10.9083 176.664 13.0898
v -10.0161 176.664 7.07432
v -4.25642 176.664 13.0898
v -37.5158 176.664 49.3939
v -30.864 176.664 49.4535
v -34.4936 176.664 53.5555
v -8.27196 176.664 42.5798
v -7.26622 176.664 42.5798
v -10.9083 176.664 49.4535
v -37.5158 176.664 48.3535
v -30.864 176.664 49.4535
v -37.5158 176.664 49.3939
v -34.4936 176.664 53.5555
v -37.5158 176.664 50.4343
v -37.5158 176.664 49.3939
v -10.9083 176.664 49.4535
v -4.25642 176.664 49.4535
v -7.29315 176.664 53.5555
v -37.5158 176.664 50.4343
v -34.4936 176.664 53.5555
v -35.501 176.664 53.5555
v -4.25642 176.664 3.99892
v -8.34069 176.664 4.55398
v -7.78605 176.664 3.71135
v -35.501 176.664 53.5555
v -37.5158 176.664 51.4747
v -37.5158 176.664 50.4343
v -7.26622 176.664 42.5798
v -6.26048 176.664 42.5798
v -4.25642 176.664 49.4535
v -6.26048 176.664 42.5798
v -5.25474 176.664 42.5798
v -4.25642 176.664 49.4535
v -7.29315 176.664 53.5555
v -8.30057 176.664 53.5555
v -10.9083 176.664 49.4535
v -36.5084 176.664 53.5555
v -37.5158 176.664 52.5151
v -37.5158 176.664 51.4747
v -37.5158 176.664 51.4747
v -35.501 176.664 53.5555
v -36.5084 176.664 53.5555
v -37.5158 176.664 53.5555
v -37.5158 176.664 52.5151
v -36.5084 176.664 53.5555
v -7.29315 176.664 53.5555
v -4.25642 176.664 49.4535
v -6.28572 176.664 53.5555
v -4.25642 176.664 13.0898
v -0.943325 176.664 11.5451
v -1.48442 176.664 12.3955
v -0.943325 176.664 11.5451
v -4.25642 176.664 13.0898
v -4.25642 176.664 3.99892
v 8.82562 176.664 33.4834
v 15.6992 176.664 31.2716
v 8.82562 176.664 34.4941
v -4.25642 176.664 3.99892
v -0.405155 176.664 10.6929
v -0.943325 176.664 11.5451
v 21.0207 176.664 34.4748
v 21.0207 176.664 35.4879
v 15.6992 176.664 31.2716
v 8.82562 176.664 35.5048
v 15.6992 176.664 31.2716
v 15.6992 176.664 40.3626
v 21.0207 176.664 34.4748
v 15.6992 176.664 31.2716
v 21.0207 176.664 33.4617
v 21.0207 176.664 33.4617
v 15.6992 176.664 31.2716
v 21.0207 176.664 32.4485
v -0.405155 176.664 10.6929
v -4.25642 176.664 3.99892
v 0.13002 176.664 9.83873
v 15.6992 176.664 31.2716
v 8.82562 176.664 32.4727
v 8.82562 176.664 31.4619
v -5.05368 176.664 -0.52834
v -4.25642 176.664 3.99892
v -5.59441 176.664 0.323299
v 21.0207 176.664 31.4354
v 21.0207 176.664 32.4485
v 15.6992 176.664 31.2716
v -4.25642 176.664 3.99892
v -5.05368 176.664 -0.52834
v -4.51555 176.664 -1.38163
v 21.0207 176.664 29.4091
v 21.0207 176.664 30.4223
v 15.6992 176.664 31.2716
v 15.6992 176.664 31.2716
v 8.82562 176.664 29.4405
v 8.82562 176.664 28.4298
v 15.6992 176.664 31.2716
v 21.0207 176.664 28.396
v 21.0207 176.664 29.4091
v 21.0207 176.664 28.396
v 15.6992 176.664 31.2716
v 21.0207 176.664 27.3829
v 8.82562 176.664 26.4083
v 8.82562 176.664 25.3976
v 15.6992 176.664 22.1807
v 21.0207 176.664 27.3829
v 15.6992 176.664 31.2716
v 21.0207 176.664 26.3697
v 15.6992 176.664 22.1807
v 8.82562 176.664 25.3976
v 8.82562 176.664 24.3869
v 21.0207 176.664 26.3697
v 15.6992 176.664 31.2716
v 15.6992 176.664 22.1807
v 21.0207 176.664 25.3566
v 21.0207 176.664 26.3697
v 15.6992 176.664 22.1807
v 21.0207 176.664 22.3172
v 21.0207 176.664 23.3303
v 15.6992 176.664 22.1807
v 15.6992 176.664 31.2716
v 8.82562 176.664 26.4083
v 15.6992 176.664 22.1807
v 15.6992 176.664 22.1807
v 21.0207 176.664 20.2909
v 21.0207 176.664 21.3041
v 8.82562 176.664 23.3762
v 8.82562 176.664 22.3655
v 15.6992 176.664 22.1807
v 8.82562 176.664 19.3333
v 8.82562 176.664 18.3226
v 15.6992 176.664 22.1807
v 21.0207 176.664 19.2778
v 15.6992 176.664 22.1807
v 21.0207 176.664 18.2647
v 21.0207 176.664 19.2778
v 21.0207 176.664 20.2909
v 15.6992 176.664 22.1807
v 21.0207 176.664 17.2515
v 21.0207 176.664 18.2647
v 15.6992 176.664 22.1807
v 8.82562 176.664 17.3119
v 15.6992 176.664 22.1807
v 8.82562 176.664 18.3226
v 15.6992 176.664 13.0898
v 8.82562 176.664 16.3011
v 8.82562 176.664 15.2904
v 15.6992 176.664 13.0898
v 8.82562 176.664 15.2904
v 8.82562 176.664 14.2797
v 21.0207 176.664 16.2384
v 21.0207 176.664 17.2515
v 15.6992 176.664 13.0898
v 15.6992 176.664 13.0898
v 15.6992 176.664 22.1807
v 8.82562 176.664 17.3119
v 21.0207 176.664 14.2121
v 21.0207 176.664 15.2253
v 15.6992 176.664 13.0898
v 21.0207 176.664 14.2121
v 15.6992 176.664 13.0898
v 21.0207 176.664 13.199
v -4.25642 176.664 13.0898
v -2.02893 176.664 13.2437
v -2.57663 176.664 14.0899
v 21.0207 176.664 11.1727
v 21.0207 176.664 12.1859
v 15.6992 176.664 13.0898
v 15.6992 176.664 13.0898
v 8.82562 176.664 11.2475
v 8.82562 176.664 10.2368
v 21.0207 176.664 10.1596
v 21.0207 176.664 11.1727
v 15.6992 176.664 13.0898
v 21.0207 176.664 8.13332
v 21.0207 176.664 9.14646
v 15.6992 176.664 13.0898
v 8.82562 176.664 8.21539
v 15.6992 176.664 13.0898
v 8.82562 176.664 9.22611
v 8.82562 176.664 7.20467
v 15.6992 176.664 3.99892
v 8.82562 176.664 8.21539
v 15.6992 176.664 3.99892
v 8.82562 176.664 6.19395
v 8.82562 176.664 5.18323
v 21.0207 176.664 7.12019
v 21.0207 176.664 8.13332
v 15.6992 176.664 3.99892
v 8.82562 176.664 4.17251
v 15.6992 176.664 3.99892
v 8.82562 176.664 5.18323
v 15.6992 176.664 3.99892
v 21.0207 176.664 6.10705
v 21.0207 176.664 7.12019
v 15.6992 176.664 3.99892
v 21.0207 176.664 2.05452
v 21.0207 176.664 3.06765
v 21.0207 176.664 6.10705
v 15.6992 176.664 3.99892
v 21.0207 176.664 5.09392
v 15.6992 176.664 3.99892
v 8.82562 176.664 2.15107
v 8.82562 176.664 1.14035
v 21.0207 176.664 1.04139
v 15.6992 176.664 3.99892
v 21.0207 176.664 0.0282552
v 21.0207 176.664 1.04139
v 21.0207 176.664 2.05452
v 15.6992 176.664 3.99892
v 21.0207 176.664 -0.984875
v 21.0207 176.664 0.0282552
v 15.6992 176.664 3.99892
v 8.82562 176.664 -0.881085
v 15.6992 176.664 3.99892
v 8.82562 176.664 0.129635
v 15.6992 176.664 -5.09199
v 21.0207 176.664 -0.984875
v 15.6992 176.664 3.99892
v 8.82562 176.664 -1.8918
v 15.6992 176.664 -5.09199
v 8.82562 176.664 -0.881085
v 15.6992 176.664 -5.09199
v 8.82562 176.664 -2.90252
v 8.82562 176.664 -3.91324
v 2.39547 176.664 -5.09199
v 4.83603 176.664 2.08333
v 2.39547 176.664 3.99892
v 15.6992 176.664 -5.09199
v 15.6992 176.664 3.99892
v 8.82562 176.664 -0.881085
v 21.0207 176.664 -4.02428
v 21.0207 176.664 -3.01114
v 15.6992 176.664 -5.09199
v 21.0207 176.664 -4.02428
v 15.6992 176.664 -5.09199
v 21.0207 176.664 -5.03741
v -0.814121 176.664 -7.39525
v 2.39547 176.664 -5.09199
v -1.33502 176.664 -6.53133
v 15.6992 176.664 -5.09199
v 21.0207 176.664 -10.1031
v 21.0207 176.664 -9.08995
v 15.6992 176.664 -5.09199
v 15.6992 176.664 -14.1829
v 21.0207 176.664 -10.1031
v 9.04735 176.664 -14.1829
v 10.9949 176.664 -23.2738
v 11.9975 176.664 -23.2738
v 11.9975 176.664 -23.2738
v 15.6992 176.664 -14.1829
v 9.04735 176.664 -14.1829
v 7.06508 176.664 -21.4792
v 9.99237 176.664 -23.2738
v 9.04735 176.664 -14.1829
v 9.04735 176.664 -14.1829
v 6.60108 176.664 -20.5835
v 7.06508 176.664 -21.4792
v 8.98979 176.664 -23.2738
v 9.99237 176.664 -23.2738
v 7.06508 176.664 -21.4792
v 9.04735 176.664 -14.1829
v 9.99237 176.664 -23.2738
v 10.9949 176.664 -23.2738
v 7.06508 176.664 -21.4792
v 7.52726 176.664 -22.3759
v 8.98979 176.664 -23.2738
v 21.0207 176.664 -8.07681
v 21.0207 176.664 -7.06368
v 15.6992 176.664 -5.09199
v 8.98979 176.664 -23.2738
v 7.52726 176.664 -22.3759
v 7.98721 176.664 -23.2738
v 21.0207 176.664 -8.07681
v 15.6992 176.664 -5.09199
v 21.0207 176.664 -9.08995
v 21.0207 176.664 -13.1425
v 15.6992 176.664 -14.1829
v 21.0207 176.664 -14.1556
v 21.0207 176.664 -10.1031
v 15.6992 176.664 -14.1829
v 21.0207 176.664 -11.1162
v 16.0078 176.664 -23.2738
v 15.6992 176.664 -14.1829
v 15.0053 176.664 -23.2738
v 21.0207 176.664 -13.1425
v 21.0207 176.664 -12.1293
v 15.6992 176.664 -14.1829
v 21.0207 176.664 -14.1556
v 15.6992 176.664 -14.1829
v 21.0207 176.664 -15.1687
v 17.0104 176.664 -23.2738
v 15.6992 176.664 -14.1829
v 16.0078 176.664 -23.2738
v 15.6992 176.664 -14.1829
v 21.0207 176.664 -16.1819
v 21.0207 176.664 -15.1687
v 21.0207 176.664 -18.2081
v 15.6992 176.664 -14.1829
v 17.0104 176.664 -23.2738
v 21.0207 176.664 -16.1819
v 15.6992 176.664 -14.1829
v 21.0207 176.664 -17.195
v 21.0207 176.664 -18.2081
v 17.0104 176.664 -23.2738
v 18.013 176.664 -23.2738
v 21.0207 176.664 -18.2081
v 21.0207 176.664 -17.195
v 15.6992 176.664 -14.1829
v 18.013 176.664 -23.2738
v 21.0207 176.664 -20.2344
v 21.0207 176.664 -19.2213
v 21.0207 176.664 -18.2081
v 18.013 176.664 -23.2738
v 21.0207 176.664 -19.2213
v 21.0207 176.664 -20.2344
v 19.0156 176.664 -23.2738
v 21.0207 176.664 -21.2475
v 19.0156 176.664 -23.2738
v 21.0207 176.664 -20.2344
v 18.013 176.664 -23.2738
v 21.0207 176.664 -22.2607
v 21.0207 176.664 -21.2475
v 20.0182 176.664 -23.2738
v 19.0156 176.664 -23.2738
v 20.0182 176.664 -23.2738
v 21.0207 176.664 -21.2475
v 21.0207 176.664 -23.2738
v 21.0207 176.664 -22.2607
v 20.0182 176.664 -23.2738
v -24.2121 176.664 31.2716
v -19.6106 176.664 37.8331
v -20.2326 176.664 38.6263
v -17.5602 176.664 31.2716
v -18.3719 176.664 36.2427
v -24.2121 176.664 31.2716
v -19.6106 176.664 37.8331
v -24.2121 176.664 31.2716
v -18.9903 176.664 37.0387
v -17.5602 176.664 22.1807
v -16.897 176.664 17.0336
v -10.9083 176.664 22.1807
v -9.36967 176.664 24.0969
v -10.9083 176.664 22.1807
v -8.78911 176.664 23.2729
v -17.7557 176.664 35.4451
v -18.3719 176.664 36.2427
v -17.5602 176.664 31.2716
v -8.78911 176.664 23.2729
v -10.9083 176.664 22.1807
v -8.2112 176.664 22.4471
v -17.5602 176.664 31.2716
v -22.8648 176.664 25.1669
v -22.2589 176.664 24.3604
v -15.1463 176.664 14.5649
v -10.9083 176.664 13.0898
v -10.9083 176.664 22.1807
v -15.9204 176.664 33.0418
v -17.5602 176.664 31.2716
v -15.3132 176.664 32.2373
v -12.8436 176.664 11.2512
v -10.9083 176.664 13.0898
v -13.4157 176.664 12.0821
v -4.79812 176.664 17.4545
v -10.9083 176.664 13.0898
v -4.25642 176.664 13.0898
v -19.8559 176.664 21.1187
v -19.2602 176.664 20.3046
v -17.5602 176.664 22.1807
v -10.0161 176.664 7.07432
v -10.9083 176.664 13.0898
v -10.5778 176.664 7.91227
v -17.5602 176.664 22.1807
v -12.3112 176.664 28.1891
v -12.907 176.664 29.0022
v -10.0161 176.664 7.07432
v -9.45609 176.664 6.23523
v -4.25642 176.664 13.0898
v -17.5602 176.664 22.1807
v -18.0746 176.664 18.672
v -17.4847 176.664 17.8535
v -4.25642 176.664 3.99892
v -8.89751 176.664 5.39518
v -8.34069 176.664 4.55398
v -10.9083 176.664 22.1807
v -11.127 176.664 26.5577
v -11.7179 176.664 27.3743
v -7.78605 176.664 3.71135
v -7.23377 176.664 2.86716
v -4.25642 176.664 3.99892
v 21.0207 176.664 35.4879
v 15.6992 176.664 40.3626
v 15.6992 176.664 31.2716
v -9.95287 176.664 24.919
v -10.9083 176.664 22.1807
v -9.36967 176.664 24.0969
v 15.6992 176.664 31.2716
v 8.82562 176.664 35.5048
v 8.82562 176.664 34.4941
v 21.0207 176.664 35.4879
v 21.0207 176.664 36.5011
v 15.6992 176.664 40.3626
v 15.6992 176.664 40.3626
v 8.82562 176.664 36.5155
v 8.82562 176.664 35.5048
v -4.25642 176.664 49.4535
v -2.23752 176.664 42.5798
v -1.23178 176.664 42.5798
v -10.9083 176.664 22.1807
v -10.9083 176.664 13.0898
v -7.0632 176.664 20.79
v 21.0207 176.664 36.5011
v 21.0207 176.664 37.5142
v 15.6992 176.664 40.3626
v -1.24861 176.664 53.5555
v -4.25642 176.664 49.4535
v 2.39547 176.664 49.4535
v -4.25642 176.664 49.4535
v -1.24861 176.664 53.5555
v -2.25603 176.664 53.5555
v 8.82562 176.664 37.5263
v 8.82562 176.664 36.5155
v 15.6992 176.664 40.3626
v -5.36052 176.664 18.291
v -10.9083 176.664 13.0898
v -4.79812 176.664 17.4545
v 15.6992 176.664 40.3626
v 21.0207 176.664 37.5142
v 21.0207 176.664 38.5273
v 8.82562 176.664 37.5263
v 15.6992 176.664 40.3626
v 8.82562 176.664 38.537
v 0.779701 176.664 42.5798
v 1.78544 176.664 42.5798
v 2.39547 176.664 49.4535
v 15.6992 176.664 40.3626
v 21.0207 176.664 38.5273
v 21.0207 176.664 39.5405
v 4.80266 176.664 42.5798
v 5.8084 176.664 42.5798
v 2.39547 176.664 49.4535
v 2.78109 176.664 53.5555
v 2.39547 176.664 49.4535
v 3.78851 176.664 53.5555
v 21.0207 176.664 41.5667
v 15.6992 176.664 40.3626
v 21.0207 176.664 40.5536
v 8.82562 176.664 41.5691
v 8.82562 176.664 40.5584
v 15.6992 176.664 40.3626
v 4.79593 176.664 53.5555
v 3.78851 176.664 53.5555
v 2.39547 176.664 49.4535
v 15.6992 176.664 40.3626
v 21.0207 176.664 41.5667
v 21.0207 176.664 42.5798
v 15.6992 176.664 49.4535
v 8.82562 176.664 42.5798
v 15.6992 176.664 40.3626
v 2.39547 176.664 49.4535
v 9.04735 176.664 49.4535
v 5.80336 176.664 53.5555
v 5.80336 176.664 53.5555
v 4.79593 176.664 53.5555
v 2.39547 176.664 49.4535
v 7.81989 176.664 42.5798
v 8.82562 176.664 42.5798
v 9.04735 176.664 49.4535
v 5.80336 176.664 53.5555
v 9.04735 176.664 49.4535
v 6.81078 176.664 53.5555
v 9.04735 176.664 49.4535
v 7.8182 176.664 53.5555
v 6.81078 176.664 53.5555
v 8.82562 176.664 42.5798
v 8.82562 176.664 41.5691
v 15.6992 176.664 40.3626
v 15.6992 176.664 49.4535
v 15.6992 176.664 40.3626
v 21.0207 176.664 42.5798
v 15.6992 176.664 31.2716
v 8.82562 176.664 33.4834
v 8.82562 176.664 32.4727
v 1.7205 176.664 7.26686
v -4.25642 176.664 3.99892
v 2.39547 176.664 3.99892
v 1.19271 176.664 8.12563
v -4.25642 176.664 3.99892
v 1.7205 176.664 7.26686
v 15.6992 176.664 31.2716
v 8.82562 176.664 27.4191
v 8.82562 176.664 26.4083
v 15.6992 176.664 31.2716
v 8.82562 176.664 28.4298
v 8.82562 176.664 27.4191
v -3.97969 176.664 -2.23634
v 2.39547 176.664 3.99892
v -4.25642 176.664 3.99892
v 3.29056 176.664 4.68241
v 2.76973 176.664 5.54541
v 2.39547 176.664 3.99892
v 8.82562 176.664 23.3762
v 15.6992 176.664 22.1807
v 8.82562 176.664 24.3869
v 2.39547 176.664 3.99892
v 3.80901 176.664 3.81797
v 3.29056 176.664 4.68241
v 21.0207 176.664 23.3303
v 21.0207 176.664 24.3435
v 15.6992 176.664 22.1807
v 21.0207 176.664 24.3435
v 21.0207 176.664 25.3566
v 15.6992 176.664 22.1807
v 3.80901 176.664 3.81797
v 2.39547 176.664 3.99892
v 4.32414 176.664 2.9516
v -1.85894 176.664 -5.66926
v 2.39547 176.664 -5.09199
v -2.38546 176.664 -4.80877
v 2.39547 176.664 -5.09199
v 2.39547 176.664 3.99892
v -2.91462 176.664 -3.94991
v 8.82562 176.664 19.3333
v 15.6992 176.664 22.1807
v 8.82562 176.664 20.344
v -1.85894 176.664 -5.66926
v -1.33502 176.664 -6.53133
v 2.39547 176.664 -5.09199
v 15.6992 176.664 13.0898
v 8.82562 176.664 17.3119
v 8.82562 176.664 16.3011
v 5.34445 176.664 1.21304
v 4.83603 176.664 2.08333
v 2.39547 176.664 -5.09199
v 5.34445 176.664 1.21304
v 2.39547 176.664 -5.09199
v 5.84887 176.664 0.340427
v 15.6992 176.664 22.1807
v 15.6992 176.664 13.0898
v 21.0207 176.664 17.2515
v 15.6992 176.664 13.0898
v 21.0207 176.664 15.2253
v 21.0207 176.664 16.2384
v -3.12749 176.664 14.934
v -3.68153 176.664 15.776
v -4.25642 176.664 13.0898
v 6.35023 176.664 -0.533947
v 5.84887 176.664 0.340427
v 2.39547 176.664 -5.09199
v 0.2183 176.664 -9.1287
v 0.729363 176.664 -9.99847
v 2.39547 176.664 -5.09199
v 8.82562 176.664 13.269
v 15.6992 176.664 13.0898
v 8.82562 176.664 14.2797
v -1.48442 176.664 12.3955
v -2.02893 176.664 13.2437
v -4.25642 176.664 13.0898
v 2.39547 176.664 -5.09199
v 7.34477 176.664 -2.28742
v 6.84866 176.664 -1.41002
v 8.82562 176.664 10.2368
v 8.82562 176.664 9.22611
v 15.6992 176.664 13.0898
v -4.25642 176.664 3.99892
v -4.25642 176.664 13.0898
v -8.89751 176.664 5.39518
v 0.729363 176.664 -9.99847
v 1.23652 176.664 -10.8705
v 2.39547 176.664 -5.09199
v 1.73995 176.664 -11.7447
v 2.39547 176.664 -5.09199
v 1.23652 176.664 -10.8705
v 21.0207 176.664 9.14646
v 21.0207 176.664 10.1596
v 15.6992 176.664 13.0898
v -6.68437 176.664 2.02111
v -4.25642 176.664 3.99892
v -7.23377 176.664 2.86716
v 21.0207 176.664 8.13332
v 15.6992 176.664 13.0898
v 15.6992 176.664 3.99892
v 0.662571 176.664 8.98294
v 0.13002 176.664 9.83873
v -4.25642 176.664 3.99892
v 7.83963 176.664 -3.16555
v 2.39547 176.664 -5.09199
v 8.33325 176.664 -4.04439
v 1.73995 176.664 -11.7447
v 2.2397 176.664 -12.621
v 2.39547 176.664 -5.09199
v 8.82562 176.664 7.20467
v 8.82562 176.664 6.19395
v 15.6992 176.664 3.99892
v 0.662571 176.664 8.98294
v -4.25642 176.664 3.99892
v 1.19271 176.664 8.12563
v 15.6992 176.664 3.99892
v 15.6992 176.664 13.0898
v 8.82562 176.664 8.21539
v 8.82562 176.664 -4.92396
v 8.33325 176.664 -4.04439
v 2.39547 176.664 -5.09199
v -4.25642 176.664 3.99892
v -4.51555 176.664 -1.38163
v -3.97969 176.664 -2.23634
v 2.39547 176.664 3.99892
v 2.24615 176.664 6.40677
v 1.7205 176.664 7.26686
v 8.82562 176.664 -4.92396
v 2.39547 176.664 -5.09199
v 2.2397 176.664 -12.621
v 15.6992 176.664 3.99892
v 21.0207 176.664 4.08079
v 21.0207 176.664 5.09392
v 2.73617 176.664 -13.4991
v 8.82562 176.664 -4.92396
v 2.2397 176.664 -12.621
v -3.44604 176.664 -3.09243
v -2.91462 176.664 -3.94991
v 2.39547 176.664 3.99892
v 2.73617 176.664 -13.4991
v 3.23006 176.664 -14.3788
v 9.04735 176.664 -14.1829
v 8.82562 176.664 0.129635
v 15.6992 176.664 3.99892
v 8.82562 176.664 1.14035
v -2.38546 176.664 -4.80877
v 2.39547 176.664 -5.09199
v -2.91462 176.664 -3.94991
v 3.23006 176.664 -14.3788
v 3.72149 176.664 -15.2598
v 9.04735 176.664 -14.1829
v 15.6992 176.664 -5.09199
v 8.82562 176.664 -1.8918
v 8.82562 176.664 -2.90252
v 2.39547 176.664 3.99892
v 4.83603 176.664 2.08333
v 4.32414 176.664 2.9516
v 3.72149 176.664 -15.2598
v 4.21092 176.664 -16.142
v 9.04735 176.664 -14.1829
v 15.6992 176.664 -5.09199
v 21.0207 176.664 -3.01114
v 21.0207 176.664 -1.99801
v 15.6992 176.664 -5.09199
v 21.0207 176.664 -1.99801
v 21.0207 176.664 -0.984875
v 4.69741 176.664 -17.0257
v 9.04735 176.664 -14.1829
v 4.21092 176.664 -16.142
v 4.69741 176.664 -17.0257
v 5.1805 176.664 -17.9114
v 9.04735 176.664 -14.1829
v 21.0207 176.664 -7.06368
v 21.0207 176.664 -6.05054
v 15.6992 176.664 -5.09199
v 8.82562 176.664 -4.92396
v 15.6992 176.664 -5.09199
v 8.82562 176.664 -3.91324
v 6.13238 176.664 -19.6902
v 9.04735 176.664 -14.1829
v 5.65898 176.664 -18.7994
v 6.84866 176.664 -1.41002
v 6.35023 176.664 -0.533947
v 2.39547 176.664 -5.09199
v 14.0027 176.664 -23.2738
v 15.6992 176.664 -14.1829
v 13.0001 176.664 -23.2738
v 21.0207 176.664 -12.1293
v 21.0207 176.664 -11.1162
v 15.6992 176.664 -14.1829
v 2.39547 176.664 -5.09199
v 7.83963 176.664 -3.16555
v 7.34477 176.664 -2.28742
v 6.13238 176.664 -19.6902
v 6.60108 176.664 -20.5835
v 9.04735 176.664 -14.1829
v 11.9975 176.664 -23.2738
v 13.0001 176.664 -23.2738
v 15.6992 176.664 -14.1829
v -4.25642 176.664 13.0898
v -4.23838 176.664 16.6162
v -4.79812 176.664 17.4545
v -11.7064 176.664 9.58463
v -11.1411 176.664 8.74915
v -10.9083 176.664 13.0898
v -11.1411 176.664 8.74915
v -10.5778 176.664 7.91227
v -10.9083 176.664 13.0898
v -10.9083 176.664 13.0898
v -6.49308 176.664 19.9587
v -7.0632 176.664 20.79
v -7.63589 176.664 21.6194
v -8.2112 176.664 22.4471
v -10.9083 176.664 22.1807
v -15.1463 176.664 14.5649
v -14.5671 176.664 13.7389
v -10.9083 176.664 13.0898
v -14.5671 176.664 13.7389
v -13.9902 176.664 12.9113
v -10.9083 176.664 13.0898
v -10.5386 176.664 25.7393
v -11.127 176.664 26.5577
v -10.9083 176.664 22.1807
v -9.95287 176.664 24.919
v -10.5386 176.664 25.7393
v -10.9083 176.664 22.1807
v -16.897 176.664 17.0336
v -17.5602 176.664 22.1807
v -17.4847 176.664 17.8535
v -13.505 176.664 29.8136
v -17.5602 176.664 22.1807
v -12.907 176.664 29.0022
v -17.5602 176.664 22.1807
v -17.5602 176.664 31.2716
v -21.655 176.664 23.5523
v -15.3132 176.664 32.2373
v -17.5602 176.664 31.2716
v -14.7082 176.664 31.4311
v -14.7082 176.664 31.4311
v -17.5602 176.664 31.2716
v -14.1055 176.664 30.6232
v -21.0532 176.664 22.7426
v -17.5602 176.664 22.1807
v -21.655 176.664 23.5523
v -17.7557 176.664 35.4451
v -17.5602 176.664 31.2716
v -17.1417 176.664 34.6457
v -24.2121 176.664 31.2716
v -18.3719 176.664 36.2427
v -18.9903 176.664 37.0387
v -24.2121 176.664 31.2716
v -24.6959 176.664 27.5766
v -24.0833 176.664 26.775
v -24.2121 176.664 31.2716
v -24.0833 176.664 26.775
v -23.473 176.664 25.9718
v -20.2326 176.664 38.6263
v -20.8561 176.664 39.4183
v -24.2121 176.664 31.2716
v -24.2121 176.664 40.3626
v -28.4229 176.664 32.3464
v -24.2121 176.664 31.2716
v -25.928 176.664 29.1745
v -24.2121 176.664 31.2716
v -26.5477 176.664 29.9706
v -24.2121 176.664 40.3626
v -21.4805 176.664 40.2095
v -22.106 176.664 40.9999
v -24.2121 176.664 40.3626
v -20.8561 176.664 39.4183
v -21.4805 176.664 40.2095
v -24.2121 176.664 31.2716
v -28.4229 176.664 32.3464
v -27.795 176.664 31.5567
v -24.2121 176.664 31.2716
v -27.795 176.664 31.5567
v -27.17 176.664 30.7648
v -24.2121 176.664 49.4535
v -30.864 176.664 49.4535
v -23.3581 176.664 42.5798
v 29.003 176.664 49.4535
v 28.3378 176.664 53.5555
v 27.2925 176.664 53.5555
v 30.4284 176.664 42.5798
v 29.003 176.664 49.4535
v 29.3831 176.664 42.5798
v 21.0207 176.664 53.5555
v 22.3511 176.664 49.4535
v 22.066 176.664 53.5555
v 22.066 176.664 42.5798
v 23.1113 176.664 42.5798
v 22.3511 176.664 49.4535
v 21.0207 176.664 66.652
v 21.0207 176.664 67.6594
v 15.6992 176.664 67.6353
v 15.6992 176.664 67.6353
v 21.0207 176.664 67.6594
v 21.0207 176.664 68.6668
v 21.0207 176.664 57.5852
v 21.0207 176.664 58.5926
v 15.6992 176.664 58.5444
v 9.04735 176.664 49.4535
v 15.6992 176.664 49.4535
v 8.82562 176.664 53.5555
v 22.3511 176.664 49.4535
v 15.6992 176.664 49.4535
v 21.0207 176.664 42.5798
v 21.0207 176.664 39.5405
v 21.0207 176.664 40.5536
v 15.6992 176.664 40.3626
v 21.0207 176.664 30.4223
v 21.0207 176.664 31.4354
v 15.6992 176.664 31.2716
v 21.0207 176.664 21.3041
v 21.0207 176.664 22.3172
v 15.6992 176.664 22.1807
v 21.0207 176.664 12.1859
v 21.0207 176.664 13.199
v 15.6992 176.664 13.0898
v 21.0207 176.664 3.06765
v 21.0207 176.664 4.08079
v 15.6992 176.664 3.99892
v 9.04735 176.664 -14.1829
v 15.6992 176.664 -14.1829
v 15.6992 176.664 -5.09199
v 21.0207 176.664 -6.05054
v 21.0207 176.664 -5.03741
v 15.6992 176.664 -5.09199
v 15.0053 176.664 -23.2738
v 15.6992 176.664 -14.1829
v 14.0027 176.664 -23.2738
v 8.82562 176.664 66.652
v 15.6992 176.664 67.6353
v 8.82562 176.664 67.6594
v 8.82562 176.664 57.5852
v 15.6992 176.664 58.5444
v 8.82562 176.664 58.5926
v 15.6992 176.664 58.5444
v 8.82562 176.664 57.5852
v 8.82562 176.664 56.5777
v 7.8182 176.664 53.5555
v 9.04735 176.664 49.4535
v 8.82562 176.664 53.5555
v 8.82562 176.664 42.5798
v 15.6992 176.664 49.4535
v 9.04735 176.664 49.4535
v 8.82562 176.664 39.5477
v 15.6992 176.664 40.3626
v 8.82562 176.664 40.5584
v 15.6992 176.664 40.3626
v 8.82562 176.664 39.5477
v 8.82562 176.664 38.537
v 8.82562 176.664 30.4512
v 15.6992 176.664 31.2716
v 8.82562 176.664 31.4619
v 15.6992 176.664 31.2716
v 8.82562 176.664 30.4512
v 8.82562 176.664 29.4405
v 8.82562 176.664 21.3547
v 15.6992 176.664 22.1807
v 8.82562 176.664 22.3655
v 15.6992 176.664 22.1807
v 8.82562 176.664 21.3547
v 8.82562 176.664 20.344
v 8.82562 176.664 12.2583
v 15.6992 176.664 13.0898
v 8.82562 176.664 13.269
v 15.6992 176.664 13.0898
v 8.82562 176.664 12.2583
v 8.82562 176.664 11.2475
v 8.82562 176.664 3.16179
v 15.6992 176.664 3.99892
v 8.82562 176.664 4.17251
v 15.6992 176.664 3.99892
v 8.82562 176.664 3.16179
v 8.82562 176.664 2.15107
v 2.73617 176.664 -13.4991
v 9.04735 176.664 -14.1829
v 8.82562 176.664 -4.92396
v 15.6992 176.664 -5.09199
v 8.82562 176.664 -4.92396
v 9.04735 176.664 -14.1829
v 5.65898 176.664 -18.7994
v 9.04735 176.664 -14.1829
v 5.1805 176.664 -17.9114
v 2.78109 176.664 53.5555
v 1.77366 176.664 53.5555
v 2.39547 176.664 49.4535
v 2.39547 176.664 49.4535
v 1.77366 176.664 53.5555
v 0.766239 176.664 53.5555
v 2.39547 176.664 3.99892
v 2.76973 176.664 5.54541
v 2.24615 176.664 6.40677
v -3.44604 176.664 -3.09243
v 2.39547 176.664 3.99892
v -3.97969 176.664 -2.23634
v -0.814121 176.664 -7.39525
v -0.296173 176.664 -8.26094
v 2.39547 176.664 -5.09199
v 2.39547 176.664 -5.09199
v -0.296173 176.664 -8.26094
v 0.2183 176.664 -9.1287
v -5.2783 176.664 53.5555
v -4.25642 176.664 49.4535
v -4.27088 176.664 53.5555
v -4.249 176.664 42.5798
v -3.24326 176.664 42.5798
v -4.25642 176.664 49.4535
v -8.89751 176.664 5.39518
v -4.25642 176.664 13.0898
v -9.45609 176.664 6.23523
v -2.57663 176.664 14.0899
v -3.12749 176.664 14.934
v -4.25642 176.664 13.0898
v -6.68437 176.664 2.02111
v -6.13784 176.664 1.17321
v -4.25642 176.664 3.99892
v -4.25642 176.664 3.99892
v -6.13784 176.664 1.17321
v -5.59441 176.664 0.323299
v -10.3154 176.664 53.5555
v -11.3228 176.664 53.5555
v -10.9083 176.664 49.4535
v -10.9083 176.664 49.4535
v -11.3228 176.664 53.5555
v -12.3303 176.664 53.5555
v -16.3112 176.664 16.2123
v -15.7277 176.664 15.3893
v -10.9083 176.664 22.1807
v -10.9083 176.664 22.1807
v -15.7277 176.664 15.3893
v -15.1463 176.664 14.5649
v -12.8436 176.664 11.2512
v -12.2738 176.664 10.4187
v -10.9083 176.664 13.0898
v -12.2738 176.664 10.4187
v -11.7064 176.664 9.58463
v -10.9083 176.664 13.0898
v -17.3674 176.664 53.5555
v -18.3748 176.664 53.5555
v -17.5602 176.664 49.4535
v -17.5602 176.664 49.4535
v -18.3748 176.664 53.5555
v -19.3822 176.664 53.5555
v -21.655 176.664 23.5523
v -17.5602 176.664 31.2716
v -22.2589 176.664 24.3604
v -15.9204 176.664 33.0418
v -16.53 176.664 33.8446
v -17.5602 176.664 31.2716
v -19.2602 176.664 20.3046
v -18.6664 176.664 19.489
v -17.5602 176.664 22.1807
v -17.5602 176.664 22.1807
v -18.6664 176.664 19.489
v -18.0746 176.664 18.672
v -24.4193 176.664 53.5555
v -25.4268 176.664 53.5555
v -24.2121 176.664 49.4535
v -26.4342 176.664 53.5555
v -24.2121 176.664 49.4535
v -25.4268 176.664 53.5555
v -28.4229 176.664 32.3464
v -24.2121 176.664 40.3626
v -29.0538 176.664 33.1336
v -22.7317 176.664 41.7901
v -23.3581 176.664 42.5798
v -24.2121 176.664 40.3626
v -25.928 176.664 29.1745
v -25.3108 176.664 28.3764
v -24.2121 176.664 31.2716
v -25.3108 176.664 28.3764
v -24.6959 176.664 27.5766
v -24.2121 176.664 31.2716
v -30.4639 176.664 53.5555
v -31.4713 176.664 53.5555
v -30.864 176.664 49.4535
v -32.9084 176.664 37.7998
v -30.864 176.664 40.3626
v -33.5616 176.664 38.5685
v -30.864 176.664 40.3626
v -30.864 176.664 49.4535
v -35.5337 176.664 40.8642
v -31.6102 176.664 36.2555
v -30.864 176.664 40.3626
v -32.2577 176.664 37.029
v -5.9255 176.664 19.1258
v -6.49308 176.664 19.9587
v -5.92554 176.764 19.1257
v -5.36057 176.764 18.291
v -5.36052 176.664 18.291
v -5.9255 176.664 19.1258
v -5.9255 176.664 19.1258
v -5.92554 176.764 19.1257
v -5.36057 176.764 18.291
v -5.36052 176.664 18.291
v -4.79819 176.764 17.4545
v -4.79812 176.664 17.4545
v -4.79819 176.764 17.4545
v -5.36052 176.664 18.291
v -5.36057 176.764 18.291
v -4.23838 176.664 16.6162
v -4.79812 176.664 17.4545
v -4.23853 176.764 16.6161
v -4.79819 176.764 17.4545
v -4.23853 176.764 16.6161
v -4.79812 176.664 17.4545
v -3.68156 176.764 15.776
v -3.68153 176.664 15.776
v -4.23838 176.664 16.6162
v -4.23838 176.664 16.6162
v -4.23853 176.764 16.6161
v -3.68156 176.764 15.776
v -3.68153 176.664 15.776
v -3.12764 176.764 14.9339
v -3.12749 176.664 14.934
v -3.12764 176.764 14.9339
v -3.68153 176.664 15.776
v -3.68156 176.764 15.776
v -2.57663 176.664 14.0899
v -3.12749 176.664 14.934
v -2.57664 176.764 14.0899
v -3.12764 176.764 14.9339
v -2.57664 176.764 14.0899
v -3.12749 176.664 14.934
v -2.02894 176.764 13.2437
v -2.02893 176.664 13.2437
v -2.57663 176.664 14.0899
v -2.57663 176.664 14.0899
v -2.57664 176.764 14.0899
v -2.02894 176.764 13.2437
v -2.02893 176.664 13.2437
v -1.48443 176.764 12.3955
v -1.48442 176.664 12.3955
v -1.48443 176.764 12.3955
v -2.02893 176.664 13.2437
v -2.02894 176.764 13.2437
v -0.943325 176.664 11.5451
v -1.48442 176.664 12.3955
v -0.943111 176.764 11.5453
v -1.48443 176.764 12.3955
v -0.943111 176.764 11.5453
v -1.48442 176.664 12.3955
v -0.404995 176.764 10.693
v -0.405155 176.664 10.6929
v -0.943325 176.664 11.5451
v -0.943325 176.664 11.5451
v -0.943111 176.764 11.5453
v -0.404995 176.764 10.693
v -0.405155 176.664 10.6929
v 0.130215 176.764 9.83886
v 0.13002 176.664 9.83873
v 0.130215 176.764 9.83886
v -0.405155 176.664 10.6929
v -0.404995 176.764 10.693
v 0.662571 176.664 8.98294
v 0.13002 176.664 9.83873
v 0.662788 176.764 8.98308
v 0.130215 176.764 9.83886
v 0.662788 176.764 8.98308
v 0.13002 176.664 9.83873
v 1.19276 176.764 8.12567
v 1.19271 176.664 8.12563
v 0.662571 176.664 8.98294
v 0.662571 176.664 8.98294
v 0.662788 176.764 8.98308
v 1.19276 176.764 8.12567
v 1.19271 176.664 8.12563
v 1.72058 176.764 7.26693
v 1.7205 176.664 7.26686
v 1.72058 176.764 7.26693
v 1.19271 176.664 8.12563
v 1.19276 176.764 8.12567
v 2.24615 176.664 6.40677
v 1.7205 176.664 7.26686
v 2.24607 176.764 6.40673
v 1.72058 176.764 7.26693
v 2.24607 176.764 6.40673
v 1.7205 176.664 7.26686
v 2.76942 176.764 5.54524
v 2.76973 176.664 5.54541
v 2.24615 176.664 6.40677
v 2.24615 176.664 6.40677
v 2.24607 176.764 6.40673
v 2.76942 176.764 5.54524
v 2.76973 176.664 5.54541
v 3.29053 176.764 4.6824
v 3.29056 176.664 4.68241
v 3.29053 176.764 4.6824
v 2.76973 176.664 5.54541
v 2.76942 176.764 5.54524
v 3.80901 176.664 3.81797
v 3.29056 176.664 4.68241
v 3.80865 176.764 3.81778
v 3.29053 176.764 4.6824
v 3.80865 176.764 3.81778
v 3.29056 176.664 4.68241
v 4.32401 176.764 2.95153
v 4.32414 176.664 2.9516
v 3.80901 176.664 3.81797
v 3.80901 176.664 3.81797
v 3.80865 176.764 3.81778
v 4.32401 176.764 2.95153
v 4.32414 176.664 2.9516
v 4.83593 176.764 2.08328
v 4.83603 176.664 2.08333
v 4.83593 176.764 2.08328
v 4.32414 176.664 2.9516
v 4.32401 176.764 2.95153
v 5.34445 176.664 1.21304
v 4.83603 176.664 2.08333
v 5.34439 176.764 1.21301
v 4.83593 176.764 2.08328
v 5.34439 176.764 1.21301
v 4.83603 176.664 2.08333
v 5.84935 176.764 0.340709
v 5.84887 176.664 0.340427
v 5.34445 176.664 1.21304
v 5.34445 176.664 1.21304
v 5.34439 176.764 1.21301
v 5.84935 176.764 0.340709
v 5.84887 176.664 0.340427
v 6.35073 176.764 -0.533657
v 6.35023 176.664 -0.533947
v 6.35073 176.764 -0.533657
v 5.84887 176.664 0.340427
v 5.84935 176.764 0.340709
v 6.84866 176.664 -1.41002
v 6.35023 176.664 -0.533947
v 6.84909 176.764 -1.40976
v 6.35073 176.764 -0.533657
v 6.84909 176.764 -1.40976
v 6.35023 176.664 -0.533947
v 7.34547 176.764 -2.28701
v 7.34477 176.664 -2.28742
v 6.84866 176.664 -1.41002
v 6.84866 176.664 -1.41002
v 6.84909 176.764 -1.40976
v 7.34547 176.764 -2.28701
v 7.34477 176.664 -2.28742
v 7.83963 176.764 -3.16555
v 7.83963 176.664 -3.16555
v 7.83963 176.764 -3.16555
v 7.34477 176.664 -2.28742
v 7.34547 176.764 -2.28701
v 8.33325 176.664 -4.04439
v 7.83963 176.664 -3.16555
v 8.33325 176.764 -4.04439
v 7.83963 176.764 -3.16555
v 8.33325 176.764 -4.04439
v 7.83963 176.664 -3.16555
v 8.82562 176.764 -4.92396
v 8.82562 176.664 -4.92396
v 8.33325 176.664 -4.04439
v 8.33325 176.664 -4.04439
v 8.33325 176.764 -4.04439
v 8.82562 176.764 -4.92396
v -5.92554 176.764 19.1257
v -6.49308 176.664 19.9587
v -6.49307 176.764 19.9588
v -7.06318 176.764 20.79
v -6.49307 176.764 19.9588
v -7.0632 176.664 20.79
v -6.49308 176.664 19.9587
v -7.0632 176.664 20.79
v -6.49307 176.764 19.9588
v -7.63589 176.664 21.6194
v -7.63588 176.764 21.6195
v -7.06318 176.764 20.79
v -7.06318 176.764 20.79
v -7.0632 176.664 20.79
v -7.63589 176.664 21.6194
v -7.63588 176.764 21.6195
v -8.2112 176.664 22.4471
v -8.21118 176.764 22.4471
v -8.2112 176.664 22.4471
v -7.63588 176.764 21.6195
v -7.63589 176.664 21.6194
v -8.78911 176.764 23.2729
v -8.21118 176.764 22.4471
v -8.78911 176.664 23.2729
v -8.2112 176.664 22.4471
v -8.78911 176.664 23.2729
v -8.21118 176.764 22.4471
v -9.36967 176.664 24.0969
v -9.36969 176.764 24.0969
v -8.78911 176.764 23.2729
v -8.78911 176.764 23.2729
v -8.78911 176.664 23.2729
v -9.36967 176.664 24.0969
v -9.36969 176.764 24.0969
v -9.95287 176.664 24.919
v -9.95287 176.764 24.919
v -9.95287 176.664 24.919
v -9.36969 176.764 24.0969
v -9.36967 176.664 24.0969
v -10.5387 176.764 25.7392
v -9.95287 176.764 24.919
v -10.5386 176.664 25.7393
v -9.95287 176.664 24.919
v -10.5386 176.664 25.7393
v -9.95287 176.764 24.919
v -11.127 176.664 26.5577
v -11.127 176.764 26.5577
v -10.5387 176.764 25.7392
v -10.5387 176.764 25.7392
v -10.5386 176.664 25.7393
v -11.127 176.664 26.5577
v -11.127 176.764 26.5577
v -11.7179 176.664 27.3743
v -11.7179 176.764 27.3743
v -11.7179 176.664 27.3743
v -11.127 176.764 26.5577
v -11.127 176.664 26.5577
v -12.3113 176.764 28.1891
v -11.7179 176.764 27.3743
v -12.3112 176.664 28.1891
v -11.7179 176.664 27.3743
v -12.3112 176.664 28.1891
v -11.7179 176.764 27.3743
v -12.907 176.664 29.0022
v -12.907 176.764 29.0022
v -12.3113 176.764 28.1891
v -12.3113 176.764 28.1891
v -12.3112 176.664 28.1891
v -12.907 176.664 29.0022
v -12.907 176.764 29.0022
v -13.505 176.664 29.8136
v -13.5051 176.764 29.8135
v -13.505 176.664 29.8136
v -12.907 176.764 29.0022
v -12.907 176.664 29.0022
v -14.1055 176.764 30.6232
v -13.5051 176.764 29.8135
v -14.1055 176.664 30.6232
v -13.505 176.664 29.8136
v -14.1055 176.664 30.6232
v -13.5051 176.764 29.8135
v -14.7082 176.664 31.4311
v -14.7082 176.764 31.4311
v -14.1055 176.764 30.6232
v -14.1055 176.764 30.6232
v -14.1055 176.664 30.6232
v -14.7082 176.664 31.4311
v -14.7082 176.764 31.4311
v -15.3132 176.664 32.2373
v -15.3132 176.764 32.2373
v -15.3132 176.664 32.2373
v -14.7082 176.764 31.4311
v -14.7082 176.664 31.4311
v -15.9205 176.764 33.0418
v -15.3132 176.764 32.2373
v -15.9204 176.664 33.0418
v -15.3132 176.664 32.2373
v -15.9204 176.664 33.0418
v -15.3132 176.764 32.2373
v -16.53 176.664 33.8446
v -16.53 176.764 33.8446
v -15.9205 176.764 33.0418
v -15.9205 176.764 33.0418
v -15.9204 176.664 33.0418
v -16.53 176.664 33.8446
v -16.53 176.764 33.8446
v -17.1417 176.664 34.6457
v -17.1418 176.764 34.6457
v -17.1417 176.664 34.6457
v -16.53 176.764 33.8446
v -16.53 176.664 33.8446
v -17.7557 176.764 35.4451
v -17.1418 176.764 34.6457
v -17.7557 176.664 35.4451
v -17.1417 176.664 34.6457
v -17.7557 176.664 35.4451
v -17.1418 176.764 34.6457
v -18.3719 176.664 36.2427
v -18.3721 176.764 36.2425
v -17.7557 176.764 35.4451
v -17.7557 176.764 35.4451
v -17.7557 176.664 35.4451
v -18.3719 176.664 36.2427
v -18.3721 176.764 36.2425
v -18.9903 176.664 37.0387
v -18.9905 176.764 37.0385
v -18.9903 176.664 37.0387
v -18.3721 176.764 36.2425
v -18.3719 176.664 36.2427
v -19.6109 176.764 37.8329
v -18.9905 176.764 37.0385
v -19.6106 176.664 37.8331
v -18.9903 176.664 37.0387
v -19.6106 176.664 37.8331
v -18.9905 176.764 37.0385
v -20.2326 176.664 38.6263
v -20.2329 176.764 38.6261
v -19.6109 176.764 37.8329
v -19.6109 176.764 37.8329
v -19.6106 176.664 37.8331
v -20.2326 176.664 38.6263
v -20.2329 176.764 38.6261
v -20.8561 176.664 39.4183
v -20.8563 176.764 39.4181
v -20.8561 176.664 39.4183
v -20.2329 176.764 38.6261
v -20.2326 176.664 38.6263
v -21.4808 176.764 40.2092
v -20.8563 176.764 39.4181
v -21.4805 176.664 40.2095
v -20.8561 176.664 39.4183
v -21.4805 176.664 40.2095
v -20.8563 176.764 39.4181
v -22.106 176.664 40.9999
v -22.106 176.764 40.9999
v -21.4808 176.764 40.2092
v -21.4808 176.764 40.2092
v -21.4805 176.664 40.2095
v -22.106 176.664 40.9999
v -22.106 176.764 40.9999
v -22.7317 176.664 41.7901
v -22.7317 176.764 41.7901
v -22.7317 176.664 41.7901
v -22.106 176.764 40.9999
v -22.106 176.664 40.9999
v -22.7317 176.664 41.7901
v -23.3581 176.664 42.5798
v -22.7317 176.764 41.7901
v -22.7317 176.764 41.7901
v -23.3581 176.664 42.5798
v -23.3581 176.764 42.5798
v 8.82562 176.764 4.17251
v 8.82562 176.664 5.18323
v 8.82562 176.664 4.17251
v 8.82562 176.764 20.344
v 8.82562 176.664 20.344
v 8.82562 176.764 19.3333
v 8.82562 176.664 19.3333
v 8.82562 176.764 18.3226
v 8.82562 176.764 19.3333
v 8.82562 176.664 21.3547
v 8.82562 176.764 20.344
v 8.82562 176.764 21.3547
v 8.82562 176.664 21.3547
v 8.82562 176.664 20.344
v 8.82562 176.764 20.344
v 8.82562 176.764 21.3547
v 8.82562 176.664 22.3655
v 8.82562 176.664 21.3547
v 8.82562 176.764 22.3655
v 8.82562 176.664 23.3762
v 8.82562 176.664 22.3655
v 8.82562 176.764 21.3547
v 8.82562 176.764 22.3655
v 8.82562 176.664 22.3655
v 8.82562 176.664 23.3762
v 8.82562 176.764 22.3655
v 8.82562 176.764 23.3762
v 8.82562 176.664 25.3976
v 8.82562 176.664 24.3869
v 8.82562 176.764 24.3869
v 8.82562 176.664 24.3869
v 8.82562 176.764 23.3762
v 8.82562 176.764 24.3869
v 8.82562 176.664 19.3333
v 8.82562 176.764 19.3333
v 8.82562 176.664 20.344
v 8.82562 176.664 24.3869
v 8.82562 176.664 23.3762
v 8.82562 176.764 23.3762
v 8.82562 176.764 25.3976
v 8.82562 176.764 26.4083
v 8.82562 176.664 26.4083
v 8.82562 176.664 26.4083
v 8.82562 176.664 25.3976
v 8.82562 176.764 25.3976
v 8.82562 176.664 27.4191
v 8.82562 176.764 26.4083
v 8.82562 176.764 27.4191
v 8.82562 176.764 26.4083
v 8.82562 176.664 27.4191
v 8.82562 176.664 26.4083
v 8.82562 176.664 28.4298
v 8.82562 176.764 27.4191
v 8.82562 176.764 28.4298
v 8.82562 176.664 27.4191
v 8.82562 176.764 27.4191
v 8.82562 176.664 28.4298
v 8.82562 176.764 28.4298
v 8.82562 176.664 29.4405
v 8.82562 176.664 28.4298
v 8.82562 176.664 29.4405
v 8.82562 176.764 29.4405
v 8.82562 176.664 30.4512
v 8.82562 176.764 29.4405
v 8.82562 176.664 29.4405
v 8.82562 176.764 28.4298
v 8.82562 176.664 30.4512
v 8.82562 176.764 30.4512
v 8.82562 176.664 31.4619
v 8.82562 176.764 29.4405
v 8.82562 176.764 30.4512
v 8.82562 176.664 30.4512
v 8.82562 176.764 33.4834
v 8.82562 176.764 34.4941
v 8.82562 176.664 34.4941
v 8.82562 176.764 31.4619
v 8.82562 176.764 32.4727
v 8.82562 176.664 32.4727
v 8.82562 176.664 32.4727
v 8.82562 176.664 31.4619
v 8.82562 176.764 31.4619
v 8.82562 176.764 33.4834
v 8.82562 176.664 33.4834
v 8.82562 176.764 32.4727
v 8.82562 176.764 32.4727
v 8.82562 176.664 33.4834
v 8.82562 176.664 32.4727
v 8.82562 176.764 30.4512
v 8.82562 176.764 31.4619
v 8.82562 176.664 31.4619
v 8.82562 176.664 33.4834
v 8.82562 176.764 33.4834
v 8.82562 176.664 34.4941
v 8.82562 176.764 34.4941
v 8.82562 176.764 35.5048
v 8.82562 176.664 35.5048
v 8.82562 176.664 34.4941
v 8.82562 176.764 34.4941
v 8.82562 176.664 35.5048
v 8.82562 176.664 36.5155
v 8.82562 176.664 35.5048
v 8.82562 176.764 35.5048
v 8.82562 176.764 37.5263
v 8.82562 176.664 37.5263
v 8.82562 176.764 36.5155
v 8.82562 176.664 37.5263
v 8.82562 176.664 36.5155
v 8.82562 176.764 36.5155
v 8.82562 176.764 37.5263
v 8.82562 176.664 38.537
v 8.82562 176.664 37.5263
v 8.82562 176.764 38.537
v 8.82562 176.664 38.537
v 8.82562 176.764 37.5263
v 8.82562 176.764 35.5048
v 8.82562 176.764 36.5155
v 8.82562 176.664 36.5155
v 8.82562 176.664 38.537
v 8.82562 176.764 38.537
v 8.82562 176.664 39.5477
v 8.82562 176.664 41.5691
v 8.82562 176.764 41.5691
v 8.82562 176.664 42.5798
v 8.82562 176.764 40.5584
v 8.82562 176.664 40.5584
v 8.82562 176.764 39.5477
v 8.82562 176.764 39.5477
v 8.82562 176.664 40.5584
v 8.82562 176.664 39.5477
v 8.82562 176.764 40.5584
v 8.82562 176.764 41.5691
v 8.82562 176.664 41.5691
v 8.82562 176.664 42.5798
v 8.82562 176.764 41.5691
v 8.82562 176.764 42.5798
v 8.82562 176.664 41.5691
v 8.82562 176.664 40.5584
v 8.82562 176.764 40.5584
v 8.82562 176.764 38.537
v 8.82562 176.764 39.5477
v 8.82562 176.664 39.5477
v 8.82562 176.664 25.3976
v 8.82562 176.764 24.3869
v 8.82562 176.764 25.3976
v 8.82562 176.764 18.3226
v 8.82562 176.664 19.3333
v 8.82562 176.664 18.3226
v 8.82562 176.764 17.3119
v 8.82562 176.664 18.3226
v 8.82562 176.664 17.3119
v 8.82562 176.664 18.3226
v 8.82562 176.764 17.3119
v 8.82562 176.764 18.3226
v 8.82562 176.664 16.3011
v 8.82562 176.764 16.3011
v 8.82562 176.664 17.3119
v 8.82562 176.764 17.3119
v 8.82562 176.664 17.3119
v 8.82562 176.764 16.3011
v 8.82562 176.664 16.3011
v 8.82562 176.664 15.2904
v 8.82562 176.764 15.2904
v 8.82562 176.764 15.2904
v 8.82562 176.764 16.3011
v 8.82562 176.664 16.3011
v 8.82562 176.764 14.2797
v 8.82562 176.664 15.2904
v 8.82562 176.664 14.2797
v 8.82562 176.664 15.2904
v 8.82562 176.764 14.2797
v 8.82562 176.764 15.2904
v 8.82562 176.664 13.269
v 8.82562 176.764 13.269
v 8.82562 176.664 14.2797
v 8.82562 176.764 14.2797
v 8.82562 176.664 14.2797
v 8.82562 176.764 13.269
v 8.82562 176.664 13.269
v 8.82562 176.664 12.2583
v 8.82562 176.764 12.2583
v 8.82562 176.764 12.2583
v 8.82562 176.764 13.269
v 8.82562 176.664 13.269
v 8.82562 176.764 11.2475
v 8.82562 176.664 12.2583
v 8.82562 176.664 11.2475
v 8.82562 176.664 12.2583
v 8.82562 176.764 11.2475
v 8.82562 176.764 12.2583
v 8.82562 176.664 10.2368
v 8.82562 176.764 10.2368
v 8.82562 176.664 11.2475
v 8.82562 176.764 11.2475
v 8.82562 176.664 11.2475
v 8.82562 176.764 10.2368
v 8.82562 176.664 10.2368
v 8.82562 176.664 9.22611
v 8.82562 176.764 9.22611
v 8.82562 176.764 9.22611
v 8.82562 176.764 10.2368
v 8.82562 176.664 10.2368
v 8.82562 176.764 8.21539
v 8.82562 176.664 9.22611
v 8.82562 176.664 8.21539
v 8.82562 176.664 9.22611
v 8.82562 176.764 8.21539
v 8.82562 176.764 9.22611
v 8.82562 176.664 7.20467
v 8.82562 176.764 7.20467
v 8.82562 176.664 8.21539
v 8.82562 176.764 8.21539
v 8.82562 176.664 8.21539
v 8.82562 176.764 7.20467
v 8.82562 176.664 7.20467
v 8.82562 176.664 6.19395
v 8.82562 176.764 6.19395
v 8.82562 176.764 6.19395
v 8.82562 176.764 7.20467
v 8.82562 176.664 7.20467
v 8.82562 176.764 5.18323
v 8.82562 176.664 6.19395
v 8.82562 176.664 5.18323
v 8.82562 176.664 6.19395
v 8.82562 176.764 5.18323
v 8.82562 176.764 6.19395
v 8.82562 176.764 4.17251
v 8.82562 176.664 4.17251
v 8.82562 176.764 3.16179
v 8.82562 176.764 5.18323
v 8.82562 176.664 5.18323
v 8.82562 176.764 4.17251
v 8.82562 176.664 3.16179
v 8.82562 176.764 2.15107
v 8.82562 176.764 3.16179
v 8.82562 176.764 3.16179
v 8.82562 176.664 4.17251
v 8.82562 176.664 3.16179
v 8.82562 176.764 2.15107
v 8.82562 176.664 2.15107
v 8.82562 176.764 1.14035
v 8.82562 176.664 2.15107
v 8.82562 176.764 2.15107
v 8.82562 176.664 3.16179
v 8.82562 176.764 0.129635
v 8.82562 176.764 1.14035
v 8.82562 176.664 1.14035
v 8.82562 176.664 2.15107
v 8.82562 176.664 1.14035
v 8.82562 176.764 1.14035
v 8.82562 176.664 0.129635
v 8.82562 176.764 -0.881085
v 8.82562 176.764 0.129635
v 8.82562 176.764 0.129635
v 8.82562 176.664 1.14035
v 8.82562 176.664 0.129635
v 8.82562 176.764 -0.881085
v 8.82562 176.664 -0.881085
v 8.82562 176.764 -1.8918
v 8.82562 176.664 -0.881085
v 8.82562 176.764 -0.881085
v 8.82562 176.664 0.129635
v 8.82562 176.764 -2.90252
v 8.82562 176.764 -1.8918
v 8.82562 176.664 -1.8918
v 8.82562 176.664 -0.881085
v 8.82562 176.664 -1.8918
v 8.82562 176.764 -1.8918
v 8.82562 176.664 -2.90252
v 8.82562 176.764 -3.91324
v 8.82562 176.764 -2.90252
v 8.82562 176.764 -2.90252
v 8.82562 176.664 -1.8918
v 8.82562 176.664 -2.90252
v 8.82562 176.764 -3.91324
v 8.82562 176.664 -3.91324
v 8.82562 176.764 -4.92396
v 8.82562 176.664 -3.91324
v 8.82562 176.764 -3.91324
v 8.82562 176.664 -2.90252
v 8.82562 176.664 -3.91324
v 8.82562 176.664 -4.92396
v 8.82562 176.764 -4.92396
v -8.27196 176.764 42.5798
v -7.26622 176.664 42.5798
v -7.26622 176.764 42.5798
v -8.27196 176.764 42.5798
v -9.2777 176.764 42.5798
v -8.27196 176.664 42.5798
v -8.27196 176.664 42.5798
v -7.26622 176.664 42.5798
v -8.27196 176.764 42.5798
v -9.2777 176.664 42.5798
v -9.2777 176.764 42.5798
v -10.2834 176.764 42.5798
v -9.2777 176.764 42.5798
v -9.2777 176.664 42.5798
v -8.27196 176.664 42.5798
v -11.2892 176.764 42.5798
v -10.2834 176.664 42.5798
v -10.2834 176.764 42.5798
v -9.2777 176.664 42.5798
v -10.2834 176.764 42.5798
v -10.2834 176.664 42.5798
v -11.2892 176.764 42.5798
v -12.2949 176.764 42.5798
v -11.2892 176.664 42.5798
v -11.2892 176.664 42.5798
v -10.2834 176.664 42.5798
v -11.2892 176.764 42.5798
v -12.2949 176.664 42.5798
v -12.2949 176.764 42.5798
v -13.3007 176.764 42.5798
v -12.2949 176.764 42.5798
v -12.2949 176.664 42.5798
v -11.2892 176.664 42.5798
v -14.3064 176.764 42.5798
v -13.3007 176.664 42.5798
v -13.3007 176.764 42.5798
v -12.2949 176.664 42.5798
v -13.3007 176.764 42.5798
v -13.3007 176.664 42.5798
v -14.3064 176.764 42.5798
v -15.3121 176.764 42.5798
v -14.3064 176.664 42.5798
v -14.3064 176.664 42.5798
v -13.3007 176.664 42.5798
v -14.3064 176.764 42.5798
v -15.3121 176.664 42.5798
v -15.3121 176.764 42.5798
v -16.3179 176.764 42.5798
v -15.3121 176.764 42.5798
v -15.3121 176.664 42.5798
v -14.3064 176.664 42.5798
v -17.3236 176.764 42.5798
v -16.3179 176.664 42.5798
v -16.3179 176.764 42.5798
v -15.3121 176.664 42.5798
v -16.3179 176.764 42.5798
v -16.3179 176.664 42.5798
v -17.3236 176.764 42.5798
v -18.3294 176.764 42.5798
v -17.3236 176.664 42.5798
v -17.3236 176.664 42.5798
v -16.3179 176.664 42.5798
v -17.3236 176.764 42.5798
v -18.3294 176.664 42.5798
v -18.3294 176.764 42.5798
v -19.3351 176.764 42.5798
v -18.3294 176.764 42.5798
v -18.3294 176.664 42.5798
v -17.3236 176.664 42.5798
v -20.3408 176.764 42.5798
v -19.3351 176.664 42.5798
v -19.3351 176.764 42.5798
v -18.3294 176.664 42.5798
v -19.3351 176.764 42.5798
v -19.3351 176.664 42.5798
v -20.3408 176.764 42.5798
v -21.3466 176.764 42.5798
v -20.3408 176.664 42.5798
v -20.3408 176.664 42.5798
v -19.3351 176.664 42.5798
v -20.3408 176.764 42.5798
v -21.3466 176.664 42.5798
v -21.3466 176.764 42.5798
v -22.3523 176.764 42.5798
v -21.3466 176.764 42.5798
v -21.3466 176.664 42.5798
v -20.3408 176.664 42.5798
v -23.3581 176.764 42.5798
v -22.3523 176.664 42.5798
v -22.3523 176.764 42.5798
v -21.3466 176.664 42.5798
v -22.3523 176.764 42.5798
v -22.3523 176.664 42.5798
v -23.3581 176.664 42.5798
v -22.3523 176.664 42.5798
v -23.3581 176.764 42.5798
v -6.26048 176.664 42.5798
v -7.26622 176.764 42.5798
v -7.26622 176.664 42.5798
v -5.25474 176.664 42.5798
v -6.26048 176.764 42.5798
v -6.26048 176.664 42.5798
v -7.26622 176.764 42.5798
v -6.26048 176.664 42.5798
v -6.26048 176.764 42.5798
v -5.25474 176.664 42.5798
v -4.249 176.664 42.5798
v -5.25474 176.764 42.5798
v -5.25474 176.764 42.5798
v -6.26048 176.764 42.5798
v -5.25474 176.664 42.5798
v -4.249 176.764 42.5798
v -4.249 176.664 42.5798
v -3.24326 176.664 42.5798
v -4.249 176.664 42.5798
v -4.249 176.764 42.5798
v -5.25474 176.764 42.5798
v -2.23752 176.664 42.5798
v -3.24326 176.764 42.5798
v -3.24326 176.664 42.5798
v -4.249 176.764 42.5798
v -3.24326 176.664 42.5798
v -3.24326 176.764 42.5798
v -2.23752 176.664 42.5798
v -1.23178 176.664 42.5798
v -2.23752 176.764 42.5798
v -2.23752 176.764 42.5798
v -3.24326 176.764 42.5798
v -2.23752 176.664 42.5798
v -1.23178 176.764 42.5798
v -1.23178 176.664 42.5798
v -0.22604 176.664 42.5798
v -1.23178 176.664 42.5798
v -1.23178 176.764 42.5798
v -2.23752 176.764 42.5798
v 0.779701 176.664 42.5798
v -0.22604 176.764 42.5798
v -0.22604 176.664 42.5798
v -1.23178 176.764 42.5798
v -0.22604 176.664 42.5798
v -0.22604 176.764 42.5798
v 0.779701 176.664 42.5798
v 1.78544 176.664 42.5798
v 0.779701 176.764 42.5798
v 0.779701 176.764 42.5798
v -0.22604 176.764 42.5798
v 0.779701 176.664 42.5798
v 1.78544 176.764 42.5798
v 1.78544 176.664 42.5798
v 2.79118 176.664 42.5798
v 1.78544 176.664 42.5798
v 1.78544 176.764 42.5798
v 0.779701 176.764 42.5798
v 3.79692 176.664 42.5798
v 2.79118 176.764 42.5798
v 2.79118 176.664 42.5798
v 1.78544 176.764 42.5798
v 2.79118 176.664 42.5798
v 2.79118 176.764 42.5798
v 3.79692 176.664 42.5798
v 4.80266 176.664 42.5798
v 3.79692 176.764 42.5798
v 3.79692 176.764 42.5798
v 2.79118 176.764 42.5798
v 3.79692 176.664 42.5798
v 4.80266 176.764 42.5798
v 4.80266 176.664 42.5798
v 5.8084 176.664 42.5798
v 4.80266 176.664 42.5798
v 4.80266 176.764 42.5798
v 3.79692 176.764 42.5798
v 6.81414 176.664 42.5798
v 5.8084 176.764 42.5798
v 5.8084 176.664 42.5798
v 4.80266 176.764 42.5798
v 5.8084 176.664 42.5798
v 5.8084 176.764 42.5798
v 6.81414 176.664 42.5798
v 7.81989 176.664 42.5798
v 6.81414 176.764 42.5798
v 6.81414 176.764 42.5798
v 5.8084 176.764 42.5798
v 6.81414 176.664 42.5798
v 7.81989 176.764 42.5798
v 7.81989 176.664 42.5798
v 8.82562 176.664 42.5798
v 7.81989 176.664 42.5798
v 7.81989 176.764 42.5798
v 6.81414 176.764 42.5798
v 7.81989 176.764 42.5798
v 8.82562 176.664 42.5798
v 8.82562 176.764 42.5798
vt 6.01548 0.1
vt 6.01548 3.30872e-23
vt 7.01806 3.30872e-23
vt 6.01548 3.30872e-23
vt 5.0129 0.1
vt 5.0129 3.30872e-23
vt 5.0129 0.1
vt 6.01548 3.30872e-23
vt 6.01548 0.1
vt 4.01032 3.30872e-23
vt 5.0129 3.30872e-23
vt 4.01032 0.1
vt 5.0129 0.1
vt 4.01032 0.1
vt 5.0129 3.30872e-23
vt 3.00774 0.1
vt 3.00774 3.30872e-23
vt 4.01032 3.30872e-23
vt 4.01032 3.30872e-23
vt 4.01032 0.1
vt 3.00774 0.1
vt 3.00774 3.30872e-23
vt 2.00516 0.1
vt 2.00516 3.30872e-23
vt 2.00516 0.1
vt 3.00774 3.30872e-23
vt 3.00774 0.1
vt 1.00258 3.30872e-23
vt 2.00516 3.30872e-23
vt 1.00258 0.1
vt 2.00516 0.1
vt 1.00258 0.1
vt 2.00516 3.30872e-23
vt -3.79255e-11 0.1
vt 7.10543e-15 3.30872e-23
vt 1.00258 3.30872e-23
vt 1.00258 3.30872e-23
vt 1.00258 0.1
vt -3.79255e-11 0.1
vt 6.01548 0.1
vt 7.01806 3.30872e-23
vt 7.01806 0.1
vt 8.02064 3.30872e-23
vt 8.02064 0.1
vt 7.01806 0.1
vt 7.01806 0.1
vt 7.01806 3.30872e-23
vt 8.02064 3.30872e-23
vt 8.02064 0.1
vt 9.02322 3.30872e-23
vt 9.02322 0.1
vt 9.02322 3.30872e-23
vt 8.02064 0.1
vt 8.02064 3.30872e-23
vt 10.0258 0.1
vt 9.02322 0.1
vt 10.0258 3.30872e-23
vt 9.02322 3.30872e-23
vt 10.0258 3.30872e-23
vt 9.02322 0.1
vt 11.0284 3.30872e-23
vt 11.0284 0.1
vt 10.0258 0.1
vt 10.0258 0.1
vt 10.0258 3.30872e-23
vt 11.0284 3.30872e-23
vt 11.0284 0.1
vt 12.031 3.30872e-23
vt 12.031 0.1
vt 12.031 3.30872e-23
vt 11.0284 0.1
vt 11.0284 3.30872e-23
vt 12.031 3.30872e-23
vt 13.0335 3.30872e-23
vt 12.031 0.1
vt 12.031 0.1
vt 13.0335 3.30872e-23
vt 13.0335 0.1
vt -1.5134e-08 -31.4071
vt -1.39233e-08 -32.4203
vt 0.1 -32.4203
vt -1.39233e-08 -32.4203
vt 0.1 -33.4334
vt 0.1 -32.4203
vt 0.1 -30.394
vt -1.63447e-08 -30.394
vt 0.1 -31.4071
vt -1.63447e-08 -30.394
vt -1.5134e-08 -31.4071
vt 0.1 -31.4071
vt -2.42144e-09 -29.3809
vt 0.1 -30.394
vt 0.1 -29.3809
vt -3.63216e-09 -28.3677
vt 0.1 -28.3677
vt -4.84288e-09 -27.3546
vt -3.63216e-09 -28.3677
vt 0.1 -29.3809
vt 0.1 -28.3677
vt 0.1 -29.3809
vt -3.63216e-09 -28.3677
vt -2.42144e-09 -29.3809
vt -6.0536e-09 -26.3415
vt -4.84288e-09 -27.3546
vt 0.1 -27.3546
vt 0.1 -27.3546
vt -4.84288e-09 -27.3546
vt 0.1 -28.3677
vt 0.1 -27.3546
vt 0.1 -26.3415
vt -6.0536e-09 -26.3415
vt -1.63447e-08 -30.394
vt 0.1 -30.394
vt -2.42144e-09 -29.3809
vt -7.26432e-09 -25.3283
vt 0.1 -26.3415
vt 0.1 -25.3283
vt 0.1 -26.3415
vt -7.26432e-09 -25.3283
vt -6.0536e-09 -26.3415
vt 0.1 -25.3283
vt 0.1 -24.3152
vt -8.47504e-09 -24.3152
vt 0.1 -32.4203
vt 0.1 -31.4071
vt -1.5134e-08 -31.4071
vt 0.1 -24.3152
vt 0.1 -23.3021
vt -9.68575e-09 -23.3021
vt -9.68575e-09 -23.3021
vt -8.47504e-09 -24.3152
vt 0.1 -24.3152
vt -1.08965e-08 -22.2889
vt 0.1 -23.3021
vt 0.1 -22.2889
vt 0.1 -23.3021
vt -1.08965e-08 -22.2889
vt -9.68575e-09 -23.3021
vt 0.1 -21.2758
vt -1.21072e-08 -21.2758
vt 0.1 -22.2889
vt -1.08965e-08 -22.2889
vt 0.1 -22.2889
vt -1.21072e-08 -21.2758
vt 0.1 -21.2758
vt 0.1 -20.2627
vt -1.33179e-08 -20.2627
vt -1.33179e-08 -20.2627
vt -1.21072e-08 -21.2758
vt 0.1 -21.2758
vt 0.1 -19.2495
vt 6.0536e-10 -19.2495
vt 0.1 -20.2627
vt 3.63216e-09 -9.1182
vt 0.1 -10.1313
vt 0.1 -9.1182
vt 0.1 -18.2364
vt -6.0536e-10 -18.2364
vt 0.1 -19.2495
vt 6.0536e-10 -19.2495
vt 0.1 -19.2495
vt -6.0536e-10 -18.2364
vt -4.23752e-09 -15.197
vt -3.0268e-09 -16.2101
vt 0.1 -16.2101
vt -1.81608e-09 -17.2233
vt -6.0536e-10 -18.2364
vt 0.1 -18.2364
vt -1.81608e-09 -17.2233
vt 0.1 -17.2233
vt -3.0268e-09 -16.2101
vt 0.1 -16.2101
vt 0.1 -15.197
vt -4.23752e-09 -15.197
vt 0.1 -17.2233
vt 0.1 -16.2101
vt -3.0268e-09 -16.2101
vt 0.1 -18.2364
vt 0.1 -17.2233
vt -1.81608e-09 -17.2233
vt 0.1 -15.197
vt 0.1 -14.1839
vt 9.68575e-09 -14.1839
vt 9.68575e-09 -14.1839
vt -4.23752e-09 -15.197
vt 0.1 -15.197
vt 8.47504e-09 -13.1707
vt 0.1 -14.1839
vt 0.1 -13.1707
vt 0.1 -14.1839
vt 8.47504e-09 -13.1707
vt 9.68575e-09 -14.1839
vt 0.1 -12.1576
vt 7.26432e-09 -12.1576
vt 0.1 -13.1707
vt 8.47504e-09 -13.1707
vt 0.1 -13.1707
vt 7.26432e-09 -12.1576
vt 0.1 -12.1576
vt 0.1 -11.1445
vt 6.0536e-09 -11.1445
vt 6.0536e-09 -11.1445
vt 7.26432e-09 -12.1576
vt 0.1 -12.1576
vt 4.84288e-09 -10.1313
vt 0.1 -11.1445
vt 0.1 -10.1313
vt 0.1 -11.1445
vt 4.84288e-09 -10.1313
vt 6.0536e-09 -11.1445
vt 3.63216e-09 -9.1182
vt 0.1 -9.1182
vt 2.42144e-09 -8.10507
vt 4.84288e-09 -10.1313
vt 0.1 -10.1313
vt 3.63216e-09 -9.1182
vt 0.1 -8.10507
vt 1.21072e-09 -7.09193
vt 2.42144e-09 -8.10507
vt 2.42144e-09 -8.10507
vt 0.1 -9.1182
vt 0.1 -8.10507
vt -7.26432e-09 -25.3283
vt 0.1 -25.3283
vt -8.47504e-09 -24.3152
vt 0.1 -20.2627
vt 6.0536e-10 -19.2495
vt -1.33179e-08 -20.2627
vt 0 -6.0788
vt 1.21072e-09 -7.09193
vt 0.1 -7.09193
vt 0.1 -6.0788
vt -1.21072e-09 -5.06567
vt 0 -6.0788
vt 0 -6.0788
vt 0.1 -7.09193
vt 0.1 -6.0788
vt -1.21072e-09 -5.06567
vt 0.1 -5.06567
vt -2.42144e-09 -4.05253
vt 0.1 -5.06567
vt -1.21072e-09 -5.06567
vt 0.1 -6.0788
vt -3.63216e-09 -3.0394
vt -2.42144e-09 -4.05253
vt 0.1 -4.05253
vt 0.1 -5.06567
vt 0.1 -4.05253
vt -2.42144e-09 -4.05253
vt 0.1 -3.0394
vt -4.84288e-09 -2.02627
vt -3.63216e-09 -3.0394
vt -3.63216e-09 -3.0394
vt 0.1 -4.05253
vt 0.1 -3.0394
vt -4.84288e-09 -2.02627
vt 0.1 -2.02627
vt -6.0536e-09 -1.01313
vt 0.1 -2.02627
vt -4.84288e-09 -2.02627
vt 0.1 -3.0394
vt -7.26432e-09 1.42109e-14
vt -6.0536e-09 -1.01313
vt 0.1 -1.01313
vt 0.1 -2.02627
vt 0.1 -1.01313
vt -6.0536e-09 -1.01313
vt 0.1 -7.09193
vt 1.21072e-09 -7.09193
vt 0.1 -8.10507
vt -7.26432e-09 1.42109e-14
vt 0.1 -1.01313
vt 0.1 1.42109e-14
vt 0.1 -33.4334
vt -3.0268e-09 -33.4334
vt 0.1 -34.4465
vt -3.0268e-09 -33.4334
vt 0.1 -33.4334
vt -1.39233e-08 -32.4203
vt 0.1 -35.4597
vt 0.1 -34.4465
vt -1.81608e-09 -34.4465
vt -3.0268e-09 -33.4334
vt -1.81608e-09 -34.4465
vt 0.1 -34.4465
vt -6.0536e-10 -35.4597
vt 0.1 -36.4728
vt 0.1 -35.4597
vt 0.1 -35.4597
vt -1.81608e-09 -34.4465
vt -6.0536e-10 -35.4597
vt 0.1 -36.4728
vt 6.0536e-10 -36.4728
vt 0.1 -37.4859
vt 6.0536e-10 -36.4728
vt 0.1 -36.4728
vt -6.0536e-10 -35.4597
vt 0.1 -38.4991
vt 0.1 -37.4859
vt 1.81608e-09 -37.4859
vt 6.0536e-10 -36.4728
vt 1.81608e-09 -37.4859
vt 0.1 -37.4859
vt 3.0268e-09 -38.4991
vt 0.1 -39.5122
vt 0.1 -38.4991
vt 0.1 -38.4991
vt 1.81608e-09 -37.4859
vt 3.0268e-09 -38.4991
vt 0.1 -39.5122
vt 4.23752e-09 -39.5122
vt 0.1 -40.5253
vt 4.23752e-09 -39.5122
vt 0.1 -39.5122
vt 3.0268e-09 -38.4991
vt 0.1 -41.5385
vt 0.1 -40.5253
vt -2.11876e-09 -40.5253
vt 4.23752e-09 -39.5122
vt -2.11876e-09 -40.5253
vt 0.1 -40.5253
vt -9.0804e-10 -41.5385
vt 0.1 -42.5516
vt 0.1 -41.5385
vt 0.1 -41.5385
vt -2.11876e-09 -40.5253
vt -9.0804e-10 -41.5385
vt 0.1 -42.5516
vt 3.0268e-10 -42.5516
vt 0.1 -43.5647
vt 3.0268e-10 -42.5516
vt 0.1 -42.5516
vt -9.0804e-10 -41.5385
vt 0.1 -44.5779
vt 0.1 -43.5647
vt -6.0536e-09 -43.5647
vt 3.0268e-10 -42.5516
vt -6.0536e-09 -43.5647
vt 0.1 -43.5647
vt -4.84288e-09 -44.5779
vt 0.1 -45.591
vt 0.1 -44.5779
vt 0.1 -44.5779
vt -6.0536e-09 -43.5647
vt -4.84288e-09 -44.5779
vt 0.1 -45.591
vt -3.63216e-09 -45.591
vt 0.1 -46.6041
vt -3.63216e-09 -45.591
vt 0.1 -45.591
vt -4.84288e-09 -44.5779
vt 0.1 -47.6173
vt 0.1 -46.6041
vt -2.42144e-09 -46.6041
vt -3.63216e-09 -45.591
vt -2.42144e-09 -46.6041
vt 0.1 -46.6041
vt -1.21072e-09 -47.6173
vt 0.1 -48.6304
vt 0.1 -47.6173
vt 0.1 -47.6173
vt -2.42144e-09 -46.6041
vt -1.21072e-09 -47.6173
vt 0.1 -48.6304
vt -7.567e-09 -48.6304
vt 0.1 -49.6435
vt -7.567e-09 -48.6304
vt 0.1 -48.6304
vt -1.21072e-09 -47.6173
vt 0.1 -50.6567
vt 0.1 -49.6435
vt -1.5134e-09 -49.6435
vt -7.567e-09 -48.6304
vt -1.5134e-09 -49.6435
vt 0.1 -49.6435
vt -3.0268e-10 -50.6567
vt 0.1 -51.6698
vt 0.1 -50.6567
vt 0.1 -50.6567
vt -1.5134e-09 -49.6435
vt -3.0268e-10 -50.6567
vt 0.1 -51.6698
vt 9.08039e-10 -51.6698
vt 0.1 -52.6829
vt 9.08039e-10 -51.6698
vt 0.1 -51.6698
vt -3.0268e-10 -50.6567
vt 0.1 -53.6961
vt 0.1 -52.6829
vt 2.11876e-09 -52.6829
vt 9.08039e-10 -51.6698
vt 2.11876e-09 -52.6829
vt 0.1 -52.6829
vt -4.5402e-10 -53.6961
vt 0.1 -54.7092
vt 0.1 -53.6961
vt 0.1 -53.6961
vt 2.11876e-09 -52.6829
vt -4.5402e-10 -53.6961
vt 0.1 -54.7092
vt -3.0268e-09 -54.7092
vt 0.1 -55.7223
vt -3.0268e-09 -54.7092
vt 0.1 -54.7092
vt -4.5402e-10 -53.6961
vt 0.1 -56.7355
vt 0.1 -55.7223
vt -1.81608e-09 -55.7223
vt -3.0268e-09 -54.7092
vt -1.81608e-09 -55.7223
vt 0.1 -55.7223
vt -6.0536e-10 -56.7355
vt 0.1 -57.7486
vt 0.1 -56.7355
vt 0.1 -56.7355
vt -1.81608e-09 -55.7223
vt -6.0536e-10 -56.7355
vt 0.1 -57.7486
vt -7.567e-10 -57.7486
vt 0.1 -58.7617
vt -7.567e-10 -57.7486
vt 0.1 -57.7486
vt -6.0536e-10 -56.7355
vt 0.1 -59.7749
vt 0.1 -58.7617
vt 4.5402e-10 -58.7617
vt -7.567e-10 -57.7486
vt 4.5402e-10 -58.7617
vt 0.1 -58.7617
vt -2.2701e-10 -59.7749
vt 0.1 -60.788
vt 0.1 -59.7749
vt 0.1 -59.7749
vt 4.5402e-10 -58.7617
vt -2.2701e-10 -59.7749
vt 0.1 -60.788
vt -9.0804e-10 -60.788
vt 0.1 -61.8011
vt -9.0804e-10 -60.788
vt 0.1 -60.788
vt -2.2701e-10 -59.7749
vt 0.1 -62.8143
vt 0.1 -61.8011
vt -3.7835e-10 -61.8011
vt -9.0804e-10 -60.788
vt -3.7835e-10 -61.8011
vt 0.1 -61.8011
vt -1.13505e-10 -62.8143
vt 0.1 -63.8274
vt 0.1 -62.8143
vt 0.1 -62.8143
vt -3.7835e-10 -61.8011
vt -1.13505e-10 -62.8143
vt 0.1 -63.8274
vt -1.89175e-10 -63.8274
vt 0.1 -64.8405
vt -1.89175e-10 -63.8274
vt 0.1 -63.8274
vt -1.13505e-10 -62.8143
vt 0.1 -65.8537
vt 0.1 -64.8405
vt -9.45874e-11 -64.8405
vt -1.89175e-10 -63.8274
vt -9.45874e-11 -64.8405
vt 0.1 -64.8405
vt 0.1 -65.8537
vt -9.45874e-11 -64.8405
vt 0 -65.8537
vt 6.27178 0.1
vt 7.31707 0
vt 7.31707 0.1
vt 6.27178 0.1
vt 5.22648 0.1
vt 6.27178 0
vt 6.27178 0
vt 7.31707 0
vt 6.27178 0.1
vt 5.22648 0
vt 5.22648 0.1
vt 4.18118 0.1
vt 5.22648 0.1
vt 5.22648 0
vt 6.27178 0
vt 3.13589 0.1
vt 4.18118 0
vt 4.18118 0.1
vt 5.22648 0
vt 4.18118 0.1
vt 4.18118 0
vt 3.13589 0.1
vt 2.09059 0.1
vt 3.13589 0
vt 3.13589 0
vt 4.18118 0
vt 3.13589 0.1
vt 2.09059 0
vt 2.09059 0.1
vt 1.0453 0.1
vt 2.09059 0.1
vt 2.09059 0
vt 3.13589 0
vt -3.40777e-11 0.1
vt 1.0453 0
vt 1.0453 0.1
vt 2.09059 0
vt 1.0453 0.1
vt 1.0453 0
vt -1.03297e-23 0
vt 1.0453 0
vt -3.40777e-11 0.1
vt 8.36237 0
vt 7.31707 0.1
vt 7.31707 0
vt 9.40767 0
vt 8.36237 0.1
vt 8.36237 0
vt 7.31707 0.1
vt 8.36237 0
vt 8.36237 0.1
vt 9.40767 0
vt 10.453 0
vt 9.40767 0.1
vt 9.40767 0.1
vt 8.36237 0.1
vt 9.40767 0
vt 10.453 0.1
vt 10.453 0
vt 11.4983 0
vt 10.453 0
vt 10.453 0.1
vt 9.40767 0.1
vt 12.5436 0
vt 11.4983 0.1
vt 11.4983 0
vt 10.453 0.1
vt 11.4983 0
vt 11.4983 0.1
vt 12.5436 0
vt 13.5889 0
vt 12.5436 0.1
vt 12.5436 0.1
vt 11.4983 0.1
vt 12.5436 0
vt 13.5889 0.1
vt 13.5889 0
vt 14.6341 0
vt 13.5889 0
vt 13.5889 0.1
vt 12.5436 0.1
vt 13.5889 0.1
vt 14.6341 0
vt 14.6341 0.1
vt 0.1 -4.39024
vt 0.1 -3.29268
vt 1.67638e-09 -3.29268
vt 0.1 -4.39024
vt 1.67638e-09 -3.29268
vt -9.31323e-10 -4.39024
vt 1.30385e-09 -2.19512
vt 0.1 -2.19512
vt -7.45058e-10 -1.09756
vt 1.30385e-09 -2.19512
vt 1.67638e-09 -3.29268
vt 0.1 -3.29268
vt -9.31323e-10 -4.39024
vt 0.1 -5.4878
vt 0.1 -4.39024
vt 0.1 -3.29268
vt 0.1 -2.19512
vt 1.30385e-09 -2.19512
vt -1.11759e-09 1.77636e-15
vt -7.45058e-10 -1.09756
vt 0.1 -1.09756
vt -1.11759e-09 1.77636e-15
vt 0.1 -1.09756
vt 0.1 1.77636e-15
vt -7.45058e-10 -1.09756
vt 0.1 -2.19512
vt 0.1 -1.09756
vt -5.58794e-10 -5.4878
vt 0.1 -5.4878
vt -9.31323e-10 -4.39024
vt 0.1 -6.58537
vt -5.58794e-10 -5.4878
vt 6.51926e-10 -6.58537
vt -5.58794e-10 -5.4878
vt 0.1 -6.58537
vt 0.1 -5.4878
vt -4.65661e-10 -7.68293
vt 0.1 -7.68293
vt 6.51926e-10 -6.58537
vt 0.1 -6.58537
vt 6.51926e-10 -6.58537
vt 0.1 -7.68293
vt -4.65661e-10 -7.68293
vt 3.25963e-10 -8.78049
vt 0.1 -8.78049
vt 0.1 -8.78049
vt 0.1 -7.68293
vt -4.65661e-10 -7.68293
vt 0.1 -9.87805
vt 3.25963e-10 -8.78049
vt 1.62981e-10 -9.87805
vt 3.25963e-10 -8.78049
vt 0.1 -9.87805
vt 0.1 -8.78049
vt 0.1 -9.87805
vt 1.62981e-10 -9.87805
vt 0.1 -10.9756
vt 0.1 -10.9756
vt 1.62981e-10 -9.87805
vt 3.72231e-25 -10.9756
vt 6.27178 0.1
vt 7.31707 0
vt 7.31707 0.1
vt 6.27178 0.1
vt 5.22648 0.1
vt 6.27178 0
vt 6.27178 0
vt 7.31707 0
vt 6.27178 0.1
vt 5.22648 0
vt 5.22648 0.1
vt 4.18118 0.1
vt 5.22648 0.1
vt 5.22648 0
vt 6.27178 0
vt 3.13589 0.1
vt 4.18118 0
vt 4.18118 0.1
vt 5.22648 0
vt 4.18118 0.1
vt 4.18118 0
vt 3.13589 0.1
vt 2.09059 0.1
vt 3.13589 0
vt 3.13589 0
vt 4.18118 0
vt 3.13589 0.1
vt 2.09059 0
vt 2.09059 0.1
vt 1.0453 0.1
vt 2.09059 0.1
vt 2.09059 0
vt 3.13589 0
vt -3.40777e-11 0.1
vt 1.0453 0
vt 1.0453 0.1
vt 2.09059 0
vt 1.0453 0.1
vt 1.0453 0
vt -1.03297e-23 0
vt 1.0453 0
vt -3.40777e-11 0.1
vt 8.36237 0
vt 7.31707 0.1
vt 7.31707 0
vt 9.40767 0
vt 8.36237 0.1
vt 8.36237 0
vt 7.31707 0.1
vt 8.36237 0
vt 8.36237 0.1
vt 9.40767 0
vt 10.453 0
vt 9.40767 0.1
vt 9.40767 0.1
vt 8.36237 0.1
vt 9.40767 0
vt 10.453 0.1
vt 10.453 0
vt 11.4983 0
vt 10.453 0
vt 10.453 0.1
vt 9.40767 0.1
vt 12.5436 0
vt 11.4983 0.1
vt 11.4983 0
vt 10.453 0.1
vt 11.4983 0
vt 11.4983 0.1
vt 12.5436 0
vt 13.5889 0
vt 12.5436 0.1
vt 12.5436 0.1
vt 11.4983 0.1
vt 12.5436 0
vt 13.5889 0.1
vt 13.5889 0
vt 14.6341 0
vt 13.5889 0
vt 13.5889 0.1
vt 12.5436 0.1
vt 13.5889 0.1
vt 14.6341 0
vt 14.6341 0.1
vt 1.49943e-09 -10.0742
vt 0.1 -11.0817
vt 0.1 -10.0742
vt 1.49943e-09 -10.0742
vt 3.21306e-09 -11.0817
vt 0.1 -11.0817
vt 0.1 -10.0742
vt 0.1 -9.06681
vt 5.1409e-09 -9.06681
vt 0.1 -8.05938
vt -3.42727e-09 -8.05938
vt 0.1 -9.06681
vt 0.1 -8.05938
vt 2.14204e-10 -7.05196
vt -3.42727e-09 -8.05938
vt -3.42727e-09 -8.05938
vt 5.1409e-09 -9.06681
vt 0.1 -9.06681
vt 0.1 -7.05196
vt 2.14204e-10 -7.05196
vt 0.1 -8.05938
vt 5.1409e-09 -9.06681
vt 1.49943e-09 -10.0742
vt 0.1 -10.0742
vt 0.1 -7.05196
vt -1.49943e-09 -6.04454
vt 2.14204e-10 -7.05196
vt -1.49943e-09 -6.04454
vt 0.1 -7.05196
vt 0.1 -6.04454
vt 2.14204e-09 -5.03712
vt 0.1 -6.04454
vt 0.1 -5.03712
vt 2.14204e-09 -5.03712
vt -1.49943e-09 -6.04454
vt 0.1 -6.04454
vt 4.28408e-10 -4.02969
vt 2.14204e-09 -5.03712
vt 0.1 -5.03712
vt 0.1 -5.03712
vt 0.1 -4.02969
vt 4.28408e-10 -4.02969
vt 0.1 -4.02969
vt 0.1 -3.02227
vt -1.28523e-09 -3.02227
vt 0.1 -12.0891
vt 0.1 -11.0817
vt 3.21306e-09 -11.0817
vt 0.1 -3.02227
vt 0.1 -2.01485
vt 8.56817e-10 -2.01485
vt 8.56817e-10 -2.01485
vt -1.28523e-09 -3.02227
vt 0.1 -3.02227
vt 4.28408e-10 -4.02969
vt 0.1 -4.02969
vt -1.28523e-09 -3.02227
vt 0.1 -2.01485
vt -8.56817e-10 -1.00742
vt 8.56817e-10 -2.01485
vt -2.57045e-09 0
vt -8.56817e-10 -1.00742
vt 0.1 -1.00742
vt 0.1 -1.00742
vt -8.56817e-10 -1.00742
vt 0.1 -2.01485
vt -2.57045e-09 0
vt 0.1 -1.00742
vt 0.1 0
vt 0.1 -12.0891
vt -4.28408e-10 -12.0891
vt 0.1 -13.0965
vt -4.28408e-10 -12.0891
vt 0.1 -12.0891
vt 3.21306e-09 -11.0817
vt 0.1 -14.1039
vt 0.1 -13.0965
vt -6.42613e-10 -13.0965
vt -4.28408e-10 -12.0891
vt -6.42613e-10 -13.0965
vt 0.1 -13.0965
vt 1.07102e-09 -14.1039
vt 0.1 -15.1113
vt 0.1 -14.1039
vt 0.1 -14.1039
vt -6.42613e-10 -13.0965
vt 1.07102e-09 -14.1039
vt 0.1 -15.1113
vt 1.07102e-10 -15.1113
vt 0.1 -16.1188
vt 1.07102e-10 -15.1113
vt 0.1 -15.1113
vt 1.07102e-09 -14.1039
vt 0.1 -17.1262
vt 0.1 -16.1188
vt 2.57045e-09 -16.1188
vt 1.07102e-10 -15.1113
vt 2.57045e-09 -16.1188
vt 0.1 -16.1188
vt 1.60653e-09 -17.1262
vt 0.1 -18.1336
vt 0.1 -17.1262
vt 0.1 -17.1262
vt 2.57045e-09 -16.1188
vt 1.60653e-09 -17.1262
vt 0.1 -18.1336
vt -3.21306e-10 -18.1336
vt 0.1 -19.141
vt -3.21306e-10 -18.1336
vt 0.1 -18.1336
vt 1.60653e-09 -17.1262
vt 0.1 -20.1485
vt 0.1 -19.141
vt 5.3551e-11 -19.141
vt -3.21306e-10 -18.1336
vt 5.3551e-11 -19.141
vt 0.1 -19.141
vt 8.03266e-10 -20.1485
vt 0.1 -21.1559
vt 0.1 -20.1485
vt 0.1 -20.1485
vt 5.3551e-11 -19.141
vt 8.03266e-10 -20.1485
vt 0.1 -21.1559
vt 2.67755e-11 -21.1559
vt 0.1 -22.1633
vt 2.67755e-11 -21.1559
vt 0.1 -21.1559
vt 8.03266e-10 -20.1485
vt 0.1 -23.1707
vt 0.1 -22.1633
vt 1.33878e-11 -22.1633
vt 2.67755e-11 -21.1559
vt 1.33878e-11 -22.1633
vt 0.1 -22.1633
vt 0.1 -23.1707
vt 1.33878e-11 -22.1633
vt 0 -23.1707
vt 6.09756 0.1
vt 5.0813 0.1
vt 6.09756 0
vt 5.0813 0
vt 5.0813 0.1
vt 4.06504 0.1
vt 5.0813 0.1
vt 5.0813 0
vt 6.09756 0
vt 3.04878 0.1
vt 4.06504 0
vt 4.06504 0.1
vt 5.0813 0
vt 4.06504 0.1
vt 4.06504 0
vt 3.04878 0.1
vt 2.03252 0.1
vt 3.04878 0
vt 3.04878 0
vt 4.06504 0
vt 3.04878 0.1
vt 2.03252 0
vt 2.03252 0.1
vt 1.01626 0.1
vt 2.03252 0.1
vt 2.03252 0
vt 3.04878 0
vt -1.27773e-10 0.1
vt 1.01626 0
vt 1.01626 0.1
vt 2.03252 0
vt 1.01626 0.1
vt 1.01626 0
vt 0 0
vt 1.01626 0
vt -1.27773e-10 0.1
vt 7.11382 0
vt 6.09756 0.1
vt 6.09756 0
vt 7.11382 0
vt 8.13008 0
vt 7.11382 0.1
vt 7.11382 0.1
vt 6.09756 0.1
vt 7.11382 0
vt 8.13008 0.1
vt 8.13008 0
vt 9.14634 0
vt 8.13008 0
vt 8.13008 0.1
vt 7.11382 0.1
vt 10.1626 0
vt 9.14634 0.1
vt 9.14634 0
vt 8.13008 0.1
vt 9.14634 0
vt 9.14634 0.1
vt 10.1626 0
vt 11.1789 0
vt 10.1626 0.1
vt 10.1626 0.1
vt 9.14634 0.1
vt 10.1626 0
vt 11.1789 0.1
vt 11.1789 0
vt 12.1951 0
vt 11.1789 0
vt 11.1789 0.1
vt 10.1626 0.1
vt 11.1789 0.1
vt 12.1951 0
vt 12.1951 0.1
vt -0.1 14.1039
vt 2.29105e-09 13.0965
vt 5.7742e-10 14.1039
vt -0.1 11.0817
vt 1.49012e-10 10.0742
vt -4.99189e-09 11.0817
vt -4.99189e-09 11.0817
vt -0.1 12.0891
vt -0.1 11.0817
vt -0.1 10.0742
vt -0.1 9.06681
vt 1.86265e-09 9.06681
vt -0.1 10.0742
vt 1.86265e-09 9.06681
vt 1.49012e-10 10.0742
vt 1.86265e-09 9.06681
vt -0.1 9.06681
vt 3.57628e-09 8.05939
vt 3.57628e-09 8.05939
vt -0.1 8.05939
vt -1.99303e-09 7.05196
vt 3.57628e-09 8.05939
vt -0.1 9.06681
vt -0.1 8.05939
vt -0.1 11.0817
vt -0.1 10.0742
vt 1.49012e-10 10.0742
vt -0.1 7.05196
vt -1.99303e-09 7.05196
vt -0.1 8.05939
vt 4.8615e-09 4.02969
vt -0.1 5.03712
vt -0.1 4.02969
vt -0.1 7.05196
vt -0.1 6.04454
vt -2.79397e-10 6.04454
vt 4.8615e-09 4.02969
vt 3.14787e-09 5.03712
vt -0.1 5.03712
vt 3.14787e-09 5.03712
vt -0.1 6.04454
vt -0.1 5.03712
vt -2.79397e-10 6.04454
vt -0.1 6.04454
vt 3.14787e-09 5.03712
vt -0.1 7.05196
vt -2.79397e-10 6.04454
vt -1.99303e-09 7.05196
vt -0.1 4.02969
vt -2.42144e-09 3.02227
vt 4.8615e-09 4.02969
vt -0.1 2.01485
vt 1.49012e-10 2.01485
vt -0.1 3.02227
vt 3.14787e-09 1.00742
vt 1.49012e-10 2.01485
vt -0.1 2.01485
vt -0.1 1.00742
vt -0.1 -1.14918e-22
vt -4.56348e-09 -1.14918e-22
vt 1.49012e-10 2.01485
vt -2.42144e-09 3.02227
vt -0.1 3.02227
vt 3.14787e-09 1.00742
vt -0.1 2.01485
vt -0.1 1.00742
vt -0.1 1.00742
vt -4.56348e-09 -1.14918e-22
vt 3.14787e-09 1.00742
vt -2.42144e-09 3.02227
vt -0.1 4.02969
vt -0.1 3.02227
vt 4.00469e-09 12.0891
vt -0.1 12.0891
vt -4.99189e-09 11.0817
vt -0.1 13.0965
vt 4.00469e-09 12.0891
vt 2.29105e-09 13.0965
vt 4.00469e-09 12.0891
vt -0.1 13.0965
vt -0.1 12.0891
vt -0.1 14.1039
vt 5.7742e-10 14.1039
vt -0.1 15.1113
vt -0.1 13.0965
vt 2.29105e-09 13.0965
vt -0.1 14.1039
vt -7.99075e-09 15.1113
vt -0.1 16.1188
vt -0.1 15.1113
vt -0.1 15.1113
vt 5.7742e-10 14.1039
vt -7.99075e-09 15.1113
vt -0.1 16.1188
vt 1.00583e-09 16.1188
vt -0.1 17.1262
vt 1.00583e-09 16.1188
vt -0.1 16.1188
vt -7.99075e-09 15.1113
vt -0.1 18.1336
vt -0.1 17.1262
vt -7.07805e-10 17.1262
vt 1.00583e-09 16.1188
vt -7.07805e-10 17.1262
vt -0.1 17.1262
vt -2.42144e-09 18.1336
vt -0.1 19.141
vt -0.1 18.1336
vt -0.1 18.1336
vt -7.07805e-10 17.1262
vt -2.42144e-09 18.1336
vt -0.1 19.141
vt -4.13507e-09 19.141
vt -0.1 20.1485
vt -4.13507e-09 19.141
vt -0.1 19.141
vt -2.42144e-09 18.1336
vt -0.1 21.1559
vt -0.1 20.1485
vt -5.84871e-09 20.1485
vt -4.13507e-09 19.141
vt -5.84871e-09 20.1485
vt -0.1 20.1485
vt 7.00355e-09 21.1559
vt -0.1 22.1633
vt -0.1 21.1559
vt -0.1 21.1559
vt -5.84871e-09 20.1485
vt 7.00355e-09 21.1559
vt -0.1 22.1633
vt 5.28991e-09 22.1633
vt -0.1 23.1707
vt 5.28991e-09 22.1633
vt -0.1 22.1633
vt 7.00355e-09 21.1559
vt 5.28991e-09 22.1633
vt 3.57628e-09 23.1707
vt -0.1 23.1707
vt 23.1707 0
vt 23.1707 0.1
vt 22.1633 0.1
vt 21.1559 0.1
vt 22.1633 0
vt 22.1633 0.1
vt 23.1707 0
vt 22.1633 0.1
vt 22.1633 0
vt 21.1559 0.1
vt 20.1485 0.1
vt 21.1559 0
vt 21.1559 0
vt 22.1633 0
vt 21.1559 0.1
vt 20.1485 0
vt 20.1485 0.1
vt 19.141 0.1
vt 20.1485 0.1
vt 20.1485 0
vt 21.1559 0
vt 18.1336 0.1
vt 19.141 0
vt 19.141 0.1
vt 20.1485 0
vt 19.141 0.1
vt 19.141 0
vt 18.1336 0.1
vt 17.1262 0.1
vt 18.1336 0
vt 18.1336 0
vt 19.141 0
vt 18.1336 0.1
vt 17.1262 0
vt 17.1262 0.1
vt 16.1188 0.1
vt 17.1262 0.1
vt 17.1262 0
vt 18.1336 0
vt 15.1113 0.1
vt 16.1188 0
vt 16.1188 0.1
vt 17.1262 0
vt 16.1188 0.1
vt 16.1188 0
vt 15.1113 0.1
vt 14.1039 0.1
vt 15.1113 0
vt 15.1113 0
vt 16.1188 0
vt 15.1113 0.1
vt 14.1039 0
vt 14.1039 0.1
vt 13.0965 0.1
vt 14.1039 0.1
vt 14.1039 0
vt 15.1113 0
vt 12.0891 0.1
vt 13.0965 0
vt 13.0965 0.1
vt 14.1039 0
vt 13.0965 0.1
vt 13.0965 0
vt 12.0891 0.1
vt 11.0817 0.1
vt 12.0891 0
vt 12.0891 0
vt 13.0965 0
vt 12.0891 0.1
vt 11.0817 0
vt 11.0817 0.1
vt 10.0742 0.1
vt 11.0817 0.1
vt 11.0817 0
vt 12.0891 0
vt 9.06681 0.1
vt 10.0742 0
vt 10.0742 0.1
vt 11.0817 0
vt 10.0742 0.1
vt 10.0742 0
vt 9.06681 0.1
vt 8.05939 0.1
vt 9.06681 0
vt 9.06681 0
vt 10.0742 0
vt 9.06681 0.1
vt 8.05939 0
vt 8.05939 0.1
vt 7.05196 0.1
vt 8.05939 0.1
vt 8.05939 0
vt 9.06681 0
vt 6.04454 0.1
vt 7.05196 0
vt 7.05196 0.1
vt 8.05939 0
vt 7.05196 0.1
vt 7.05196 0
vt 6.04454 0.1
vt 5.03712 0.1
vt 6.04454 0
vt 6.04454 0
vt 7.05196 0
vt 6.04454 0.1
vt 5.03712 0
vt 5.03712 0.1
vt 4.02969 0.1
vt 5.03712 0.1
vt 5.03712 0
vt 6.04454 0
vt 3.02227 0.1
vt 4.02969 0
vt 4.02969 0.1
vt 5.03712 0
vt 4.02969 0.1
vt 4.02969 0
vt 3.02227 0.1
vt 2.01485 0.1
vt 3.02227 0
vt 3.02227 0
vt 4.02969 0
vt 3.02227 0.1
vt 2.01485 0
vt 2.01485 0.1
vt 1.00742 0.1
vt 2.01485 0.1
vt 2.01485 0
vt 3.02227 0
vt 3.37179e-11 0.1
vt 1.00742 0
vt 1.00742 0.1
vt 2.01485 0
vt 1.00742 0.1
vt 1.00742 0
vt 0 0
vt 1.00742 0
vt 3.37179e-11 0.1
vt 24.1782 0
vt 23.1707 0.1
vt 23.1707 0
vt 24.1782 0.1
vt 24.1782 0
vt 25.1856 0
vt 24.1782 0
vt 24.1782 0.1
vt 23.1707 0.1
vt 26.193 0
vt 25.1856 0.1
vt 25.1856 0
vt 24.1782 0.1
vt 25.1856 0
vt 25.1856 0.1
vt 26.193 0
vt 27.2004 0
vt 26.193 0.1
vt 26.193 0.1
vt 25.1856 0.1
vt 26.193 0
vt 27.2004 0.1
vt 27.2004 0
vt 28.2078 0
vt 27.2004 0
vt 27.2004 0.1
vt 26.193 0.1
vt 29.2153 0
vt 28.2078 0.1
vt 28.2078 0
vt 27.2004 0.1
vt 28.2078 0
vt 28.2078 0.1
vt 29.2153 0
vt 30.2227 0
vt 29.2153 0.1
vt 29.2153 0.1
vt 28.2078 0.1
vt 29.2153 0
vt 30.2227 0.1
vt 30.2227 0
vt 31.2301 0
vt 30.2227 0
vt 30.2227 0.1
vt 29.2153 0.1
vt 32.2375 0
vt 31.2301 0.1
vt 31.2301 0
vt 30.2227 0.1
vt 31.2301 0
vt 31.2301 0.1
vt 32.2375 0
vt 33.245 0
vt 32.2375 0.1
vt 32.2375 0.1
vt 31.2301 0.1
vt 32.2375 0
vt 33.245 0.1
vt 33.245 0
vt 34.2524 0
vt 33.245 0
vt 33.245 0.1
vt 32.2375 0.1
vt 35.2598 0
vt 34.2524 0.1
vt 34.2524 0
vt 33.245 0.1
vt 34.2524 0
vt 34.2524 0.1
vt 35.2598 0
vt 36.2672 0
vt 35.2598 0.1
vt 35.2598 0.1
vt 34.2524 0.1
vt 35.2598 0
vt 36.2672 0.1
vt 36.2672 0
vt 37.2747 0
vt 36.2672 0
vt 36.2672 0.1
vt 35.2598 0.1
vt 38.2821 0
vt 37.2747 0.1
vt 37.2747 0
vt 36.2672 0.1
vt 37.2747 0
vt 37.2747 0.1
vt 38.2821 0
vt 39.2895 0
vt 38.2821 0.1
vt 38.2821 0.1
vt 37.2747 0.1
vt 38.2821 0
vt 39.2895 0.1
vt 39.2895 0
vt 40.2969 0
vt 39.2895 0
vt 39.2895 0.1
vt 38.2821 0.1
vt 41.3043 0
vt 40.2969 0.1
vt 40.2969 0
vt 39.2895 0.1
vt 40.2969 0
vt 40.2969 0.1
vt 41.3043 0
vt 42.3118 0
vt 41.3043 0.1
vt 41.3043 0.1
vt 40.2969 0.1
vt 41.3043 0
vt 42.3118 0.1
vt 42.3118 0
vt 43.3192 0
vt 42.3118 0
vt 42.3118 0.1
vt 41.3043 0.1
vt 44.3266 0
vt 43.3192 0.1
vt 43.3192 0
vt 42.3118 0.1
vt 43.3192 0
vt 43.3192 0.1
vt 44.3266 0
vt 45.334 0
vt 44.3266 0.1
vt 44.3266 0.1
vt 43.3192 0.1
vt 44.3266 0
vt 45.334 0.1
vt 45.334 0
vt 46.3415 0
vt 45.334 0
vt 45.334 0.1
vt 44.3266 0.1
vt 45.334 0.1
vt 46.3415 0
vt 46.3415 0.1
vt 1.86265e-09 5.20198
vt -0.1 6.24238
vt -0.1 5.20198
vt 1.86265e-09 5.20198
vt -0.1 5.20198
vt 7.45058e-10 4.16159
vt -0.1 4.16159
vt 7.45058e-10 4.16159
vt -0.1 5.20198
vt -7.45058e-10 2.08079
vt -3.72529e-10 3.12119
vt -0.1 3.12119
vt -0.1 4.16159
vt -3.72529e-10 3.12119
vt 7.45058e-10 4.16159
vt -7.45058e-10 2.08079
vt -0.1 2.08079
vt -1.49012e-09 1.0404
vt -0.1 3.12119
vt -0.1 2.08079
vt -7.45058e-10 2.08079
vt -2.23517e-09 0
vt -1.49012e-09 1.0404
vt -0.1 1.0404
vt -0.1 1.0404
vt -1.49012e-09 1.0404
vt -0.1 2.08079
vt -0.1 0
vt -2.23517e-09 0
vt -0.1 1.0404
vt -3.72529e-10 3.12119
vt -0.1 4.16159
vt -0.1 3.12119
vt 1.86265e-09 5.20198
vt 1.49012e-09 6.24238
vt -0.1 6.24238
vt -0.1 7.28277
vt 1.49012e-09 6.24238
vt 4.09782e-09 7.28277
vt 1.49012e-09 6.24238
vt -0.1 7.28277
vt -0.1 6.24238
vt 3.72529e-09 8.32317
vt -0.1 8.32317
vt 4.09782e-09 7.28277
vt -0.1 7.28277
vt 4.09782e-09 7.28277
vt -0.1 8.32317
vt 3.72529e-09 8.32317
vt -2.98023e-09 9.36357
vt -0.1 9.36357
vt -0.1 9.36357
vt -0.1 8.32317
vt 3.72529e-09 8.32317
vt -0.1 10.404
vt -2.98023e-09 9.36357
vt -3.35276e-09 10.404
vt -2.98023e-09 9.36357
vt -0.1 10.404
vt -0.1 9.36357
vt 39.3466 0.1
vt 40.3555 -1.76124e-14
vt 40.3555 0.1
vt 39.3466 0.1
vt 38.3377 0.1
vt 39.3466 -1.71659e-14
vt 39.3466 -1.71659e-14
vt 40.3555 -1.76124e-14
vt 39.3466 0.1
vt 38.3377 -1.67195e-14
vt 38.3377 0.1
vt 37.3288 0.1
vt 38.3377 0.1
vt 38.3377 -1.67195e-14
vt 39.3466 -1.71659e-14
vt 36.3199 0.1
vt 37.3288 -1.6273e-14
vt 37.3288 0.1
vt 38.3377 -1.67195e-14
vt 37.3288 0.1
vt 37.3288 -1.6273e-14
vt 36.3199 0.1
vt 35.311 0.1
vt 36.3199 -1.58265e-14
vt 36.3199 -1.58265e-14
vt 37.3288 -1.6273e-14
vt 36.3199 0.1
vt 35.311 -1.538e-14
vt 35.311 0.1
vt 34.3022 0.1
vt 35.311 0.1
vt 35.311 -1.538e-14
vt 36.3199 -1.58265e-14
vt 33.2933 0.1
vt 34.3022 -1.49335e-14
vt 34.3022 0.1
vt 35.311 -1.538e-14
vt 34.3022 0.1
vt 34.3022 -1.49335e-14
vt 33.2933 0.1
vt 32.2844 0.1
vt 33.2933 -1.4487e-14
vt 33.2933 -1.4487e-14
vt 34.3022 -1.49335e-14
vt 33.2933 0.1
vt 32.2844 -1.40406e-14
vt 32.2844 0.1
vt 31.2755 0.1
vt 32.2844 0.1
vt 32.2844 -1.40406e-14
vt 33.2933 -1.4487e-14
vt 30.2666 0.1
vt 31.2755 -1.35941e-14
vt 31.2755 0.1
vt 32.2844 -1.40406e-14
vt 31.2755 0.1
vt 31.2755 -1.35941e-14
vt 30.2666 0.1
vt 29.2577 0.1
vt 30.2666 -1.31476e-14
vt 30.2666 -1.31476e-14
vt 31.2755 -1.35941e-14
vt 30.2666 0.1
vt 29.2577 -1.27011e-14
vt 29.2577 0.1
vt 28.2488 0.1
vt 29.2577 0.1
vt 29.2577 -1.27011e-14
vt 30.2666 -1.31476e-14
vt 27.24 0.1
vt 28.2488 -1.22546e-14
vt 28.2488 0.1
vt 29.2577 -1.27011e-14
vt 28.2488 0.1
vt 28.2488 -1.22546e-14
vt 27.24 0.1
vt 26.2311 0.1
vt 27.24 -1.18081e-14
vt 27.24 -1.18081e-14
vt 28.2488 -1.22546e-14
vt 27.24 0.1
vt 26.2311 -1.13616e-14
vt 26.2311 0.1
vt 25.2222 0.1
vt 26.2311 0.1
vt 26.2311 -1.13616e-14
vt 27.24 -1.18081e-14
vt 24.2133 0.1
vt 25.2222 -1.09152e-14
vt 25.2222 0.1
vt 26.2311 -1.13616e-14
vt 25.2222 0.1
vt 25.2222 -1.09152e-14
vt 24.2133 0.1
vt 23.2044 0.1
vt 24.2133 -1.04687e-14
vt 24.2133 -1.04687e-14
vt 25.2222 -1.09152e-14
vt 24.2133 0.1
vt 23.2044 -1.00222e-14
vt 23.2044 0.1
vt 22.1955 0.1
vt 23.2044 0.1
vt 23.2044 -1.00222e-14
vt 24.2133 -1.04687e-14
vt 21.1866 0.1
vt 22.1955 -9.57571e-15
vt 22.1955 0.1
vt 23.2044 -1.00222e-14
vt 22.1955 0.1
vt 22.1955 -9.57571e-15
vt 21.1866 0.1
vt 20.1777 0.1
vt 21.1866 -9.12922e-15
vt 21.1866 -9.12922e-15
vt 22.1955 -9.57571e-15
vt 21.1866 0.1
vt 20.1777 -8.68274e-15
vt 20.1777 0.1
vt 19.1689 0.1
vt 20.1777 0.1
vt 20.1777 -8.68274e-15
vt 21.1866 -9.12922e-15
vt 18.16 0.1
vt 19.1689 -8.23625e-15
vt 19.1689 0.1
vt 20.1777 -8.68274e-15
vt 19.1689 0.1
vt 19.1689 -8.23625e-15
vt 18.16 0.1
vt 17.1511 0.1
vt 18.16 -7.78977e-15
vt 18.16 -7.78977e-15
vt 19.1689 -8.23625e-15
vt 18.16 0.1
vt 17.1511 -7.34328e-15
vt 17.1511 0.1
vt 16.1422 0.1
vt 17.1511 0.1
vt 17.1511 -7.34328e-15
vt 18.16 -7.78977e-15
vt 15.1333 0.1
vt 16.1422 -6.8968e-15
vt 16.1422 0.1
vt 17.1511 -7.34328e-15
vt 16.1422 0.1
vt 16.1422 -6.8968e-15
vt 15.1333 0.1
vt 14.1244 0.1
vt 15.1333 -6.45031e-15
vt 15.1333 -6.45031e-15
vt 16.1422 -6.8968e-15
vt 15.1333 0.1
vt 14.1244 -6.00383e-15
vt 14.1244 0.1
vt 13.1155 0.1
vt 14.1244 0.1
vt 14.1244 -6.00383e-15
vt 15.1333 -6.45031e-15
vt 12.1066 0.1
vt 13.1155 -5.55734e-15
vt 13.1155 0.1
vt 14.1244 -6.00383e-15
vt 13.1155 0.1
vt 13.1155 -5.55734e-15
vt 12.1066 0.1
vt 11.0978 0.1
vt 12.1066 -5.11086e-15
vt 12.1066 -5.11086e-15
vt 13.1155 -5.55734e-15
vt 12.1066 0.1
vt 11.0978 -4.66437e-15
vt 11.0978 0.1
vt 10.0889 0.1
vt 11.0978 0.1
vt 11.0978 -4.66437e-15
vt 12.1066 -5.11086e-15
vt 9.07998 0.1
vt 10.0889 -4.21789e-15
vt 10.0889 0.1
vt 11.0978 -4.66437e-15
vt 10.0889 0.1
vt 10.0889 -4.21789e-15
vt 9.07998 0.1
vt 8.0711 0.1
vt 9.07998 -3.77141e-15
vt 9.07998 -3.77141e-15
vt 10.0889 -4.21789e-15
vt 9.07998 0.1
vt 8.0711 -3.32492e-15
vt 8.0711 0.1
vt 7.06221 0.1
vt 8.0711 0.1
vt 8.0711 -3.32492e-15
vt 9.07998 -3.77141e-15
vt 6.05332 0.1
vt 7.06221 -2.87844e-15
vt 7.06221 0.1
vt 8.0711 -3.32492e-15
vt 7.06221 0.1
vt 7.06221 -2.87844e-15
vt 6.05332 0.1
vt 5.04444 0.1
vt 6.05332 -2.43195e-15
vt 6.05332 -2.43195e-15
vt 7.06221 -2.87844e-15
vt 6.05332 0.1
vt 5.04444 -1.98547e-15
vt 5.04444 0.1
vt 4.03555 0.1
vt 5.04444 0.1
vt 5.04444 -1.98547e-15
vt 6.05332 -2.43195e-15
vt 3.02666 0.1
vt 4.03555 -1.53898e-15
vt 4.03555 0.1
vt 5.04444 -1.98547e-15
vt 4.03555 0.1
vt 4.03555 -1.53898e-15
vt 3.02666 0.1
vt 2.01777 0.1
vt 3.02666 -1.0925e-15
vt 3.02666 -1.0925e-15
vt 4.03555 -1.53898e-15
vt 3.02666 0.1
vt 2.01777 -6.46013e-16
vt 2.01777 0.1
vt 1.00889 0.1
vt 2.01777 0.1
vt 2.01777 -6.46013e-16
vt 3.02666 -1.0925e-15
vt -5.94357e-12 0.1
vt 1.00889 -1.99527e-16
vt 1.00889 0.1
vt 2.01777 -6.46013e-16
vt 1.00889 0.1
vt 1.00889 -1.99527e-16
vt 1.60188e-21 2.46957e-16
vt 1.00889 -1.99527e-16
vt -5.94357e-12 0.1
vt 41.3644 -1.80589e-14
vt 40.3555 0.1
vt 40.3555 -1.76124e-14
vt 42.3733 -1.85054e-14
vt 41.3644 0.1
vt 41.3644 -1.80589e-14
vt 40.3555 0.1
vt 41.3644 -1.80589e-14
vt 41.3644 0.1
vt 42.3733 -1.85054e-14
vt 43.3821 -1.89519e-14
vt 42.3733 0.1
vt 42.3733 0.1
vt 41.3644 0.1
vt 42.3733 -1.85054e-14
vt 43.3821 0.1
vt 43.3821 -1.89519e-14
vt 44.391 -1.93984e-14
vt 43.3821 -1.89519e-14
vt 43.3821 0.1
vt 42.3733 0.1
vt 45.3999 -1.98449e-14
vt 44.391 0.1
vt 44.391 -1.93984e-14
vt 43.3821 0.1
vt 44.391 -1.93984e-14
vt 44.391 0.1
vt 45.3999 -1.98449e-14
vt 46.4088 -2.02913e-14
vt 45.3999 0.1
vt 45.3999 0.1
vt 44.391 0.1
vt 45.3999 -1.98449e-14
vt 46.4088 0.1
vt 46.4088 -2.02913e-14
vt 47.4177 -2.07378e-14
vt 46.4088 -2.02913e-14
vt 46.4088 0.1
vt 45.3999 0.1
vt 48.4266 -2.11843e-14
vt 47.4177 0.1
vt 47.4177 -2.07378e-14
vt 46.4088 0.1
vt 47.4177 -2.07378e-14
vt 47.4177 0.1
vt 48.4266 -2.11843e-14
vt 49.4355 -2.16308e-14
vt 48.4266 0.1
vt 48.4266 0.1
vt 47.4177 0.1
vt 48.4266 -2.11843e-14
vt 49.4355 0.1
vt 49.4355 -2.16308e-14
vt 50.4444 -2.20773e-14
vt 49.4355 -2.16308e-14
vt 49.4355 0.1
vt 48.4266 0.1
vt 51.4532 -2.25238e-14
vt 50.4444 0.1
vt 50.4444 -2.20773e-14
vt 49.4355 0.1
vt 50.4444 -2.20773e-14
vt 50.4444 0.1
vt 51.4532 -2.25238e-14
vt 52.4621 -2.29702e-14
vt 51.4532 0.1
vt 51.4532 0.1
vt 50.4444 0.1
vt 51.4532 -2.25238e-14
vt 52.4621 0.1
vt 52.4621 -2.29702e-14
vt 53.471 -2.34167e-14
vt 52.4621 -2.29702e-14
vt 52.4621 0.1
vt 51.4532 0.1
vt 54.4799 -2.38632e-14
vt 53.471 0.1
vt 53.471 -2.34167e-14
vt 52.4621 0.1
vt 53.471 -2.34167e-14
vt 53.471 0.1
vt 54.4799 -2.38632e-14
vt 55.4888 -2.43097e-14
vt 54.4799 0.1
vt 54.4799 0.1
vt 53.471 0.1
vt 54.4799 -2.38632e-14
vt 55.4888 0.1
vt 55.4888 -2.43097e-14
vt 56.4977 -2.47562e-14
vt 55.4888 -2.43097e-14
vt 55.4888 0.1
vt 54.4799 0.1
vt 57.5066 -2.52027e-14
vt 56.4977 0.1
vt 56.4977 -2.47562e-14
vt 55.4888 0.1
vt 56.4977 -2.47562e-14
vt 56.4977 0.1
vt 57.5066 -2.52027e-14
vt 58.5154 -2.56492e-14
vt 57.5066 0.1
vt 57.5066 0.1
vt 56.4977 0.1
vt 57.5066 -2.52027e-14
vt 58.5154 0.1
vt 58.5154 -2.56492e-14
vt 59.5243 -2.60956e-14
vt 58.5154 -2.56492e-14
vt 58.5154 0.1
vt 57.5066 0.1
vt 60.5332 -2.65421e-14
vt 59.5243 0.1
vt 59.5243 -2.60956e-14
vt 58.5154 0.1
vt 59.5243 -2.60956e-14
vt 59.5243 0.1
vt 60.5332 -2.65421e-14
vt 61.5421 -2.69886e-14
vt 60.5332 0.1
vt 60.5332 0.1
vt 59.5243 0.1
vt 60.5332 -2.65421e-14
vt 61.5421 0.1
vt 61.5421 -2.69886e-14
vt 62.551 -2.74351e-14
vt 61.5421 -2.69886e-14
vt 61.5421 0.1
vt 60.5332 0.1
vt 63.5599 -2.78816e-14
vt 62.551 0.1
vt 62.551 -2.74351e-14
vt 61.5421 0.1
vt 62.551 -2.74351e-14
vt 62.551 0.1
vt 63.5599 -2.78816e-14
vt 64.5688 -2.83281e-14
vt 63.5599 0.1
vt 63.5599 0.1
vt 62.551 0.1
vt 63.5599 -2.78816e-14
vt 64.5688 0.1
vt 64.5688 -2.83281e-14
vt 65.5777 -2.87746e-14
vt 64.5688 -2.83281e-14
vt 64.5688 0.1
vt 63.5599 0.1
vt 66.5865 -2.9221e-14
vt 65.5777 0.1
vt 65.5777 -2.87746e-14
vt 64.5688 0.1
vt 65.5777 -2.87746e-14
vt 65.5777 0.1
vt 66.5865 -2.9221e-14
vt 67.5954 -2.96675e-14
vt 66.5865 0.1
vt 66.5865 0.1
vt 65.5777 0.1
vt 66.5865 -2.9221e-14
vt 67.5954 0.1
vt 67.5954 -2.96675e-14
vt 68.6043 -3.0114e-14
vt 67.5954 -2.96675e-14
vt 67.5954 0.1
vt 66.5865 0.1
vt 69.6132 -3.05605e-14
vt 68.6043 0.1
vt 68.6043 -3.0114e-14
vt 67.5954 0.1
vt 68.6043 -3.0114e-14
vt 68.6043 0.1
vt 69.6132 -3.05605e-14
vt 70.6221 -3.1007e-14
vt 69.6132 0.1
vt 69.6132 0.1
vt 68.6043 0.1
vt 69.6132 -3.05605e-14
vt 70.6221 0.1
vt 70.6221 -3.1007e-14
vt 71.631 -3.14535e-14
vt 70.6221 -3.1007e-14
vt 70.6221 0.1
vt 69.6132 0.1
vt 72.6399 -3.18999e-14
vt 71.631 0.1
vt 71.631 -3.14535e-14
vt 70.6221 0.1
vt 71.631 -3.14535e-14
vt 71.631 0.1
vt 72.6399 -3.18999e-14
vt 73.6488 -3.23464e-14
vt 72.6399 0.1
vt 72.6399 0.1
vt 71.631 0.1
vt 72.6399 -3.18999e-14
vt 73.6488 0.1
vt 73.6488 -3.23464e-14
vt 74.6576 -3.27929e-14
vt 73.6488 -3.23464e-14
vt 73.6488 0.1
vt 72.6399 0.1
vt 75.6665 -3.32394e-14
vt 74.6576 0.1
vt 74.6576 -3.27929e-14
vt 73.6488 0.1
vt 74.6576 -3.27929e-14
vt 74.6576 0.1
vt 75.6665 -3.32394e-14
vt 76.6754 -3.36859e-14
vt 75.6665 0.1
vt 75.6665 0.1
vt 74.6576 0.1
vt 75.6665 -3.32394e-14
vt 76.6754 0.1
vt 76.6754 -3.36859e-14
vt 77.6843 -3.41324e-14
vt 76.6754 -3.36859e-14
vt 76.6754 0.1
vt 75.6665 0.1
vt 78.6932 -3.45789e-14
vt 77.6843 0.1
vt 77.6843 -3.41324e-14
vt 76.6754 0.1
vt 77.6843 -3.41324e-14
vt 77.6843 0.1
vt 78.6932 -3.45789e-14
vt 79.7021 -3.50253e-14
vt 78.6932 0.1
vt 78.6932 0.1
vt 77.6843 0.1
vt 78.6932 -3.45789e-14
vt 79.7021 0.1
vt 79.7021 -3.50253e-14
vt 80.711 -3.58463e-14
vt 79.7021 -3.50253e-14
vt 79.7021 0.1
vt 78.6932 0.1
vt 79.7021 0.1
vt 80.711 -3.58463e-14
vt 80.711 0.1
vt 3.51638 -42.3042
vt 4.71661 -38.2022
vt 2.50896 -42.3042
vt -1.93528 -1.83861
vt 1.14668 -1.66007
vt 0.572161 -0.830847
vt -1.93527 -38.2022
vt 1.50153 -42.3042
vt 4.71661 -38.2022
vt -7.48306 -7.03978
vt -6.91807 -7.87453
vt -1.93528 -1.83861
vt 0.45709 -31.3286
vt -0.548651 -31.3286
vt -1.93527 -38.2022
vt -4.57161 -31.3286
vt -1.93527 -38.2022
vt -3.56587 -31.3286
vt 0.494108 -42.3042
vt -1.93527 -38.2022
vt -0.513312 -42.3042
vt 4.71661 -38.2022
vt 1.50153 -42.3042
vt 2.50896 -42.3042
vt -7.56527 -42.3042
vt -6.55785 -42.3042
vt -8.58716 -38.2022
vt -8.58716 -38.2022
vt -1.93527 -38.2022
vt -5.57735 -31.3286
vt -8.5727 -42.3042
vt -8.58716 -38.2022
vt -9.58012 -42.3042
vt -7.58883 -31.3286
vt -8.59457 -31.3286
vt -8.58716 -38.2022
vt -4.543 -42.3042
vt -3.53558 -42.3042
vt -1.93527 -38.2022
vt -9.58012 -42.3042
vt -8.58716 -38.2022
vt -10.5875 -42.3042
vt -1.93527 -10.9295
vt -5.78038 -9.53876
vt -5.20768 -10.3682
vt -6.35049 -8.70752
vt -1.93528 -1.83861
vt -6.91807 -7.87453
vt -15.239 -38.2022
vt -8.58716 -38.2022
vt -11.6118 -31.3286
vt -11.595 -42.3042
vt -15.239 -38.2022
vt -12.6024 -42.3042
vt -12.6175 -31.3286
vt -15.239 -38.2022
vt -11.6118 -31.3286
vt -8.60519 -5.36499
vt -8.58716 -1.83861
vt -9.16205 -4.5248
vt -13.6233 -31.3286
vt -15.239 -38.2022
vt -12.6175 -31.3286
vt -15.239 -38.2022
vt -13.6098 -42.3042
vt -12.6024 -42.3042
vt -16.6405 -31.3286
vt -17.6462 -31.3286
vt -15.239 -38.2022
vt -15.6348 -31.3286
vt -15.239 -38.2022
vt -14.629 -31.3286
vt -16.6405 -31.3286
vt -15.239 -38.2022
vt -15.6348 -31.3286
vt -21.8909 -38.2022
vt -15.239 -38.2022
vt -18.652 -31.3286
vt -18.652 -31.3286
vt -19.6577 -31.3286
vt -21.8909 -38.2022
vt -21.8909 -38.2022
vt -19.6577 -31.3286
vt -20.6635 -31.3286
vt -28.5428 -38.2022
vt -28.5428 -47.2932
vt -21.6692 -43.3117
vt -28.5428 -47.2932
vt -28.5428 -38.2022
vt -33.8643 -42.3042
vt -21.6692 -42.3042
vt -28.5428 -38.2022
vt -21.6692 -43.3117
vt -28.5428 -47.2932
vt -33.8643 -42.3042
vt -33.8643 -43.3117
vt -9.60032 -31.3286
vt -10.6061 -31.3286
vt -8.58716 -38.2022
vt -28.5428 -47.2932
vt -33.8643 -44.3191
vt -33.8643 -45.3265
vt -28.5428 -47.2932
vt -21.6692 -44.3191
vt -21.6692 -43.3117
vt -28.5428 -47.2932
vt -33.8643 -45.3265
vt -33.8643 -46.3339
vt -28.5428 -47.2932
vt -21.6692 -45.3265
vt -21.6692 -44.3191
vt -33.8643 -47.3414
vt -33.8643 -48.3488
vt -28.5428 -47.2932
vt -33.8643 -48.3488
vt -33.8643 -49.3562
vt -28.5428 -47.2932
vt -21.6692 -47.3414
vt -28.5428 -47.2932
vt -21.6692 -48.3488
vt -33.8643 -52.3785
vt -33.8643 -53.3859
vt -28.5428 -56.3841
vt -28.5428 -47.2932
vt -21.6692 -49.3562
vt -21.6692 -48.3488
vt -28.5428 -47.2932
vt -33.8643 -49.3562
vt -33.8643 -50.3636
vt -21.6692 -51.371
vt -28.5428 -47.2932
vt -21.6692 -52.3785
vt -28.5428 -47.2932
vt -33.8643 -50.3636
vt -33.8643 -51.371
vt -28.5428 -47.2932
vt -21.6692 -51.371
vt -21.6692 -50.3636
vt -28.5428 -47.2932
vt -33.8643 -51.371
vt -28.5428 -56.3841
vt -21.6692 -50.3636
vt -21.6692 -49.3562
vt -28.5428 -47.2932
vt -28.5428 -56.3841
vt -33.8643 -51.371
vt -33.8643 -52.3785
vt -21.6692 -52.3785
vt -28.5428 -47.2932
vt -28.5428 -56.3841
vt -28.5428 -56.3841
vt -33.8643 -53.3859
vt -33.8643 -54.3933
vt -28.5428 -56.3841
vt -21.6692 -53.3859
vt -21.6692 -52.3785
vt -33.8643 -55.4007
vt -28.5428 -56.3841
vt -33.8643 -54.3933
vt -28.5428 -56.3841
vt -21.6692 -54.3933
vt -21.6692 -53.3859
vt -21.6692 -57.4156
vt -21.6692 -56.4082
vt -28.5428 -56.3841
vt -28.5428 -56.3841
vt -21.6692 -55.4007
vt -21.6692 -54.3933
vt -21.6692 -65.475
vt -21.6692 -64.4675
vt -22.6855 -65.475
vt -33.8643 -57.4156
vt -33.8643 -58.423
vt -28.5428 -56.3841
vt -21.6692 -57.4156
vt -28.5428 -56.3841
vt -21.6692 -58.423
vt -28.5428 -56.3841
vt -27.7668 -65.475
vt -26.7505 -65.475
vt -45.3626 -42.3042
vt -44.3173 -42.3042
vt -41.8466 -38.2022
vt -21.6692 -59.4304
vt -21.6692 -58.423
vt -28.5428 -56.3841
vt -45.3626 -42.3042
vt -48.4985 -39.0116
vt -46.4079 -42.3042
vt -47.4532 -42.3042
vt -46.4079 -42.3042
vt -48.4985 -40.1091
vt -45.3626 -42.3042
vt -41.8466 -38.2022
vt -48.4985 -37.914
vt -48.4985 -40.1091
vt -46.4079 -42.3042
vt -48.4985 -39.0116
vt -41.8466 -38.2022
vt -45.3626 -31.3286
vt -48.4985 -35.7189
vt -48.4985 -37.914
vt -48.4985 -39.0116
vt -45.3626 -42.3042
vt -48.4985 -35.7189
vt -45.3626 -31.3286
vt -48.4985 -34.6213
vt -48.4985 -36.8164
vt -41.8466 -38.2022
vt -48.4985 -35.7189
vt -48.4985 -33.5238
vt -48.4985 -34.6213
vt -46.4079 -31.3286
vt -45.3626 -31.3286
vt -46.4079 -31.3286
vt -48.4985 -34.6213
vt -47.4532 -31.3286
vt -48.4985 -32.4262
vt -48.4985 -33.5238
vt -48.4985 -33.5238
vt -46.4079 -31.3286
vt -47.4532 -31.3286
vt -48.4985 -31.3286
vt -48.4985 -32.4262
vt -47.4532 -31.3286
vt -48.4985 -42.3042
vt -47.4532 -42.3042
vt -48.4985 -41.2067
vt -48.4985 -40.1091
vt -48.4985 -41.2067
vt -47.4532 -42.3042
vt -43.272 -42.3042
vt -41.8466 -38.2022
vt -44.3173 -42.3042
vt -48.4985 -37.914
vt -41.8466 -38.2022
vt -48.4985 -36.8164
vt -43.272 -42.3042
vt -42.2267 -42.3042
vt -41.8466 -38.2022
vt -41.8466 -38.2022
vt -44.3173 -31.3286
vt -45.3626 -31.3286
vt -41.1814 -42.3042
vt -41.8466 -38.2022
vt -42.2267 -42.3042
vt -43.272 -31.3286
vt -44.3173 -31.3286
vt -41.8466 -38.2022
vt -42.2267 -31.3286
vt -41.8466 -38.2022
vt -41.1814 -31.3286
vt -41.8466 -38.2022
vt -40.1361 -42.3042
vt -39.0908 -42.3042
vt -39.0908 -42.3042
vt -38.0455 -42.3042
vt -41.8466 -38.2022
vt -41.8466 -38.2022
vt -40.1361 -31.3286
vt -41.1814 -31.3286
vt -41.8466 -38.2022
vt -38.0455 -42.3042
vt -35.1947 -38.2022
vt -40.1361 -31.3286
vt -41.8466 -38.2022
vt -39.0908 -31.3286
vt -38.0455 -42.3042
vt -37.0002 -42.3042
vt -35.1947 -38.2022
vt -39.0908 -31.3286
vt -41.8466 -38.2022
vt -35.1947 -38.2022
vt -35.1947 -38.2022
vt -37.0002 -42.3042
vt -35.9549 -42.3042
vt -39.0908 -31.3286
vt -35.1947 -38.2022
vt -38.0455 -31.3286
vt -34.9096 -42.3042
vt -35.1947 -38.2022
vt -35.9549 -42.3042
vt -35.1947 -38.2022
vt -37.0002 -31.3286
vt -38.0455 -31.3286
vt -28.5428 -38.2022
vt -35.1947 -38.2022
vt -33.8643 -42.3042
vt -35.9549 -31.3286
vt -37.0002 -31.3286
vt -35.1947 -38.2022
vt -22.6855 -65.475
vt -21.6692 -64.4675
vt -21.6692 -63.4601
vt -35.1947 -38.2022
vt -33.8643 -31.3286
vt -34.9096 -31.3286
vt -23.7017 -65.475
vt -22.6855 -65.475
vt -21.6692 -63.4601
vt -21.6692 -62.4527
vt -23.7017 -65.475
vt -21.6692 -63.4601
vt -21.6692 -62.4527
vt -24.718 -65.475
vt -23.7017 -65.475
vt -21.6692 -60.4379
vt -25.7342 -65.475
vt -24.718 -65.475
vt -24.718 -65.475
vt -21.6692 -61.4453
vt -21.6692 -60.4379
vt -21.6692 -61.4453
vt -24.718 -65.475
vt -21.6692 -62.4527
vt -25.7342 -65.475
vt -21.6692 -60.4379
vt -28.5428 -56.3841
vt -21.6692 -59.4304
vt -28.5428 -56.3841
vt -21.6692 -60.4379
vt -33.8643 -43.3117
vt -33.8643 -44.3191
vt -28.5428 -47.2932
vt -26.7505 -65.475
vt -25.7342 -65.475
vt -28.5428 -56.3841
vt -28.5428 -56.3841
vt -33.8643 -59.4304
vt -33.8643 -60.4379
vt -33.8643 -58.423
vt -33.8643 -59.4304
vt -28.5428 -56.3841
vt -29.7993 -65.475
vt -28.783 -65.475
vt -28.5428 -56.3841
vt -30.8155 -65.475
vt -29.7993 -65.475
vt -33.8643 -60.4379
vt -33.8643 -60.4379
vt -29.7993 -65.475
vt -28.5428 -56.3841
vt -28.5428 -56.3841
vt -28.783 -65.475
vt -27.7668 -65.475
vt -30.8155 -65.475
vt -33.8643 -60.4379
vt -33.8643 -61.4453
vt -33.8643 -62.4527
vt -33.8643 -63.4601
vt -31.8318 -65.475
vt -30.8155 -65.475
vt -33.8643 -62.4527
vt -31.8318 -65.475
vt -33.8643 -63.4601
vt -32.8481 -65.475
vt -31.8318 -65.475
vt -33.8643 -64.4675
vt -33.8643 -65.475
vt -32.8481 -65.475
vt -33.8643 -63.4601
vt -33.8643 -64.4675
vt -32.8481 -65.475
vt 4.71661 -38.2022
vt 3.51638 -42.3042
vt 4.52381 -42.3042
vt -33.8643 -62.4527
vt -30.8155 -65.475
vt -33.8643 -61.4453
vt 3.47431 -31.3286
vt 4.71661 -38.2022
vt 4.48005 -31.3286
vt -1.93527 -10.9295
vt 4.05338 -5.78242
vt 3.46766 -4.96104
vt 5.48579 -31.3286
vt 4.48005 -31.3286
vt 4.71661 -38.2022
vt 4.71661 -10.9295
vt -1.1257 -16.1231
vt -0.532366 -16.9379
vt 4.71661 -20.0204
vt 4.71661 -10.9295
vt 0.661474 -18.5623
vt 4.71661 -38.2022
vt 6.53865 -42.3042
vt 7.54607 -42.3042
vt 4.71661 -38.2022
vt 6.49153 -31.3286
vt 5.48579 -31.3286
vt 4.71661 -20.0204
vt 0.661474 -18.5623
vt 1.26192 -19.3719
vt 7.54607 -42.3042
vt 8.5535 -42.3042
vt 4.71661 -38.2022
vt 6.49153 -31.3286
vt 4.71661 -38.2022
vt 7.49727 -31.3286
vt 8.20967 -11.4914
vt 7.60998 -10.6802
vt 4.71661 -10.9295
vt 4.71661 -38.2022
vt 8.5535 -42.3042
vt 11.3685 -38.2022
vt 4.29815 -23.3945
vt 4.71661 -20.0204
vt 3.68639 -22.5934
vt 4.71661 -20.0204
vt 10.6294 -14.7206
vt 10.0213 -13.9157
vt 11.3685 -38.2022
vt 7.49727 -31.3286
vt 4.71661 -38.2022
vt 8.5535 -42.3042
vt 9.56092 -42.3042
vt 11.3685 -38.2022
vt 10.6294 -14.7206
vt 4.71661 -20.0204
vt 11.3685 -20.0204
vt 11.3685 -38.2022
vt 9.56092 -42.3042
vt 10.5683 -42.3042
vt 7.49727 -31.3286
vt 11.3685 -38.2022
vt 8.50301 -31.3286
vt 11.3685 -20.0204
vt 14.3264 -19.5136
vt 13.7041 -18.7194
vt 11.3685 -29.1113
vt 11.3685 -20.0204
vt 8.01249 -28.167
vt 11.5758 -42.3042
vt 11.3685 -38.2022
vt 10.5683 -42.3042
vt 9.50875 -31.3286
vt 8.50301 -31.3286
vt 11.3685 -38.2022
vt 7.60998 -10.6802
vt 7.01228 -9.86749
vt 4.71661 -10.9295
vt 9.26238 -29.7487
vt 9.88813 -30.5389
vt 11.3685 -29.1113
vt 11.3685 -29.1113
vt 16.8443 -22.667
vt 16.2103 -21.8824
vt 10.5145 -31.3286
vt 9.50875 -31.3286
vt 11.3685 -38.2022
vt 14.598 -42.3042
vt 11.3685 -38.2022
vt 13.5906 -42.3042
vt 11.3685 -29.1113
vt 18.0204 -29.1113
vt 16.8443 -22.667
vt 15.6055 -42.3042
vt 18.0204 -38.2022
vt 14.598 -42.3042
vt 16.8443 -22.667
vt 18.0204 -29.1113
vt 17.4816 -23.449
vt 18.1223 -24.2282
vt 17.4816 -23.449
vt 18.0204 -29.1113
vt 16.6129 -42.3042
vt 18.0204 -38.2022
vt 15.6055 -42.3042
vt 18.7666 -25.0043
vt 18.1223 -24.2282
vt 18.0204 -29.1113
vt -1.1257 -16.1231
vt 4.71661 -10.9295
vt -1.93527 -10.9295
vt 10.5145 -31.3286
vt 18.0204 -29.1113
vt 11.3685 -29.1113
vt 18.0204 -38.2022
vt 11.3685 -38.2022
vt 14.598 -42.3042
vt 18.0204 -29.1113
vt 20.0649 -26.5486
vt 19.4142 -25.7778
vt 10.5145 -31.3286
vt 18.0204 -38.2022
vt 18.0204 -29.1113
vt 3.47431 -31.3286
vt 2.46857 -31.3286
vt 4.71661 -38.2022
vt 18.0204 -38.2022
vt 16.6129 -42.3042
vt 17.6203 -42.3042
vt 18.0204 -29.1113
vt 22.0311 -28.8492
vt 21.3737 -28.084
vt 18.0204 -29.1113
vt 21.3737 -28.084
vt 20.7181 -27.3173
vt 22.0311 -28.8492
vt 18.0204 -29.1113
vt 22.6902 -29.613
vt 4.71661 -38.2022
vt 2.46857 -31.3286
vt 1.46283 -31.3286
vt 18.0204 -38.2022
vt 19.6351 -42.3042
vt 20.6426 -42.3042
vt 18.0204 -38.2022
vt 18.6277 -42.3042
vt 19.6351 -42.3042
vt 18.0204 -38.2022
vt 24.6723 -35.0215
vt 24.6723 -33.9811
vt 1.46283 -31.3286
vt -1.93527 -38.2022
vt 4.71661 -38.2022
vt 0.45709 -31.3286
vt -1.93527 -38.2022
vt 1.46283 -31.3286
vt 24.6723 -31.9003
vt 24.0108 -31.1384
vt 24.6723 -32.9407
vt -0.548651 -31.3286
vt -1.55439 -31.3286
vt -1.93527 -38.2022
vt 22.6902 -29.613
vt 18.0204 -38.2022
vt 23.3501 -30.376
vt 24.0108 -31.1384
vt 24.6723 -33.9811
vt 24.6723 -32.9407
vt 24.0108 -31.1384
vt 23.3501 -30.376
vt 24.6723 -33.9811
vt 18.0204 -38.2022
vt 24.6723 -33.9811
vt 23.3501 -30.376
vt 0.494108 -42.3042
vt 1.50153 -42.3042
vt -1.93527 -38.2022
vt 18.0204 -38.2022
vt 24.6723 -36.0619
vt 24.6723 -35.0215
vt -1.55439 -31.3286
vt -2.56013 -31.3286
vt -1.93527 -38.2022
vt 21.65 -42.3042
vt 18.0204 -38.2022
vt 20.6426 -42.3042
vt -2.56013 -31.3286
vt -3.56587 -31.3286
vt -1.93527 -38.2022
vt -3.53558 -42.3042
vt -2.52816 -42.3042
vt -1.93527 -38.2022
vt 24.6723 -36.0619
vt 18.0204 -38.2022
vt 24.6723 -37.1023
vt -1.93528 -1.83861
vt -2.82748 4.1769
vt -8.58716 -1.83861
vt 24.6723 -38.1427
vt 18.0204 -38.2022
vt 21.65 -42.3042
vt -4.57161 -31.3286
vt -5.57735 -31.3286
vt -1.93527 -38.2022
vt 24.6723 -37.1023
vt 18.0204 -38.2022
vt 24.6723 -38.1427
vt 21.65 -42.3042
vt 24.6723 -39.183
vt 24.6723 -38.1427
vt -1.93527 -38.2022
vt -8.58716 -38.2022
vt -5.55043 -42.3042
vt 24.6723 -39.183
vt 21.65 -42.3042
vt 22.6574 -42.3042
vt -8.58716 7.2523
vt -4.50289 6.69724
vt -5.05753 7.53988
vt 22.6574 -42.3042
vt 24.6723 -40.2234
vt 24.6723 -39.183
vt -5.57735 -31.3286
vt -6.5831 -31.3286
vt -8.58716 -38.2022
vt -6.5831 -31.3286
vt -7.58883 -31.3286
vt -8.58716 -38.2022
vt -5.55043 -42.3042
vt -4.543 -42.3042
vt -1.93527 -38.2022
vt 23.6648 -42.3042
vt 24.6723 -41.2638
vt 24.6723 -40.2234
vt 24.6723 -40.2234
vt 22.6574 -42.3042
vt 23.6648 -42.3042
vt 24.6723 -42.3042
vt 24.6723 -41.2638
vt 23.6648 -42.3042
vt -5.55043 -42.3042
vt -8.58716 -38.2022
vt -6.55785 -42.3042
vt -8.58716 -1.83861
vt -11.9003 -0.293891
vt -11.3592 -1.14428
vt -11.9003 -0.293891
vt -8.58716 -1.83861
vt -8.58716 7.2523
vt -21.6692 -22.2322
vt -28.5428 -20.0204
vt -21.6692 -23.2429
vt -8.58716 7.2523
vt -12.4384 0.558351
vt -11.9003 -0.293891
vt -33.8643 -23.2236
vt -33.8643 -24.2367
vt -28.5428 -20.0204
vt -21.6692 -24.2536
vt -28.5428 -20.0204
vt -28.5428 -29.1113
vt -33.8643 -23.2236
vt -28.5428 -20.0204
vt -33.8643 -22.2104
vt -33.8643 -22.2104
vt -28.5428 -20.0204
vt -33.8643 -21.1973
vt -12.4384 0.558351
vt -8.58716 7.2523
vt -12.9736 1.41249
vt -28.5428 -20.0204
vt -21.6692 -21.2214
vt -21.6692 -20.2107
vt -7.78989 11.7796
vt -8.58716 7.2523
vt -7.24917 10.9279
vt -33.8643 -20.1842
vt -33.8643 -21.1973
vt -28.5428 -20.0204
vt -8.58716 7.2523
vt -7.78989 11.7796
vt -8.32803 12.6328
vt -33.8643 -18.1579
vt -33.8643 -19.171
vt -28.5428 -20.0204
vt -28.5428 -20.0204
vt -21.6692 -18.1893
vt -21.6692 -17.1786
vt -28.5428 -20.0204
vt -33.8643 -17.1448
vt -33.8643 -18.1579
vt -33.8643 -17.1448
vt -28.5428 -20.0204
vt -33.8643 -16.1316
vt -21.6692 -15.1571
vt -21.6692 -14.1464
vt -28.5428 -10.9295
vt -33.8643 -16.1316
vt -28.5428 -20.0204
vt -33.8643 -15.1185
vt -28.5428 -10.9295
vt -21.6692 -14.1464
vt -21.6692 -13.1357
vt -33.8643 -15.1185
vt -28.5428 -20.0204
vt -28.5428 -10.9295
vt -33.8643 -14.1054
vt -33.8643 -15.1185
vt -28.5428 -10.9295
vt -33.8643 -11.066
vt -33.8643 -12.0791
vt -28.5428 -10.9295
vt -28.5428 -20.0204
vt -21.6692 -15.1571
vt -28.5428 -10.9295
vt -28.5428 -10.9295
vt -33.8643 -9.0397
vt -33.8643 -10.0528
vt -21.6692 -12.125
vt -21.6692 -11.1142
vt -28.5428 -10.9295
vt -21.6692 -8.08208
vt -21.6692 -7.07136
vt -28.5428 -10.9295
vt -33.8643 -8.02656
vt -28.5428 -10.9295
vt -33.8643 -7.01343
vt -33.8643 -8.02656
vt -33.8643 -9.0397
vt -28.5428 -10.9295
vt -33.8643 -6.00029
vt -33.8643 -7.01343
vt -28.5428 -10.9295
vt -21.6692 -6.06064
vt -28.5428 -10.9295
vt -21.6692 -7.07136
vt -28.5428 -1.83861
vt -21.6692 -5.04992
vt -21.6692 -4.0392
vt -28.5428 -1.83861
vt -21.6692 -4.0392
vt -21.6692 -3.02849
vt -33.8643 -4.98716
vt -33.8643 -6.00029
vt -28.5428 -1.83861
vt -28.5428 -1.83861
vt -28.5428 -10.9295
vt -21.6692 -6.06064
vt -33.8643 -2.96089
vt -33.8643 -3.97403
vt -28.5428 -1.83861
vt -33.8643 -2.96089
vt -28.5428 -1.83861
vt -33.8643 -1.94776
vt -8.58716 -1.83861
vt -10.8146 -1.99248
vt -10.2669 -2.83864
vt -33.8643 0.0785034
vt -33.8643 -0.934634
vt -28.5428 -1.83861
vt -28.5428 -1.83861
vt -21.6692 0.00367725
vt -21.6692 1.01439
vt -33.8643 1.09163
vt -33.8643 0.0785034
vt -28.5428 -1.83861
vt -33.8643 3.1179
vt -33.8643 2.10477
vt -28.5428 -1.83861
vt -21.6692 3.03583
vt -28.5428 -1.83861
vt -21.6692 2.02512
vt -21.6692 4.04655
vt -28.5428 7.2523
vt -21.6692 3.03583
vt -28.5428 7.2523
vt -21.6692 5.05727
vt -21.6692 6.06799
vt -33.8643 4.13104
vt -33.8643 3.1179
vt -28.5428 7.2523
vt -21.6692 7.07871
vt -28.5428 7.2523
vt -21.6692 6.06799
vt -28.5428 7.2523
vt -33.8643 5.14417
vt -33.8643 4.13104
vt -28.5428 7.2523
vt -33.8643 9.1967
vt -33.8643 8.18357
vt -33.8643 5.14417
vt -28.5428 7.2523
vt -33.8643 6.15731
vt -28.5428 7.2523
vt -21.6692 9.10015
vt -21.6692 10.1109
vt -33.8643 10.2098
vt -28.5428 7.2523
vt -33.8643 11.223
vt -33.8643 10.2098
vt -33.8643 9.1967
vt -28.5428 7.2523
vt -33.8643 12.2361
vt -33.8643 11.223
vt -28.5428 7.2523
vt -21.6692 12.1323
vt -28.5428 7.2523
vt -21.6692 11.1216
vt -28.5428 16.3432
vt -33.8643 12.2361
vt -28.5428 7.2523
vt -21.6692 13.143
vt -28.5428 16.3432
vt -21.6692 12.1323
vt -28.5428 16.3432
vt -21.6692 14.1537
vt -21.6692 15.1645
vt -15.239 16.3432
vt -17.6796 9.16789
vt -15.239 7.2523
vt -28.5428 16.3432
vt -28.5428 7.2523
vt -21.6692 12.1323
vt -33.8643 15.2755
vt -33.8643 14.2624
vt -28.5428 16.3432
vt -33.8643 15.2755
vt -28.5428 16.3432
vt -33.8643 16.2886
vt -12.0295 18.6465
vt -15.239 16.3432
vt -11.5086 17.7826
vt -28.5428 16.3432
vt -33.8643 21.3543
vt -33.8643 20.3412
vt -28.5428 16.3432
vt -28.5428 25.4341
vt -33.8643 21.3543
vt -21.8909 25.4341
vt -23.8385 34.525
vt -24.8411 34.525
vt -24.8411 34.525
vt -28.5428 25.4341
vt -21.8909 25.4341
vt -19.9087 32.7304
vt -22.8359 34.525
vt -21.8909 25.4341
vt -21.8909 25.4341
vt -19.4447 31.8347
vt -19.9087 32.7304
vt -21.8334 34.525
vt -22.8359 34.525
vt -19.9087 32.7304
vt -21.8909 25.4341
vt -22.8359 34.525
vt -23.8385 34.525
vt -19.9087 32.7304
vt -20.3708 33.6271
vt -21.8334 34.525
vt -33.8643 19.328
vt -33.8643 18.3149
vt -28.5428 16.3432
vt -21.8334 34.525
vt -20.3708 33.6271
vt -20.8308 34.525
vt -33.8643 19.328
vt -28.5428 16.3432
vt -33.8643 20.3412
vt -33.8643 24.3937
vt -28.5428 25.4341
vt -33.8643 25.4068
vt -33.8643 21.3543
vt -28.5428 25.4341
vt -33.8643 22.3674
vt -28.8514 34.525
vt -28.5428 25.4341
vt -27.8488 34.525
vt -33.8643 24.3937
vt -33.8643 23.3806
vt -28.5428 25.4341
vt -33.8643 25.4068
vt -28.5428 25.4341
vt -33.8643 26.42
vt -29.854 34.525
vt -28.5428 25.4341
vt -28.8514 34.525
vt -28.5428 25.4341
vt -33.8643 27.4331
vt -33.8643 26.42
vt -33.8643 29.4594
vt -28.5428 25.4341
vt -29.854 34.525
vt -33.8643 27.4331
vt -28.5428 25.4341
vt -33.8643 28.4462
vt -33.8643 29.4594
vt -29.854 34.525
vt -30.8566 34.525
vt -33.8643 29.4594
vt -33.8643 28.4462
vt -28.5428 25.4341
vt -30.8566 34.525
vt -33.8643 31.4856
vt -33.8643 30.4725
vt -33.8643 29.4594
vt -30.8566 34.525
vt -33.8643 30.4725
vt -33.8643 31.4856
vt -31.8592 34.525
vt -33.8643 32.4988
vt -31.8592 34.525
vt -33.8643 31.4856
vt -30.8566 34.525
vt -33.8643 33.5119
vt -33.8643 32.4988
vt -32.8617 34.525
vt -31.8592 34.525
vt -32.8617 34.525
vt -33.8643 32.4988
vt -33.8643 34.525
vt -33.8643 33.5119
vt -32.8617 34.525
vt 11.3685 -20.0204
vt 6.76704 -26.5819
vt 7.38901 -27.3751
vt 4.71661 -20.0204
vt 5.52836 -24.9915
vt 11.3685 -20.0204
vt 6.76704 -26.5819
vt 11.3685 -20.0204
vt 6.14675 -25.7874
vt 4.71661 -10.9295
vt 4.05338 -5.78242
vt -1.93527 -10.9295
vt -3.4739 -12.8457
vt -1.93527 -10.9295
vt -4.05446 -12.0217
vt 4.91216 -24.1938
vt 5.52836 -24.9915
vt 4.71661 -20.0204
vt -4.05446 -12.0217
vt -1.93527 -10.9295
vt -4.63238 -11.1959
vt 4.71661 -20.0204
vt 10.0213 -13.9157
vt 9.41528 -13.1092
vt 2.3027 -3.31368
vt -1.93528 -1.83861
vt -1.93527 -10.9295
vt 3.07686 -21.7906
vt 4.71661 -20.0204
vt 2.46961 -20.9861
vt -6.81891e-07 -3.33263e-06
vt -1.93528 -1.83861
vt 0.572161 -0.830847
vt -8.04545 -6.20327
vt -1.93528 -1.83861
vt -8.58716 -1.83861
vt 7.01228 -9.86749
vt 6.41658 -9.05334
vt 4.71661 -10.9295
vt -2.82748 4.1769
vt -1.93528 -1.83861
vt -2.26577 3.33895
vt 4.71661 -10.9295
vt -0.532366 -16.9379
vt 0.0633799 -17.751
vt -2.82748 4.1769
vt -3.38749 5.01599
vt -8.58716 -1.83861
vt 4.71661 -10.9295
vt 5.23101 -7.42076
vt 4.64117 -6.60233
vt -8.58716 7.2523
vt -3.94606 5.85604
vt -4.50289 6.69724
vt -1.93527 -10.9295
vt -1.71656 -15.3064
vt -1.1257 -16.1231
vt -5.05753 7.53988
vt -5.6098 8.38406
vt -8.58716 7.2523
vt -33.8643 -24.2367
vt -28.5428 -29.1113
vt -28.5428 -20.0204
vt -2.89071 -13.6678
vt -1.93527 -10.9295
vt -3.4739 -12.8457
vt -28.5428 -20.0204
vt -21.6692 -24.2536
vt -21.6692 -23.2429
vt -33.8643 -24.2367
vt -33.8643 -25.2498
vt -28.5428 -29.1113
vt -28.5428 -29.1113
vt -21.6692 -25.2643
vt -21.6692 -24.2536
vt -8.58716 -38.2022
vt -10.6061 -31.3286
vt -11.6118 -31.3286
vt -1.93527 -10.9295
vt -1.93528 -1.83861
vt -5.78038 -9.53876
vt -33.8643 -25.2498
vt -33.8643 -26.263
vt -28.5428 -29.1113
vt -11.595 -42.3042
vt -8.58716 -38.2022
vt -15.239 -38.2022
vt -8.58716 -38.2022
vt -11.595 -42.3042
vt -10.5875 -42.3042
vt -21.6692 -26.275
vt -21.6692 -25.2643
vt -28.5428 -29.1113
vt -7.48306 -7.03978
vt -1.93528 -1.83861
vt -8.04545 -6.20327
vt -28.5428 -29.1113
vt -33.8643 -26.263
vt -33.8643 -27.2761
vt -21.6692 -26.275
vt -28.5428 -29.1113
vt -21.6692 -27.2858
vt -13.6233 -31.3286
vt -14.629 -31.3286
vt -15.239 -38.2022
vt -28.5428 -29.1113
vt -33.8643 -27.2761
vt -33.8643 -28.2892
vt -17.6462 -31.3286
vt -18.652 -31.3286
vt -15.239 -38.2022
vt -15.6247 -42.3042
vt -15.239 -38.2022
vt -16.6321 -42.3042
vt -33.8643 -30.3155
vt -28.5428 -29.1113
vt -33.8643 -29.3024
vt -21.6692 -30.3179
vt -21.6692 -29.3072
vt -28.5428 -29.1113
vt -17.6395 -42.3042
vt -16.6321 -42.3042
vt -15.239 -38.2022
vt -28.5428 -29.1113
vt -33.8643 -30.3155
vt -33.8643 -31.3286
vt -28.5428 -38.2022
vt -21.6692 -31.3286
vt -28.5428 -29.1113
vt -15.239 -38.2022
vt -21.8909 -38.2022
vt -18.6469 -42.3042
vt -18.6469 -42.3042
vt -17.6395 -42.3042
vt -15.239 -38.2022
vt -20.6635 -31.3286
vt -21.6692 -31.3286
vt -21.8909 -38.2022
vt -18.6469 -42.3042
vt -21.8909 -38.2022
vt -19.6544 -42.3042
vt -21.8909 -38.2022
vt -20.6618 -42.3042
vt -19.6544 -42.3042
vt -21.6692 -31.3286
vt -21.6692 -30.3179
vt -28.5428 -29.1113
vt -28.5428 -38.2022
vt -28.5428 -29.1113
vt -33.8643 -31.3286
vt -28.5428 -20.0204
vt -21.6692 -22.2322
vt -21.6692 -21.2214
vt -14.5641 3.98437
vt -8.58716 7.2523
vt -15.239 7.2523
vt -14.0363 3.1256
vt -8.58716 7.2523
vt -14.5641 3.98437
vt -28.5428 -20.0204
vt -21.6692 -16.1678
vt -21.6692 -15.1571
vt -28.5428 -20.0204
vt -21.6692 -17.1786
vt -21.6692 -16.1678
vt -8.86388 13.4876
vt -15.239 7.2523
vt -8.58716 7.2523
vt -16.1341 6.56882
vt -15.6133 5.70582
vt -15.239 7.2523
vt -21.6692 -12.125
vt -28.5428 -10.9295
vt -21.6692 -13.1357
vt -15.239 7.2523
vt -16.6526 7.43325
vt -16.1341 6.56882
vt -33.8643 -12.0791
vt -33.8643 -13.0922
vt -28.5428 -10.9295
vt -33.8643 -13.0922
vt -33.8643 -14.1054
vt -28.5428 -10.9295
vt -16.6526 7.43325
vt -15.239 7.2523
vt -17.1677 8.29962
vt -10.9846 16.9205
vt -15.239 16.3432
vt -10.4581 16.06
vt -15.239 16.3432
vt -15.239 7.2523
vt -9.92895 15.2011
vt -21.6692 -8.08208
vt -28.5428 -10.9295
vt -21.6692 -9.0928
vt -10.9846 16.9205
vt -11.5086 17.7826
vt -15.239 16.3432
vt -28.5428 -1.83861
vt -21.6692 -6.06064
vt -21.6692 -5.04992
vt -18.188 10.0382
vt -17.6796 9.16789
vt -15.239 16.3432
vt -18.188 10.0382
vt -15.239 16.3432
vt -18.6924 10.9108
vt -28.5428 -10.9295
vt -28.5428 -1.83861
vt -33.8643 -6.00029
vt -28.5428 -1.83861
vt -33.8643 -3.97403
vt -33.8643 -4.98716
vt -9.71609 -3.68275
vt -9.16205 -4.5248
vt -8.58716 -1.83861
vt -19.1938 11.7852
vt -18.6924 10.9108
vt -15.239 16.3432
vt -13.0619 20.3799
vt -13.5729 21.2497
vt -15.239 16.3432
vt -21.6692 -2.01776
vt -28.5428 -1.83861
vt -21.6692 -3.02849
vt -11.3592 -1.14428
vt -10.8146 -1.99248
vt -8.58716 -1.83861
vt -15.239 16.3432
vt -20.1883 13.5386
vt -19.6922 12.6612
vt -21.6692 1.01439
vt -21.6692 2.02512
vt -28.5428 -1.83861
vt -8.58716 7.2523
vt -8.58716 -1.83861
vt -3.94606 5.85604
vt -13.5729 21.2497
vt -14.0801 22.1217
vt -15.239 16.3432
vt -14.5835 22.9959
vt -15.239 16.3432
vt -14.0801 22.1217
vt -33.8643 2.10477
vt -33.8643 1.09163
vt -28.5428 -1.83861
vt -6.15921 9.23011
vt -8.58716 7.2523
vt -5.6098 8.38406
vt -33.8643 3.1179
vt -28.5428 -1.83861
vt -28.5428 7.2523
vt -13.5061 2.26829
vt -12.9736 1.41249
vt -8.58716 7.2523
vt -20.6832 14.4168
vt -15.239 16.3432
vt -21.1768 15.2956
vt -14.5835 22.9959
vt -15.0833 23.8722
vt -15.239 16.3432
vt -21.6692 4.04655
vt -21.6692 5.05727
vt -28.5428 7.2523
vt -13.5061 2.26829
vt -8.58716 7.2523
vt -14.0363 3.1256
vt -28.5428 7.2523
vt -28.5428 -1.83861
vt -21.6692 3.03583
vt -21.6692 16.1752
vt -21.1768 15.2956
vt -15.239 16.3432
vt -8.58716 7.2523
vt -8.32803 12.6328
vt -8.86388 13.4876
vt -15.239 7.2523
vt -15.0897 4.84445
vt -14.5641 3.98437
vt -21.6692 16.1752
vt -15.239 16.3432
vt -15.0833 23.8722
vt -28.5428 7.2523
vt -33.8643 7.17044
vt -33.8643 6.15731
vt -15.5797 24.7504
vt -21.6692 16.1752
vt -15.0833 23.8722
vt -9.39754 14.3437
vt -9.92895 15.2011
vt -15.239 7.2523
vt -15.5797 24.7504
vt -16.0736 25.63
vt -21.8909 25.4341
vt -21.6692 11.1216
vt -28.5428 7.2523
vt -21.6692 10.1109
vt -10.4581 16.06
vt -15.239 16.3432
vt -9.92895 15.2011
vt -16.0736 25.63
vt -16.5651 26.511
vt -21.8909 25.4341
vt -28.5428 16.3432
vt -21.6692 13.143
vt -21.6692 14.1537
vt -15.239 7.2523
vt -17.6796 9.16789
vt -17.1677 8.29962
vt -16.5651 26.511
vt -17.0545 27.3932
vt -21.8909 25.4341
vt -28.5428 16.3432
vt -33.8643 14.2624
vt -33.8643 13.2492
vt -28.5428 16.3432
vt -33.8643 13.2492
vt -33.8643 12.2361
vt -17.541 28.277
vt -21.8909 25.4341
vt -17.0545 27.3932
vt -17.541 28.277
vt -18.0241 29.1626
vt -21.8909 25.4341
vt -33.8643 18.3149
vt -33.8643 17.3018
vt -28.5428 16.3432
vt -21.6692 16.1752
vt -28.5428 16.3432
vt -21.6692 15.1645
vt -18.976 30.9414
vt -21.8909 25.4341
vt -18.5026 30.0506
vt -19.6922 12.6612
vt -19.1938 11.7852
vt -15.239 16.3432
vt -26.8463 34.525
vt -28.5428 25.4341
vt -25.8437 34.525
vt -33.8643 23.3806
vt -33.8643 22.3674
vt -28.5428 25.4341
vt -15.239 16.3432
vt -20.6832 14.4168
vt -20.1883 13.5386
vt -18.976 30.9414
vt -19.4447 31.8347
vt -21.8909 25.4341
vt -24.8411 34.525
vt -25.8437 34.525
vt -28.5428 25.4341
vt -8.58716 -1.83861
vt -8.60519 -5.36499
vt -8.04545 -6.20327
vt -1.13713 1.66659
vt -1.70248 2.50207
vt -1.93528 -1.83861
vt -1.70248 2.50207
vt -2.26577 3.33895
vt -1.93528 -1.83861
vt -1.93528 -1.83861
vt -6.35049 -8.70752
vt -5.78038 -9.53876
vt -5.20768 -10.3682
vt -4.63238 -11.1959
vt -1.93527 -10.9295
vt 2.3027 -3.31368
vt 1.72355 -2.48766
vt -1.93528 -1.83861
vt 1.72355 -2.48766
vt 1.14668 -1.66007
vt -1.93528 -1.83861
vt -2.30493 -14.488
vt -1.71656 -15.3064
vt -1.93527 -10.9295
vt -2.89071 -13.6678
vt -2.30493 -14.488
vt -1.93527 -10.9295
vt 4.05338 -5.78242
vt 4.71661 -10.9295
vt 4.64117 -6.60233
vt 0.661474 -18.5623
vt 4.71661 -10.9295
vt 0.0633799 -17.751
vt 4.71661 -10.9295
vt 4.71661 -20.0204
vt 8.81144 -12.301
vt 2.46961 -20.9861
vt 4.71661 -20.0204
vt 1.86461 -20.1799
vt 1.86461 -20.1799
vt 4.71661 -20.0204
vt 1.26192 -19.3719
vt 8.20967 -11.4914
vt 4.71661 -10.9295
vt 8.81144 -12.301
vt 4.91216 -24.1938
vt 4.71661 -20.0204
vt 4.29815 -23.3945
vt 11.3685 -20.0204
vt 5.52836 -24.9915
vt 6.14675 -25.7874
vt 11.3685 -20.0204
vt 11.8523 -16.3254
vt 11.2398 -15.5238
vt 11.3685 -20.0204
vt 11.2398 -15.5238
vt 10.6294 -14.7206
vt 7.38901 -27.3751
vt 8.01249 -28.167
vt 11.3685 -20.0204
vt 11.3685 -29.1113
vt 15.5794 -21.0951
vt 11.3685 -20.0204
vt 13.0844 -17.9233
vt 11.3685 -20.0204
vt 13.7041 -18.7194
vt 11.3685 -29.1113
vt 8.6369 -28.9583
vt 9.26238 -29.7487
vt 11.3685 -29.1113
vt 8.01249 -28.167
vt 8.6369 -28.9583
vt 11.3685 -20.0204
vt 15.5794 -21.0951
vt 14.9515 -20.3055
vt 11.3685 -20.0204
vt 14.9515 -20.3055
vt 14.3264 -19.5136
vt 11.3685 -38.2022
vt 18.0204 -38.2022
vt 10.5145 -31.3286
vt -41.8466 -38.2022
vt -41.1814 -42.3042
vt -40.1361 -42.3042
vt -43.272 -31.3286
vt -41.8466 -38.2022
vt -42.2267 -31.3286
vt -33.8643 -42.3042
vt -35.1947 -38.2022
vt -34.9096 -42.3042
vt -34.9096 -31.3286
vt -35.9549 -31.3286
vt -35.1947 -38.2022
vt -33.8643 -55.4007
vt -33.8643 -56.4082
vt -28.5428 -56.3841
vt -28.5428 -56.3841
vt -33.8643 -56.4082
vt -33.8643 -57.4156
vt -33.8643 -46.3339
vt -33.8643 -47.3414
vt -28.5428 -47.2932
vt -21.8909 -38.2022
vt -28.5428 -38.2022
vt -21.6692 -42.3042
vt -35.1947 -38.2022
vt -28.5428 -38.2022
vt -33.8643 -31.3286
vt -33.8643 -28.2892
vt -33.8643 -29.3024
vt -28.5428 -29.1113
vt -33.8643 -19.171
vt -33.8643 -20.1842
vt -28.5428 -20.0204
vt -33.8643 -10.0528
vt -33.8643 -11.066
vt -28.5428 -10.9295
vt -33.8643 -0.934634
vt -33.8643 -1.94776
vt -28.5428 -1.83861
vt -33.8643 8.18357
vt -33.8643 7.17044
vt -28.5428 7.2523
vt -21.8909 25.4341
vt -28.5428 25.4341
vt -28.5428 16.3432
vt -33.8643 17.3018
vt -33.8643 16.2886
vt -28.5428 16.3432
vt -27.8488 34.525
vt -28.5428 25.4341
vt -26.8463 34.525
vt -21.6692 -55.4007
vt -28.5428 -56.3841
vt -21.6692 -56.4082
vt -21.6692 -46.3339
vt -28.5428 -47.2932
vt -21.6692 -47.3414
vt -28.5428 -47.2932
vt -21.6692 -46.3339
vt -21.6692 -45.3265
vt -20.6618 -42.3042
vt -21.8909 -38.2022
vt -21.6692 -42.3042
vt -21.6692 -31.3286
vt -28.5428 -38.2022
vt -21.8909 -38.2022
vt -21.6692 -28.2965
vt -28.5428 -29.1113
vt -21.6692 -29.3072
vt -28.5428 -29.1113
vt -21.6692 -28.2965
vt -21.6692 -27.2858
vt -21.6692 -19.2
vt -28.5428 -20.0204
vt -21.6692 -20.2107
vt -28.5428 -20.0204
vt -21.6692 -19.2
vt -21.6692 -18.1893
vt -21.6692 -10.1035
vt -28.5428 -10.9295
vt -21.6692 -11.1142
vt -28.5428 -10.9295
vt -21.6692 -10.1035
vt -21.6692 -9.0928
vt -21.6692 -1.00705
vt -28.5428 -1.83861
vt -21.6692 -2.01776
vt -28.5428 -1.83861
vt -21.6692 -1.00705
vt -21.6692 0.00367725
vt -21.6692 8.08943
vt -28.5428 7.2523
vt -21.6692 7.07871
vt -28.5428 7.2523
vt -21.6692 8.08943
vt -21.6692 9.10015
vt -15.5797 24.7504
vt -21.8909 25.4341
vt -21.6692 16.1752
vt -28.5428 16.3432
vt -21.6692 16.1752
vt -21.8909 25.4341
vt -18.5026 30.0506
vt -21.8909 25.4341
vt -18.0241 29.1626
vt -15.6247 -42.3042
vt -14.6172 -42.3042
vt -15.239 -38.2022
vt -15.239 -38.2022
vt -14.6172 -42.3042
vt -13.6098 -42.3042
vt -15.239 7.2523
vt -15.6133 5.70582
vt -15.0897 4.84445
vt -9.39754 14.3437
vt -15.239 7.2523
vt -8.86388 13.4876
vt -12.0295 18.6465
vt -12.5474 19.5122
vt -15.239 16.3432
vt -15.239 16.3432
vt -12.5474 19.5122
vt -13.0619 20.3799
vt -7.56527 -42.3042
vt -8.58716 -38.2022
vt -8.5727 -42.3042
vt -8.59457 -31.3286
vt -9.60032 -31.3286
vt -8.58716 -38.2022
vt -3.94606 5.85604
vt -8.58716 -1.83861
vt -3.38749 5.01599
vt -10.2669 -2.83864
vt -9.71609 -3.68275
vt -8.58716 -1.83861
vt -6.15921 9.23011
vt -6.70573 10.078
vt -8.58716 7.2523
vt -8.58716 7.2523
vt -6.70573 10.078
vt -7.24917 10.9279
vt -2.52816 -42.3042
vt -1.52074 -42.3042
vt -1.93527 -38.2022
vt -1.93527 -38.2022
vt -1.52074 -42.3042
vt -0.513312 -42.3042
vt 3.46766 -4.96104
vt 2.88409 -4.13813
vt -1.93527 -10.9295
vt -1.93527 -10.9295
vt 2.88409 -4.13813
vt 2.3027 -3.31368
vt -6.81891e-07 -3.33263e-06
vt -0.569748 0.832487
vt -1.93528 -1.83861
vt -0.569748 0.832487
vt -1.13713 1.66659
vt -1.93528 -1.83861
vt 4.52381 -42.3042
vt 5.53123 -42.3042
vt 4.71661 -38.2022
vt 4.71661 -38.2022
vt 5.53123 -42.3042
vt 6.53865 -42.3042
vt 8.81144 -12.301
vt 4.71661 -20.0204
vt 9.41528 -13.1092
vt 3.07686 -21.7906
vt 3.68639 -22.5934
vt 4.71661 -20.0204
vt 6.41658 -9.05334
vt 5.82281 -8.23777
vt 4.71661 -10.9295
vt 4.71661 -10.9295
vt 5.82281 -8.23777
vt 5.23101 -7.42076
vt 11.5758 -42.3042
vt 12.5832 -42.3042
vt 11.3685 -38.2022
vt 13.5906 -42.3042
vt 11.3685 -38.2022
vt 12.5832 -42.3042
vt 15.5794 -21.0951
vt 11.3685 -29.1113
vt 16.2103 -21.8824
vt 9.88813 -30.5389
vt 10.5145 -31.3286
vt 11.3685 -29.1113
vt 13.0844 -17.9233
vt 12.4672 -17.1252
vt 11.3685 -20.0204
vt 12.4672 -17.1252
vt 11.8523 -16.3254
vt 11.3685 -20.0204
vt 17.6203 -42.3042
vt 18.6277 -42.3042
vt 18.0204 -38.2022
vt 20.0649 -26.5486
vt 18.0204 -29.1113
vt 20.7181 -27.3173
vt 18.0204 -29.1113
vt 18.0204 -38.2022
vt 22.6902 -29.613
vt 18.7666 -25.0043
vt 18.0204 -29.1113
vt 19.4142 -25.7778
vt 28.2245 -1.17905e-14
vt 29.2325 -1.22223e-14
vt 28.2245 0.1
vt 27.2165 0.1
vt 27.2165 -1.13587e-14
vt 28.2245 -1.17905e-14
vt 28.2245 -1.17905e-14
vt 28.2245 0.1
vt 27.2165 0.1
vt 27.2165 -1.13587e-14
vt 26.2085 0.1
vt 26.2085 -1.0927e-14
vt 26.2085 0.1
vt 27.2165 -1.13587e-14
vt 27.2165 0.1
vt 25.2005 -1.04952e-14
vt 26.2085 -1.0927e-14
vt 25.2005 0.1
vt 26.2085 0.1
vt 25.2005 0.1
vt 26.2085 -1.0927e-14
vt 24.1924 0.1
vt 24.1924 -1.00635e-14
vt 25.2005 -1.04952e-14
vt 25.2005 -1.04952e-14
vt 25.2005 0.1
vt 24.1924 0.1
vt 24.1924 -1.00635e-14
vt 23.1844 0.1
vt 23.1844 -9.6317e-15
vt 23.1844 0.1
vt 24.1924 -1.00635e-14
vt 24.1924 0.1
vt 22.1764 -9.19994e-15
vt 23.1844 -9.6317e-15
vt 22.1764 0.1
vt 23.1844 0.1
vt 22.1764 0.1
vt 23.1844 -9.6317e-15
vt 21.1684 0.1
vt 21.1684 -8.76818e-15
vt 22.1764 -9.19994e-15
vt 22.1764 -9.19994e-15
vt 22.1764 0.1
vt 21.1684 0.1
vt 21.1684 -8.76818e-15
vt 20.1604 0.1
vt 20.1604 -8.33642e-15
vt 20.1604 0.1
vt 21.1684 -8.76818e-15
vt 21.1684 0.1
vt 19.1524 -7.90465e-15
vt 20.1604 -8.33642e-15
vt 19.1524 0.1
vt 20.1604 0.1
vt 19.1524 0.1
vt 20.1604 -8.33642e-15
vt 18.1443 0.1
vt 18.1443 -7.47289e-15
vt 19.1524 -7.90465e-15
vt 19.1524 -7.90465e-15
vt 19.1524 0.1
vt 18.1443 0.1
vt 18.1443 -7.47289e-15
vt 17.1363 0.1
vt 17.1363 -7.04113e-15
vt 17.1363 0.1
vt 18.1443 -7.47289e-15
vt 18.1443 0.1
vt 16.1283 -6.60937e-15
vt 17.1363 -7.04113e-15
vt 16.1283 0.1
vt 17.1363 0.1
vt 16.1283 0.1
vt 17.1363 -7.04113e-15
vt 15.1203 0.1
vt 15.1203 -6.17761e-15
vt 16.1283 -6.60937e-15
vt 16.1283 -6.60937e-15
vt 16.1283 0.1
vt 15.1203 0.1
vt 15.1203 -6.17761e-15
vt 14.1123 0.1
vt 14.1123 -5.74585e-15
vt 14.1123 0.1
vt 15.1203 -6.17761e-15
vt 15.1203 0.1
vt 13.1042 -5.31408e-15
vt 14.1123 -5.74585e-15
vt 13.1042 0.1
vt 14.1123 0.1
vt 13.1042 0.1
vt 14.1123 -5.74585e-15
vt 12.0962 0.1
vt 12.0962 -4.88232e-15
vt 13.1042 -5.31408e-15
vt 13.1042 -5.31408e-15
vt 13.1042 0.1
vt 12.0962 0.1
vt 12.0962 -4.88232e-15
vt 11.0882 0.1
vt 11.0882 -4.45056e-15
vt 11.0882 0.1
vt 12.0962 -4.88232e-15
vt 12.0962 0.1
vt 10.0802 -4.0188e-15
vt 11.0882 -4.45056e-15
vt 10.0802 0.1
vt 11.0882 0.1
vt 10.0802 0.1
vt 11.0882 -4.45056e-15
vt 9.07217 0.1
vt 9.07217 -3.58704e-15
vt 10.0802 -4.0188e-15
vt 10.0802 -4.0188e-15
vt 10.0802 0.1
vt 9.07217 0.1
vt 9.07217 -3.58704e-15
vt 8.06415 0.1
vt 8.06415 -3.15527e-15
vt 8.06415 0.1
vt 9.07217 -3.58704e-15
vt 9.07217 0.1
vt 7.05613 -2.72351e-15
vt 8.06415 -3.15527e-15
vt 7.05613 0.1
vt 8.06415 0.1
vt 7.05613 0.1
vt 8.06415 -3.15527e-15
vt 6.04811 0.1
vt 6.04811 -2.29175e-15
vt 7.05613 -2.72351e-15
vt 7.05613 -2.72351e-15
vt 7.05613 0.1
vt 6.04811 0.1
vt 6.04811 -2.29175e-15
vt 5.04009 0.1
vt 5.04009 -1.85999e-15
vt 5.04009 0.1
vt 6.04811 -2.29175e-15
vt 6.04811 0.1
vt 4.03207 -1.42823e-15
vt 5.04009 -1.85999e-15
vt 4.03207 0.1
vt 5.04009 0.1
vt 4.03207 0.1
vt 5.04009 -1.85999e-15
vt 3.02406 0.1
vt 3.02406 -9.96464e-16
vt 4.03207 -1.42823e-15
vt 4.03207 -1.42823e-15
vt 4.03207 0.1
vt 3.02406 0.1
vt 3.02406 -9.96464e-16
vt 2.01604 0.1
vt 2.01604 -5.64703e-16
vt 2.01604 0.1
vt 3.02406 -9.96464e-16
vt 3.02406 0.1
vt 1.00802 -1.32941e-16
vt 2.01604 -5.64703e-16
vt 1.00802 0.1
vt 2.01604 0.1
vt 1.00802 0.1
vt 2.01604 -5.64703e-16
vt -8.38599e-12 0.1
vt 7.33038e-22 2.9882e-16
vt 1.00802 -1.32941e-16
vt 1.00802 -1.32941e-16
vt 1.00802 0.1
vt -8.38599e-12 0.1
vt 28.2245 0.1
vt 29.2325 -1.22223e-14
vt 29.2325 0.1
vt 30.2406 0.1
vt 29.2325 0.1
vt 30.2406 -1.2654e-14
vt 29.2325 -1.22223e-14
vt 30.2406 -1.2654e-14
vt 29.2325 0.1
vt 31.2486 -1.30858e-14
vt 31.2486 0.1
vt 30.2406 0.1
vt 30.2406 0.1
vt 30.2406 -1.2654e-14
vt 31.2486 -1.30858e-14
vt 31.2486 0.1
vt 32.2566 -1.35176e-14
vt 32.2566 0.1
vt 32.2566 -1.35176e-14
vt 31.2486 0.1
vt 31.2486 -1.30858e-14
vt 33.2646 0.1
vt 32.2566 0.1
vt 33.2646 -1.39493e-14
vt 32.2566 -1.35176e-14
vt 33.2646 -1.39493e-14
vt 32.2566 0.1
vt 34.2726 -1.43811e-14
vt 34.2726 0.1
vt 33.2646 0.1
vt 33.2646 0.1
vt 33.2646 -1.39493e-14
vt 34.2726 -1.43811e-14
vt 34.2726 0.1
vt 35.2807 -1.48128e-14
vt 35.2807 0.1
vt 35.2807 -1.48128e-14
vt 34.2726 0.1
vt 34.2726 -1.43811e-14
vt 36.2887 0.1
vt 35.2807 0.1
vt 36.2887 -1.52446e-14
vt 35.2807 -1.48128e-14
vt 36.2887 -1.52446e-14
vt 35.2807 0.1
vt 37.2967 -1.56764e-14
vt 37.2967 0.1
vt 36.2887 0.1
vt 36.2887 0.1
vt 36.2887 -1.52446e-14
vt 37.2967 -1.56764e-14
vt 37.2967 0.1
vt 38.3047 -1.61081e-14
vt 38.3047 0.1
vt 38.3047 -1.61081e-14
vt 37.2967 0.1
vt 37.2967 -1.56764e-14
vt 39.3127 0.1
vt 38.3047 0.1
vt 39.3127 -1.65399e-14
vt 38.3047 -1.61081e-14
vt 39.3127 -1.65399e-14
vt 38.3047 0.1
vt 40.3207 -1.69717e-14
vt 40.3207 0.1
vt 39.3127 0.1
vt 39.3127 0.1
vt 39.3127 -1.65399e-14
vt 40.3207 -1.69717e-14
vt 40.3207 0.1
vt 41.3288 -1.74034e-14
vt 41.3288 0.1
vt 41.3288 -1.74034e-14
vt 40.3207 0.1
vt 40.3207 -1.69717e-14
vt 42.3368 0.1
vt 41.3288 0.1
vt 42.3368 -1.78352e-14
vt 41.3288 -1.74034e-14
vt 42.3368 -1.78352e-14
vt 41.3288 0.1
vt 43.3448 -1.82669e-14
vt 43.3448 0.1
vt 42.3368 0.1
vt 42.3368 0.1
vt 42.3368 -1.78352e-14
vt 43.3448 -1.82669e-14
vt 43.3448 0.1
vt 44.3528 -1.86987e-14
vt 44.3528 0.1
vt 44.3528 -1.86987e-14
vt 43.3448 0.1
vt 43.3448 -1.82669e-14
vt 45.3608 0.1
vt 44.3528 0.1
vt 45.3608 -1.91305e-14
vt 44.3528 -1.86987e-14
vt 45.3608 -1.91305e-14
vt 44.3528 0.1
vt 46.3689 -1.95622e-14
vt 46.3689 0.1
vt 45.3608 0.1
vt 45.3608 0.1
vt 45.3608 -1.91305e-14
vt 46.3689 -1.95622e-14
vt 46.3689 0.1
vt 47.3769 -1.9994e-14
vt 47.3769 0.1
vt 47.3769 -1.9994e-14
vt 46.3689 0.1
vt 46.3689 -1.95622e-14
vt 48.3849 0.1
vt 47.3769 0.1
vt 48.3849 -2.04257e-14
vt 47.3769 -1.9994e-14
vt 48.3849 -2.04257e-14
vt 47.3769 0.1
vt 49.3929 -2.08575e-14
vt 49.3929 0.1
vt 48.3849 0.1
vt 48.3849 0.1
vt 48.3849 -2.04257e-14
vt 49.3929 -2.08575e-14
vt 49.3929 0.1
vt 50.4009 -2.12893e-14
vt 50.4009 0.1
vt 50.4009 -2.12893e-14
vt 49.3929 0.1
vt 49.3929 -2.08575e-14
vt 51.4089 0.1
vt 50.4009 0.1
vt 51.4089 -2.1721e-14
vt 50.4009 -2.12893e-14
vt 51.4089 -2.1721e-14
vt 50.4009 0.1
vt 52.417 -2.21528e-14
vt 52.417 0.1
vt 51.4089 0.1
vt 51.4089 0.1
vt 51.4089 -2.1721e-14
vt 52.417 -2.21528e-14
vt 52.417 0.1
vt 53.425 -2.25846e-14
vt 53.425 0.1
vt 53.425 -2.25846e-14
vt 52.417 0.1
vt 52.417 -2.21528e-14
vt 54.433 0.1
vt 53.425 0.1
vt 54.433 -2.30163e-14
vt 53.425 -2.25846e-14
vt 54.433 -2.30163e-14
vt 53.425 0.1
vt 55.441 -2.34481e-14
vt 55.441 0.1
vt 54.433 0.1
vt 54.433 0.1
vt 54.433 -2.30163e-14
vt 55.441 -2.34481e-14
vt 55.441 0.1
vt 56.449 -2.38798e-14
vt 56.449 0.1
vt 56.449 -2.38798e-14
vt 55.441 0.1
vt 55.441 -2.34481e-14
vt 56.449 -2.38798e-14
vt 57.4571 -2.55213e-14
vt 56.449 0.1
vt 56.449 0.1
vt 57.4571 -2.55213e-14
vt 57.4571 0.1
vt -0.1 38.4073
vt -1.2796e-08 37.3966
vt -5.79246e-09 38.4073
vt -0.1 22.2358
vt 5.5883e-09 22.2358
vt -0.1 23.2465
vt -9.29423e-09 23.2465
vt -0.1 24.2573
vt -0.1 23.2465
vt -1.41524e-09 21.2251
vt -0.1 22.2358
vt -0.1 21.2251
vt -1.41524e-09 21.2251
vt 5.5883e-09 22.2358
vt -0.1 22.2358
vt -0.1 21.2251
vt -8.41879e-09 20.2144
vt -1.41524e-09 21.2251
vt -0.1 20.2144
vt 6.46375e-09 19.2037
vt -8.41879e-09 20.2144
vt -0.1 21.2251
vt -0.1 20.2144
vt -8.41879e-09 20.2144
vt 6.46375e-09 19.2037
vt -0.1 20.2144
vt -0.1 19.2037
vt -5.398e-10 17.1822
vt -5.398e-10 18.1929
vt -0.1 18.1929
vt -5.398e-10 18.1929
vt -0.1 19.2037
vt -0.1 18.1929
vt -9.29423e-09 23.2465
vt -0.1 23.2465
vt 5.5883e-09 22.2358
vt -5.398e-10 18.1929
vt 6.46375e-09 19.2037
vt -0.1 19.2037
vt -0.1 17.1822
vt -0.1 16.1715
vt 3.39969e-09 16.1715
vt 3.39969e-09 16.1715
vt -5.398e-10 17.1822
vt -0.1 17.1822
vt 7.33919e-09 15.1608
vt -0.1 16.1715
vt -0.1 15.1608
vt -0.1 16.1715
vt 7.33919e-09 15.1608
vt 3.39969e-09 16.1715
vt 3.35643e-10 14.1501
vt -0.1 15.1608
vt -0.1 14.1501
vt 7.33919e-09 15.1608
vt -0.1 15.1608
vt 3.35643e-10 14.1501
vt -0.1 14.1501
vt 4.27514e-09 13.1394
vt 3.35643e-10 14.1501
vt 4.27514e-09 13.1394
vt -0.1 13.1394
vt -2.72841e-09 12.1286
vt -0.1 13.1394
vt 4.27514e-09 13.1394
vt -0.1 14.1501
vt -2.72841e-09 12.1286
vt -0.1 12.1286
vt 1.21109e-09 11.1179
vt -0.1 13.1394
vt -0.1 12.1286
vt -2.72841e-09 12.1286
vt -0.1 9.09647
vt -0.1 8.08575
vt 5.5883e-09 8.08575
vt -0.1 11.1179
vt -0.1 10.1072
vt -5.79246e-09 10.1072
vt -5.79246e-09 10.1072
vt 1.21109e-09 11.1179
vt -0.1 11.1179
vt -0.1 9.09647
vt -1.85297e-09 9.09647
vt -0.1 10.1072
vt -0.1 10.1072
vt -1.85297e-09 9.09647
vt -5.79246e-09 10.1072
vt -0.1 12.1286
vt -0.1 11.1179
vt 1.21109e-09 11.1179
vt -1.85297e-09 9.09647
vt -0.1 9.09647
vt 5.5883e-09 8.08575
vt -0.1 8.08575
vt -0.1 7.07504
vt -1.41524e-09 7.07504
vt 5.5883e-09 8.08575
vt -0.1 8.08575
vt -1.41524e-09 7.07504
vt 2.52425e-09 6.06432
vt -1.41524e-09 7.07504
vt -0.1 7.07504
vt -0.1 5.0536
vt -4.47929e-09 5.0536
vt -0.1 6.06432
vt -4.47929e-09 5.0536
vt 2.52425e-09 6.06432
vt -0.1 6.06432
vt -0.1 5.0536
vt 1.21109e-09 4.04288
vt -4.47929e-09 5.0536
vt -0.1 4.04288
vt 1.21109e-09 4.04288
vt -0.1 5.0536
vt -0.1 7.07504
vt -0.1 6.06432
vt 2.52425e-09 6.06432
vt 1.21109e-09 4.04288
vt -0.1 4.04288
vt 5.15058e-09 3.03216
vt 3.39969e-09 1.01072
vt -0.1 1.01072
vt -3.16613e-09 0
vt -0.1 2.02144
vt -9.77522e-10 2.02144
vt -0.1 3.03216
vt -0.1 3.03216
vt -9.77522e-10 2.02144
vt 5.15058e-09 3.03216
vt -0.1 2.02144
vt -0.1 1.01072
vt 3.39969e-09 1.01072
vt -3.16613e-09 0
vt -0.1 1.01072
vt -0.1 0
vt 3.39969e-09 1.01072
vt -9.77522e-10 2.02144
vt -0.1 2.02144
vt -0.1 4.04288
vt -0.1 3.03216
vt 5.15058e-09 3.03216
vt -5.398e-10 17.1822
vt -0.1 18.1929
vt -0.1 17.1822
vt -0.1 24.2573
vt -9.29423e-09 23.2465
vt -2.29069e-09 24.2573
vt -0.1 25.268
vt -2.29069e-09 24.2573
vt 4.71286e-09 25.268
vt -2.29069e-09 24.2573
vt -0.1 25.268
vt -0.1 24.2573
vt 1.17164e-08 26.2787
vt -0.1 26.2787
vt 4.71286e-09 25.268
vt -0.1 25.268
vt 4.71286e-09 25.268
vt -0.1 26.2787
vt 1.17164e-08 26.2787
vt -3.16613e-09 27.2894
vt -0.1 27.2894
vt -0.1 27.2894
vt -0.1 26.2787
vt 1.17164e-08 26.2787
vt -0.1 28.3001
vt -3.16613e-09 27.2894
vt 3.83742e-09 28.3001
vt -3.16613e-09 27.2894
vt -0.1 28.3001
vt -0.1 27.2894
vt 1.0841e-08 29.3109
vt -0.1 29.3109
vt 3.83742e-09 28.3001
vt -0.1 28.3001
vt 3.83742e-09 28.3001
vt -0.1 29.3109
vt 1.0841e-08 29.3109
vt -4.04157e-09 30.3216
vt -0.1 30.3216
vt -0.1 30.3216
vt -0.1 29.3109
vt 1.0841e-08 29.3109
vt -0.1 31.3323
vt -4.04157e-09 30.3216
vt 2.96197e-09 31.3323
vt -4.04157e-09 30.3216
vt -0.1 31.3323
vt -0.1 30.3216
vt 9.96552e-09 32.343
vt -0.1 32.343
vt 2.96197e-09 31.3323
vt -0.1 31.3323
vt 2.96197e-09 31.3323
vt -0.1 32.343
vt 9.96552e-09 32.343
vt -4.91702e-09 33.3537
vt -0.1 33.3537
vt -0.1 33.3537
vt -0.1 32.343
vt 9.96552e-09 32.343
vt -0.1 34.3645
vt -4.91702e-09 33.3537
vt 2.08653e-09 34.3645
vt -4.91702e-09 33.3537
vt -0.1 34.3645
vt -0.1 33.3537
vt 9.09008e-09 35.3752
vt -0.1 35.3752
vt 2.08653e-09 34.3645
vt -0.1 34.3645
vt 2.08653e-09 34.3645
vt -0.1 35.3752
vt 9.09008e-09 35.3752
vt 2.08653e-09 36.3859
vt -0.1 36.3859
vt -0.1 36.3859
vt -0.1 35.3752
vt 9.09008e-09 35.3752
vt -0.1 37.3966
vt 2.08653e-09 36.3859
vt -1.2796e-08 37.3966
vt 2.08653e-09 36.3859
vt -0.1 37.3966
vt -0.1 36.3859
vt -0.1 38.4073
vt -5.79246e-09 38.4073
vt -0.1 39.4181
vt -0.1 37.3966
vt -1.2796e-08 37.3966
vt -0.1 38.4073
vt 1.21109e-09 39.4181
vt -0.1 40.4288
vt -0.1 39.4181
vt -0.1 39.4181
vt -5.79246e-09 38.4073
vt 1.21109e-09 39.4181
vt -0.1 40.4288
vt -1.36714e-08 40.4288
vt -0.1 41.4395
vt -1.36714e-08 40.4288
vt -0.1 40.4288
vt 1.21109e-09 39.4181
vt -0.1 42.4502
vt -0.1 41.4395
vt -6.6679e-09 41.4395
vt -1.36714e-08 40.4288
vt -6.6679e-09 41.4395
vt -0.1 41.4395
vt 3.35643e-10 42.4502
vt -0.1 43.4609
vt -0.1 42.4502
vt -0.1 42.4502
vt -6.6679e-09 41.4395
vt 3.35643e-10 42.4502
vt -0.1 43.4609
vt 7.33919e-09 43.4609
vt -0.1 44.4717
vt 7.33919e-09 43.4609
vt -0.1 43.4609
vt 3.35643e-10 42.4502
vt -0.1 45.4824
vt -0.1 44.4717
vt -7.54335e-09 44.4717
vt 7.33919e-09 43.4609
vt -7.54335e-09 44.4717
vt -0.1 44.4717
vt -5.398e-10 45.4824
vt -0.1 46.4931
vt -0.1 45.4824
vt -0.1 45.4824
vt -7.54335e-09 44.4717
vt -5.398e-10 45.4824
vt -0.1 46.4931
vt 6.46375e-09 46.4931
vt -0.1 47.5038
vt 6.46375e-09 46.4931
vt -0.1 46.4931
vt -5.398e-10 45.4824
vt 6.46375e-09 46.4931
vt -8.41879e-09 47.5038
vt -0.1 47.5038
vt 15.0861 0.1
vt 16.0918 1.34765e-24
vt 16.0918 0.1
vt 15.0861 0.1
vt 14.0804 0.1
vt 15.0861 1.34765e-24
vt 15.0861 1.34765e-24
vt 16.0918 1.34765e-24
vt 15.0861 0.1
vt 14.0804 1.34765e-24
vt 14.0804 0.1
vt 13.0746 0.1
vt 14.0804 0.1
vt 14.0804 1.34765e-24
vt 15.0861 1.34765e-24
vt 12.0689 0.1
vt 13.0746 1.34765e-24
vt 13.0746 0.1
vt 14.0804 1.34765e-24
vt 13.0746 0.1
vt 13.0746 1.34765e-24
vt 12.0689 0.1
vt 11.0631 0.1
vt 12.0689 1.34765e-24
vt 12.0689 1.34765e-24
vt 13.0746 1.34765e-24
vt 12.0689 0.1
vt 11.0631 1.34765e-24
vt 11.0631 0.1
vt 10.0574 0.1
vt 11.0631 0.1
vt 11.0631 1.34765e-24
vt 12.0689 1.34765e-24
vt 9.05166 0.1
vt 10.0574 1.34765e-24
vt 10.0574 0.1
vt 11.0631 1.34765e-24
vt 10.0574 0.1
vt 10.0574 1.34765e-24
vt 9.05166 0.1
vt 8.04592 0.1
vt 9.05166 1.34765e-24
vt 9.05166 1.34765e-24
vt 10.0574 1.34765e-24
vt 9.05166 0.1
vt 8.04592 1.34765e-24
vt 8.04592 0.1
vt 7.04018 0.1
vt 8.04592 0.1
vt 8.04592 1.34765e-24
vt 9.05166 1.34765e-24
vt 6.03444 0.1
vt 7.04018 1.34765e-24
vt 7.04018 0.1
vt 8.04592 1.34765e-24
vt 7.04018 0.1
vt 7.04018 1.34765e-24
vt 6.03444 0.1
vt 5.0287 0.1
vt 6.03444 1.34765e-24
vt 6.03444 1.34765e-24
vt 7.04018 1.34765e-24
vt 6.03444 0.1
vt 5.0287 1.34765e-24
vt 5.0287 0.1
vt 4.02296 0.1
vt 5.0287 0.1
vt 5.0287 1.34765e-24
vt 6.03444 1.34765e-24
vt 3.01722 0.1
vt 4.02296 1.34765e-24
vt 4.02296 0.1
vt 5.0287 1.34765e-24
vt 4.02296 0.1
vt 4.02296 1.34765e-24
vt 3.01722 0.1
vt 2.01148 0.1
vt 3.01722 1.34765e-24
vt 3.01722 1.34765e-24
vt 4.02296 1.34765e-24
vt 3.01722 0.1
vt 2.01148 1.34765e-24
vt 2.01148 0.1
vt 1.00574 0.1
vt 2.01148 0.1
vt 2.01148 1.34765e-24
vt 3.01722 1.34765e-24
vt 6.55668e-11 0.1
vt 1.00574 1.34765e-24
vt 1.00574 0.1
vt 2.01148 1.34765e-24
vt 1.00574 0.1
vt 1.00574 1.34765e-24
vt 2.04455e-22 1.34765e-24
vt 1.00574 1.34765e-24
vt 6.55668e-11 0.1
vt 17.0976 1.34765e-24
vt 16.0918 0.1
vt 16.0918 1.34765e-24
vt 18.1033 1.34765e-24
vt 17.0976 0.1
vt 17.0976 1.34765e-24
vt 16.0918 0.1
vt 17.0976 1.34765e-24
vt 17.0976 0.1
vt 18.1033 1.34765e-24
vt 19.1091 1.34765e-24
vt 18.1033 0.1
vt 18.1033 0.1
vt 17.0976 0.1
vt 18.1033 1.34765e-24
vt 19.1091 0.1
vt 19.1091 1.34765e-24
vt 20.1148 1.34765e-24
vt 19.1091 1.34765e-24
vt 19.1091 0.1
vt 18.1033 0.1
vt 21.1205 1.34765e-24
vt 20.1148 0.1
vt 20.1148 1.34765e-24
vt 19.1091 0.1
vt 20.1148 1.34765e-24
vt 20.1148 0.1
vt 21.1205 1.34765e-24
vt 22.1263 1.34765e-24
vt 21.1205 0.1
vt 21.1205 0.1
vt 20.1148 0.1
vt 21.1205 1.34765e-24
vt 22.1263 0.1
vt 22.1263 1.34765e-24
vt 23.132 1.34765e-24
vt 22.1263 1.34765e-24
vt 22.1263 0.1
vt 21.1205 0.1
vt 24.1378 1.34765e-24
vt 23.132 0.1
vt 23.132 1.34765e-24
vt 22.1263 0.1
vt 23.132 1.34765e-24
vt 23.132 0.1
vt 24.1378 1.34765e-24
vt 25.1435 1.34765e-24
vt 24.1378 0.1
vt 24.1378 0.1
vt 23.132 0.1
vt 24.1378 1.34765e-24
vt 25.1435 0.1
vt 25.1435 1.34765e-24
vt 26.1492 1.34765e-24
vt 25.1435 1.34765e-24
vt 25.1435 0.1
vt 24.1378 0.1
vt 27.155 1.34765e-24
vt 26.1492 0.1
vt 26.1492 1.34765e-24
vt 25.1435 0.1
vt 26.1492 1.34765e-24
vt 26.1492 0.1
vt 27.155 1.34765e-24
vt 28.1607 1.34765e-24
vt 27.155 0.1
vt 27.155 0.1
vt 26.1492 0.1
vt 27.155 1.34765e-24
vt 28.1607 0.1
vt 28.1607 1.34765e-24
vt 29.1665 1.34765e-24
vt 28.1607 1.34765e-24
vt 28.1607 0.1
vt 27.155 0.1
vt 30.1722 1.34765e-24
vt 29.1665 0.1
vt 29.1665 1.34765e-24
vt 28.1607 0.1
vt 29.1665 1.34765e-24
vt 29.1665 0.1
vt 30.1722 1.34765e-24
vt 31.1779 1.34765e-24
vt 30.1722 0.1
vt 30.1722 0.1
vt 29.1665 0.1
vt 30.1722 1.34765e-24
vt 31.1779 0.1
vt 31.1779 1.34765e-24
vt 32.1837 -3.66818e-13
vt 31.1779 1.34765e-24
vt 31.1779 0.1
vt 30.1722 0.1
vt 31.1779 0.1
vt 32.1837 -3.66818e-13
vt 32.1837 0.1
vn -1.30375e-17 -1.40246e-16 1
vn -1.30375e-17 -1.40246e-16 1
vn -1.30375e-17 -1.40246e-16 1
vn -1.30375e-17 -1.40246e-16 1
vn -1.30375e-17 -1.40246e-16 1
vn -1.30375e-17 -1.40246e-16 1
vn -1.30375e-17 -1.40246e-16 1
vn -1.30375e-17 -1.40246e-16 1
vn -1.30375e-17 -1.40246e-16 1
vn -1.30375e-17 -1.40246e-16 1
vn -1.30375e-17 -1.40246e-16 1
vn -1.30375e-17 -1.40246e-16 1
vn -1.30375e-17 -1.40246e-16 1
vn -1.30375e-17 -1.40246e-16 1
vn -1.30375e-17 -1.40246e-16 1
vn -1.30375e-17 -1.40246e-16 1
vn -1.30375e-17 -1.40246e-16 1
vn -1.30375e-17 -1.40246e-16 1
vn -1.30375e-17 -1.40246e-16 1
vn -1.30375e-17 -1.40246e-16 1
vn -1.30375e-17 -1.40246e-16 1
vn -1.30375e-17 -1.40246e-16 1
vn -1.30375e-17 -1.40246e-16 1
vn -1.30375e-17 -1.40246e-16 1
vn -1.30375e-17 -1.40246e-16 1
vn -1.30375e-17 -1.40246e-16 1
vn -1.30375e-17 -1.40246e-16 1
vn -1.30375e-17 -1.40246e-16 1
vn -1.30375e-17 -1.40246e-16 1
vn -1.30375e-17 -1.40246e-16 1
vn -1.30375e-17 -1.40246e-16 1
vn -1.30375e-17 -1.40246e-16 1
vn -1.30375e-17 -1.40246e-16 1
vn -1.30375e-17 -1.40246e-16 1
vn -1.30375e-17 -1.40246e-16 1
vn -1.30375e-17 -1.40246e-16 1
vn -1.30375e-17 -1.40246e-16 1
vn -1.30375e-17 -1.40246e-16 1
vn -1.30375e-17 -1.40246e-16 1
vn -1.30375e-17 -1.40246e-16 1
vn -1.30375e-17 -1.40246e-16 1
vn -1.30375e-17 -1.40246e-16 1
vn -1.30375e-17 -1.40246e-16 1
vn -1.30375e-17 -1.40246e-16 1
vn -1.30375e-17 -1.40246e-16 1
vn -1.30375e-17 -1.40246e-16 1
vn -1.30375e-17 -1.40246e-16 1
vn -1.30375e-17 -1.40246e-16 1
vn -1.30375e-17 -1.40246e-16 1
vn -1.30375e-17 -1.40246e-16 1
vn -1.30375e-17 -1.40246e-16 1
vn -1.30375e-17 -1.40246e-16 1
vn -1.30375e-17 -1.40246e-16 1
vn -1.30375e-17 -1.40246e-16 1
vn -1.30375e-17 -1.40246e-16 1
vn -1.30375e-17 -1.40246e-16 1
vn -1.30375e-17 -1.40246e-16 1
vn -1.30375e-17 -1.40246e-16 1
vn -1.30375e-17 -1.40246e-16 1
vn -1.30375e-17 -1.40246e-16 1
vn -1.30375e-17 -1.40246e-16 1
vn -1.30375e-17 -1.40246e-16 1
vn -1.30375e-17 -1.40246e-16 1
vn -1.30375e-17 -1.40246e-16 1
vn -1.30375e-17 -1.40246e-16 1
vn -1.30375e-17 -1.40246e-16 1
vn -1.30375e-17 -1.40246e-16 1
vn -1.30375e-17 -1.40246e-16 1
vn -1.30375e-17 -1.40246e-16 1
vn -1.30375e-17 -1.40246e-16 1
vn -1.30375e-17 -1.40246e-16 1
vn -1.30375e-17 -1.40246e-16 1
vn -1.30375e-17 -1.40246e-16 1
vn -1.30375e-17 -1.40246e-16 1
vn -1.30375e-17 -1.40246e-16 1
vn -1.30375e-17 -1.40246e-16 1
vn -1.30375e-17 -1.40246e-16 1
vn -1.30375e-17 -1.40246e-16 1
vn -1 -8.32667e-17 -1.46909e-17
vn -1 -8.32667e-17 -1.46909e-17
vn -1 -8.32667e-17 -1.46909e-17
vn -1 -8.32667e-17 -1.46909e-17
vn -1 -8.32667e-17 -1.46909e-17
vn -1 -8.32667e-17 -1.46909e-17
vn -1 -8.32667e-17 -1.46909e-17
vn -1 -8.32667e-17 -1.46909e-17
vn -1 -8.32667e-17 -1.46909e-17
vn -1 -8.32667e-17 -1.46909e-17
vn -1 -8.32667e-17 -1.46909e-17
vn -1 -8.32667e-17 -1.46909e-17
vn -1 -8.32667e-17 -1.46909e-17
vn -1 -8.32667e-17 -1.46909e-17
vn -1 -8.32667e-17 -1.46909e-17
vn -1 -8.32667e-17 -1.46909e-17
vn -1 -8.32667e-17 -1.46909e-17
vn -1 -8.32667e-17 -1.46909e-17
vn -1 -8.32667e-17 -1.46909e-17
vn -1 -8.32667e-17 -1.46909e-17
vn -1 -8.32667e-17 -1.46909e-17
vn -1 -8.32667e-17 -1.46909e-17
vn -1 -8.32667e-17 -1.46909e-17
vn -1 -8.32667e-17 -1.46909e-17
vn -1 -8.32667e-17 -1.46909e-17
vn -1 -8.32667e-17 -1.46909e-17
vn -1 -8.32667e-17 -1.46909e-17
vn -1 -8.32667e-17 -1.46909e-17
vn -1 -8.32667e-17 -1.46909e-17
vn -1 -8.32667e-17 -1.46909e-17
vn -1 -8.32667e-17 -1.46909e-17
vn -1 -8.32667e-17 -1.46909e-17
vn -1 -8.32667e-17 -1.46909e-17
vn -1 -8.32667e-17 -1.46909e-17
vn -1 -8.32667e-17 -1.46909e-17
vn -1 -8.32667e-17 -1.46909e-17
vn -1 -8.32667e-17 -1.46909e-17
vn -1 -8.32667e-17 -1.46909e-17
vn -1 -8.32667e-17 -1.46909e-17
vn -1 -8.32667e-17 -1.46909e-17
vn -1 -8.32667e-17 -1.46909e-17
vn -1 -8.32667e-17 -1.46909e-17
vn -1 -8.32667e-17 -1.46909e-17
vn -1 -8.32667e-17 -1.46909e-17
vn -1 -8.32667e-17 -1.46909e-17
vn -1 -8.32667e-17 -1.46909e-17
vn -1 -8.32667e-17 -1.46909e-17
vn -1 -8.32667e-17 -1.46909e-17
vn -1 -8.32667e-17 -1.46909e-17
vn -1 -8.32667e-17 -1.46909e-17
vn -1 -8.32667e-17 -1.46909e-17
vn -1 -8.32667e-17 -1.46909e-17
vn -1 -8.32667e-17 -1.46909e-17
vn -1 -8.32667e-17 -1.46909e-17
vn -1 -8.32667e-17 -1.46909e-17
vn -1 -8.32667e-17 -1.46909e-17
vn -1 -8.32667e-17 -1.46909e-17
vn -1 -8.32667e-17 -1.46909e-17
vn -1 -8.32667e-17 -1.46909e-17
vn -1 -8.32667e-17 -1.46909e-17
vn -1 -8.32667e-17 -1.46909e-17
vn -1 -8.32667e-17 -1.46909e-17
vn -1 -8.32667e-17 -1.46909e-17
vn -1 -8.32667e-17 -1.46909e-17
vn -1 -8.32667e-17 -1.46909e-17
vn -1 -8.32667e-17 -1.46909e-17
vn -1 -8.32667e-17 -1.46909e-17
vn -1 -8.32667e-17 -1.46909e-17
vn -1 -8.32667e-17 -1.46909e-17
vn -1 -8.32667e-17 -1.46909e-17
vn -1 -8.32667e-17 -1.46909e-17
vn -1 -8.32667e-17 -1.46909e-17
vn -1 -8.32667e-17 -1.46909e-17
vn -1 -8.32667e-17 -1.46909e-17
vn -1 -8.32667e-17 -1.46909e-17
vn -1 -8.32667e-17 -1.46909e-17
vn -1 -8.32667e-17 -1.46909e-17
vn -1 -8.32667e-17 -1.46909e-17
vn -1 -8.32667e-17 -1.46909e-17
vn -1 -8.32667e-17 -1.46909e-17
vn -1 -8.32667e-17 -1.46909e-17
vn -1 -8.32667e-17 -1.46909e-17
vn -1 -8.32667e-17 -1.46909e-17
vn -1 -8.32667e-17 -1.46909e-17
vn -1 -8.32667e-17 -1.46909e-17
vn -1 -8.32667e-17 -1.46909e-17
vn -1 -8.32667e-17 -1.46909e-17
vn -1 -8.32667e-17 -1.46909e-17
vn -1 -8.32667e-17 -1.46909e-17
vn -1 -8.32667e-17 -1.46909e-17
vn -1 -8.32667e-17 -1.46909e-17
vn -1 -8.32667e-17 -1.46909e-17
vn -1 -8.32667e-17 -1.46909e-17
vn -1 -8.32667e-17 -1.46909e-17
vn -1 -8.32667e-17 -1.46909e-17
vn -1 -8.32667e-17 -1.46909e-17
vn -1 -8.32667e-17 -1.46909e-17
vn -1 -8.32667e-17 -1.46909e-17
vn -1 -8.32667e-17 -1.46909e-17
vn -1 -8.32667e-17 -1.46909e-17
vn -1 -8.32667e-17 -1.46909e-17
vn -1 -8.32667e-17 -1.46909e-17
vn -1 -8.32667e-17 -1.46909e-17
vn -1 -8.32667e-17 -1.46909e-17
vn -1 -8.32667e-17 -1.46909e-17
vn -1 -8.32667e-17 -1.46909e-17
vn -1 -8.32667e-17 -1.46909e-17
vn -1 -8.32667e-17 -1.46909e-17
vn -1 -8.32667e-17 -1.46909e-17
vn -1 -8.32667e-17 -1.46909e-17
vn -1 -8.32667e-17 -1.46909e-17
vn -1 -8.32667e-17 -1.46909e-17
vn -1 -8.32667e-17 -1.46909e-17
vn -1 -8.32667e-17 -1.46909e-17
vn -1 -8.32667e-17 -1.46909e-17
vn -1 -8.32667e-17 -1.46909e-17
vn -1 -8.32667e-17 -1.46909e-17
vn -1 -8.32667e-17 -1.46909e-17
vn -1 -8.32667e-17 -1.46909e-17
vn -1 -8.32667e-17 -1.46909e-17
vn -1 -8.32667e-17 -1.46909e-17
vn -1 -8.32667e-17 -1.46909e-17
vn -1 -8.32667e-17 -1.46909e-17
vn -1 -8.32667e-17 -1.46909e-17
vn -1 -8.32667e-17 -1.46909e-17
vn -1 -8.32667e-17 -1.46909e-17
vn -1 -8.32667e-17 -1.46909e-17
vn -1 -8.32667e-17 -1.46909e-17
vn -1 -8.32667e-17 -1.46909e-17
vn -1 -8.32667e-17 -1.46909e-17
vn -1 -8.32667e-17 -1.46909e-17
vn -1 -8.32667e-17 -1.46909e-17
vn -1 -8.32667e-17 -1.46909e-17
vn -1 -8.32667e-17 -1.46909e-17
vn -1 -8.32667e-17 -1.46909e-17
vn -1 -8.32667e-17 -1.46909e-17
vn -1 -8.32667e-17 -1.46909e-17
vn -1 -8.32667e-17 -1.46909e-17
vn -1 -8.32667e-17 -1.46909e-17
vn -1 -8.32667e-17 -1.46909e-17
vn -1 -8.32667e-17 -1.46909e-17
vn -1 -8.32667e-17 -1.46909e-17
vn -1 -8.32667e-17 -1.46909e-17
vn -1 -8.32667e-17 -1.46909e-17
vn -1 -8.32667e-17 -1.46909e-17
vn -1 -8.32667e-17 -1.46909e-17
vn -1 -8.32667e-17 -1.46909e-17
vn -1 -8.32667e-17 -1.46909e-17
vn -1 -8.32667e-17 -1.46909e-17
vn -1 -8.32667e-17 -1.46909e-17
vn -1 -8.32667e-17 -1.46909e-17
vn -1 -8.32667e-17 -1.46909e-17
vn -1 -8.32667e-17 -1.46909e-17
vn -1 -8.32667e-17 -1.46909e-17
vn -1 -8.32667e-17 -1.46909e-17
vn -1 -8.32667e-17 -1.46909e-17
vn -1 -8.32667e-17 -1.46909e-17
vn -1 -8.32667e-17 -1.46909e-17
vn -1 -8.32667e-17 -1.46909e-17
vn -1 -8.32667e-17 -1.46909e-17
vn -1 -8.32667e-17 -1.46909e-17
vn -1 -8.32667e-17 -1.46909e-17
vn -1 -8.32667e-17 -1.46909e-17
vn -1 -8.32667e-17 -1.46909e-17
vn -1 -8.32667e-17 -1.46909e-17
vn -1 -8.32667e-17 -1.46909e-17
vn -1 -8.32667e-17 -1.46909e-17
vn -1 -8.32667e-17 -1.46909e-17
vn -1 -8.32667e-17 -1.46909e-17
vn -1 -8.32667e-17 -1.46909e-17
vn -1 -8.32667e-17 -1.46909e-17
vn -1 -8.32667e-17 -1.46909e-17
vn -1 -8.32667e-17 -1.46909e-17
vn -1 -8.32667e-17 -1.46909e-17
vn -1 -8.32667e-17 -1.46909e-17
vn -1 -8.32667e-17 -1.46909e-17
vn -1 -8.32667e-17 -1.46909e-17
vn -1 -8.32667e-17 -1.46909e-17
vn -1 -8.32667e-17 -1.46909e-17
vn -1 -8.32667e-17 -1.46909e-17
vn -1 -8.32667e-17 -1.46909e-17
vn -1 -8.32667e-17 -1.46909e-17
vn -1 -8.32667e-17 -1.46909e-17
vn -1 -8.32667e-17 -1.46909e-17
vn -1 -8.32667e-17 -1.46909e-17
vn -1 -8.32667e-17 -1.46909e-17
vn -1 -8.32667e-17 -1.46909e-17
vn -1 -8.32667e-17 -1.46909e-17
vn -1 -8.32667e-17 -1.46909e-17
vn -1 -8.32667e-17 -1.46909e-17
vn -1 -8.32667e-17 -1.46909e-17
vn -1 -8.32667e-17 -1.46909e-17
vn -1 -8.32667e-17 -1.46909e-17
vn -1 -8.32667e-17 -1.46909e-17
vn -1 -8.32667e-17 -1.46909e-17
vn -1 -8.32667e-17 -1.46909e-17
vn -1 -8.32667e-17 -1.46909e-17
vn -1 -8.32667e-17 -1.46909e-17
vn -1 -8.32667e-17 -1.46909e-17
vn -1 -8.32667e-17 -1.46909e-17
vn -1 -8.32667e-17 -1.46909e-17
vn -1 -8.32667e-17 -1.46909e-17
vn -1 -8.32667e-17 -1.46909e-17
vn -1 -8.32667e-17 -1.46909e-17
vn -1 -8.32667e-17 -1.46909e-17
vn -1 -8.32667e-17 -1.46909e-17
vn -1 -8.32667e-17 -1.46909e-17
vn -1 -8.32667e-17 -1.46909e-17
vn -1 -8.32667e-17 -1.46909e-17
vn -1 -8.32667e-17 -1.46909e-17
vn -1 -8.32667e-17 -1.46909e-17
vn -1 -8.32667e-17 -1.46909e-17
vn -1 -8.32667e-17 -1.46909e-17
vn -1 -8.32667e-17 -1.46909e-17
vn -1 -8.32667e-17 -1.46909e-17
vn -1 -8.32667e-17 -1.46909e-17
vn -1 -8.32667e-17 -1.46909e-17
vn -1 -8.32667e-17 -1.46909e-17
vn -1 -8.32667e-17 -1.46909e-17
vn -1 -8.32667e-17 -1.46909e-17
vn -1 -8.32667e-17 -1.46909e-17
vn -1 -8.32667e-17 -1.46909e-17
vn -1 -8.32667e-17 -1.46909e-17
vn -1 -8.32667e-17 -1.46909e-17
vn -1 -8.32667e-17 -1.46909e-17
vn -1 -8.32667e-17 -1.46909e-17
vn -1 -8.32667e-17 -1.46909e-17
vn -1 -8.32667e-17 -1.46909e-17
vn -1 -8.32667e-17 -1.46909e-17
vn -1 -8.32667e-17 -1.46909e-17
vn -1 -8.32667e-17 -1.46909e-17
vn -1 -8.32667e-17 -1.46909e-17
vn -1 -8.32667e-17 -1.46909e-17
vn -1 -8.32667e-17 -1.46909e-17
vn -1 -8.32667e-17 -1.46909e-17
vn -1 -8.32667e-17 -1.46909e-17
vn -1 -8.32667e-17 -1.46909e-17
vn -1 -8.32667e-17 -1.46909e-17
vn -1 -8.32667e-17 -1.46909e-17
vn -1 -8.32667e-17 -1.46909e-17
vn -1 -8.32667e-17 -1.46909e-17
vn -1 -8.32667e-17 -1.46909e-17
vn -1 -8.32667e-17 -1.46909e-17
vn -1 -8.32667e-17 -1.46909e-17
vn -1 -8.32667e-17 -1.46909e-17
vn -1 -8.32667e-17 -1.46909e-17
vn -1 -8.32667e-17 -1.46909e-17
vn -1 -8.32667e-17 -1.46909e-17
vn -1 -8.32667e-17 -1.46909e-17
vn -1 -8.32667e-17 -1.46909e-17
vn -1 -8.32667e-17 -1.46909e-17
vn -1 -8.32667e-17 -1.46909e-17
vn -1 -8.32667e-17 -1.46909e-17
vn -1 -8.32667e-17 -1.46909e-17
vn -1 -8.32667e-17 -1.46909e-17
vn -1 -8.32667e-17 -1.46909e-17
vn -1 -8.32667e-17 -1.46909e-17
vn -1 -8.32667e-17 -1.46909e-17
vn -1 -8.32667e-17 -1.46909e-17
vn -1 -8.32667e-17 -1.46909e-17
vn -1 -8.32667e-17 -1.46909e-17
vn -1 -8.32667e-17 -1.46909e-17
vn -1 -8.32667e-17 -1.46909e-17
vn -1 -8.32667e-17 -1.46909e-17
vn -1 -8.32667e-17 -1.46909e-17
vn -1 -8.32667e-17 -1.46909e-17
vn -1 -8.32667e-17 -1.46909e-17
vn -1 -8.32667e-17 -1.46909e-17
vn -1 -8.32667e-17 -1.46909e-17
vn -1 -8.32667e-17 -1.46909e-17
vn -1 -8.32667e-17 -1.46909e-17
vn -1 -8.32667e-17 -1.46909e-17
vn -1 -8.32667e-17 -1.46909e-17
vn -1 -8.32667e-17 -1.46909e-17
vn -1 -8.32667e-17 -1.46909e-17
vn -1 -8.32667e-17 -1.46909e-17
vn -1 -8.32667e-17 -1.46909e-17
vn -1 -8.32667e-17 -1.46909e-17
vn -1 -8.32667e-17 -1.46909e-17
vn -1 -8.32667e-17 -1.46909e-17
vn -1 -8.32667e-17 -1.46909e-17
vn -1 -8.32667e-17 -1.46909e-17
vn -1 -8.32667e-17 -1.46909e-17
vn -1 -8.32667e-17 -1.46909e-17
vn -1 -8.32667e-17 -1.46909e-17
vn -1 -8.32667e-17 -1.46909e-17
vn -1 -8.32667e-17 -1.46909e-17
vn -1 -8.32667e-17 -1.46909e-17
vn -1 -8.32667e-17 -1.46909e-17
vn -1 -8.32667e-17 -1.46909e-17
vn -1 -8.32667e-17 -1.46909e-17
vn -1 -8.32667e-17 -1.46909e-17
vn -1 -8.32667e-17 -1.46909e-17
vn -1 -8.32667e-17 -1.46909e-17
vn -1 -8.32667e-17 -1.46909e-17
vn -1 -8.32667e-17 -1.46909e-17
vn -1 -8.32667e-17 -1.46909e-17
vn -1 -8.32667e-17 -1.46909e-17
vn -1 -8.32667e-17 -1.46909e-17
vn -1 -8.32667e-17 -1.46909e-17
vn -1 -8.32667e-17 -1.46909e-17
vn -1 -8.32667e-17 -1.46909e-17
vn -1 -8.32667e-17 -1.46909e-17
vn -1 -8.32667e-17 -1.46909e-17
vn -1 -8.32667e-17 -1.46909e-17
vn -1 -8.32667e-17 -1.46909e-17
vn -1 -8.32667e-17 -1.46909e-17
vn -1 -8.32667e-17 -1.46909e-17
vn -1 -8.32667e-17 -1.46909e-17
vn -1 -8.32667e-17 -1.46909e-17
vn -1 -8.32667e-17 -1.46909e-17
vn -1 -8.32667e-17 -1.46909e-17
vn -1 -8.32667e-17 -1.46909e-17
vn -1 -8.32667e-17 -1.46909e-17
vn -1 -8.32667e-17 -1.46909e-17
vn -1 -8.32667e-17 -1.46909e-17
vn -1 -8.32667e-17 -1.46909e-17
vn -1 -8.32667e-17 -1.46909e-17
vn -1 -8.32667e-17 -1.46909e-17
vn -1 -8.32667e-17 -1.46909e-17
vn -1 -8.32667e-17 -1.46909e-17
vn -1 -8.32667e-17 -1.46909e-17
vn -1 -8.32667e-17 -1.46909e-17
vn -1 -8.32667e-17 -1.46909e-17
vn -1 -8.32667e-17 -1.46909e-17
vn -1 -8.32667e-17 -1.46909e-17
vn -1 -8.32667e-17 -1.46909e-17
vn -1 -8.32667e-17 -1.46909e-17
vn -1 -8.32667e-17 -1.46909e-17
vn -1 -8.32667e-17 -1.46909e-17
vn -1 -8.32667e-17 -1.46909e-17
vn -1 -8.32667e-17 -1.46909e-17
vn -1 -8.32667e-17 -1.46909e-17
vn -1 -8.32667e-17 -1.46909e-17
vn -1 -8.32667e-17 -1.46909e-17
vn -1 -8.32667e-17 -1.46909e-17
vn -1 -8.32667e-17 -1.46909e-17
vn -1 -8.32667e-17 -1.46909e-17
vn -1 -8.32667e-17 -1.46909e-17
vn -1 -8.32667e-17 -1.46909e-17
vn -1 -8.32667e-17 -1.46909e-17
vn -1 -8.32667e-17 -1.46909e-17
vn -1 -8.32667e-17 -1.46909e-17
vn -1 -8.32667e-17 -1.46909e-17
vn -1 -8.32667e-17 -1.46909e-17
vn -1 -8.32667e-17 -1.46909e-17
vn -1 -8.32667e-17 -1.46909e-17
vn -1 -8.32667e-17 -1.46909e-17
vn -1 -8.32667e-17 -1.46909e-17
vn -1 -8.32667e-17 -1.46909e-17
vn -1 -8.32667e-17 -1.46909e-17
vn -1 -8.32667e-17 -1.46909e-17
vn -1 -8.32667e-17 -1.46909e-17
vn -1 -8.32667e-17 -1.46909e-17
vn -1 -8.32667e-17 -1.46909e-17
vn -1 -8.32667e-17 -1.46909e-17
vn -1 -8.32667e-17 -1.46909e-17
vn -1 -8.32667e-17 -1.46909e-17
vn -1 -8.32667e-17 -1.46909e-17
vn -1 -8.32667e-17 -1.46909e-17
vn -1 -8.32667e-17 -1.46909e-17
vn -1 -8.32667e-17 -1.46909e-17
vn -1 -8.32667e-17 -1.46909e-17
vn -1 -8.32667e-17 -1.46909e-17
vn -1 -8.32667e-17 -1.46909e-17
vn -1 -8.32667e-17 -1.46909e-17
vn -1 -8.32667e-17 -1.46909e-17
vn -1 -8.32667e-17 -1.46909e-17
vn -1 -8.32667e-17 -1.46909e-17
vn -1 -8.32667e-17 -1.46909e-17
vn -1 -8.32667e-17 -1.46909e-17
vn -1 -8.32667e-17 -1.46909e-17
vn -1 -8.32667e-17 -1.46909e-17
vn -1 -8.32667e-17 -1.46909e-17
vn -1 -8.32667e-17 -1.46909e-17
vn -1 -8.32667e-17 -1.46909e-17
vn -1 -8.32667e-17 -1.46909e-17
vn -1 -8.32667e-17 -1.46909e-17
vn -1 -8.32667e-17 -1.46909e-17
vn -1 -8.32667e-17 -1.46909e-17
vn -1 -8.32667e-17 -1.46909e-17
vn -1 -8.32667e-17 -1.46909e-17
vn -1 -8.32667e-17 -1.46909e-17
vn -1 -8.32667e-17 -1.46909e-17
vn -1 -8.32667e-17 -1.46909e-17
vn -1 -8.32667e-17 -1.46909e-17
vn -1 -8.32667e-17 -1.46909e-17
vn -1 -8.32667e-17 -1.46909e-17
vn -1 -8.32667e-17 -1.46909e-17
vn -1 -8.32667e-17 -1.46909e-17
vn -1.30375e-17 -1.40246e-16 1
vn -1.30375e-17 -1.40246e-16 1
vn -1.30375e-17 -1.40246e-16 1
vn -1.30375e-17 -1.40246e-16 1
vn -1.30375e-17 -1.40246e-16 1
vn -1.30375e-17 -1.40246e-16 1
vn -1.30375e-17 -1.40246e-16 1
vn -1.30375e-17 -1.40246e-16 1
vn -1.30375e-17 -1.40246e-16 1
vn -1.30375e-17 -1.40246e-16 1
vn -1.30375e-17 -1.40246e-16 1
vn -1.30375e-17 -1.40246e-16 1
vn -1.30375e-17 -1.40246e-16 1
vn -1.30375e-17 -1.40246e-16 1
vn -1.30375e-17 -1.40246e-16 1
vn -1.30375e-17 -1.40246e-16 1
vn -1.30375e-17 -1.40246e-16 1
vn -1.30375e-17 -1.40246e-16 1
vn -1.30375e-17 -1.40246e-16 1
vn -1.30375e-17 -1.40246e-16 1
vn -1.30375e-17 -1.40246e-16 1
vn -1.30375e-17 -1.40246e-16 1
vn -1.30375e-17 -1.40246e-16 1
vn -1.30375e-17 -1.40246e-16 1
vn -1.30375e-17 -1.40246e-16 1
vn -1.30375e-17 -1.40246e-16 1
vn -1.30375e-17 -1.40246e-16 1
vn -1.30375e-17 -1.40246e-16 1
vn -1.30375e-17 -1.40246e-16 1
vn -1.30375e-17 -1.40246e-16 1
vn -1.30375e-17 -1.40246e-16 1
vn -1.30375e-17 -1.40246e-16 1
vn -1.30375e-17 -1.40246e-16 1
vn -1.30375e-17 -1.40246e-16 1
vn -1.30375e-17 -1.40246e-16 1
vn -1.30375e-17 -1.40246e-16 1
vn -1.30375e-17 -1.40246e-16 1
vn -1.30375e-17 -1.40246e-16 1
vn -1.30375e-17 -1.40246e-16 1
vn -1.30375e-17 -1.40246e-16 1
vn -1.30375e-17 -1.40246e-16 1
vn -1.30375e-17 -1.40246e-16 1
vn -1.30375e-17 -1.40246e-16 1
vn -1.30375e-17 -1.40246e-16 1
vn -1.30375e-17 -1.40246e-16 1
vn -1.30375e-17 -1.40246e-16 1
vn -1.30375e-17 -1.40246e-16 1
vn -1.30375e-17 -1.40246e-16 1
vn -1.30375e-17 -1.40246e-16 1
vn -1.30375e-17 -1.40246e-16 1
vn -1.30375e-17 -1.40246e-16 1
vn -1.30375e-17 -1.40246e-16 1
vn -1.30375e-17 -1.40246e-16 1
vn -1.30375e-17 -1.40246e-16 1
vn -1.30375e-17 -1.40246e-16 1
vn -1.30375e-17 -1.40246e-16 1
vn -1.30375e-17 -1.40246e-16 1
vn -1.30375e-17 -1.40246e-16 1
vn -1.30375e-17 -1.40246e-16 1
vn -1.30375e-17 -1.40246e-16 1
vn -1.30375e-17 -1.40246e-16 1
vn -1.30375e-17 -1.40246e-16 1
vn -1.30375e-17 -1.40246e-16 1
vn -1.30375e-17 -1.40246e-16 1
vn -1.30375e-17 -1.40246e-16 1
vn -1.30375e-17 -1.40246e-16 1
vn -1.30375e-17 -1.40246e-16 1
vn -1.30375e-17 -1.40246e-16 1
vn -1.30375e-17 -1.40246e-16 1
vn -1.30375e-17 -1.40246e-16 1
vn -1.30375e-17 -1.40246e-16 1
vn -1.30375e-17 -1.40246e-16 1
vn -1.30375e-17 -1.40246e-16 1
vn -1.30375e-17 -1.40246e-16 1
vn -1.30375e-17 -1.40246e-16 1
vn -1.30375e-17 -1.40246e-16 1
vn -1.30375e-17 -1.40246e-16 1
vn -1.30375e-17 -1.40246e-16 1
vn -1.30375e-17 -1.40246e-16 1
vn -1.30375e-17 -1.40246e-16 1
vn -1.30375e-17 -1.40246e-16 1
vn -1.30375e-17 -1.40246e-16 1
vn -1.30375e-17 -1.40246e-16 1
vn -1.30375e-17 -1.40246e-16 1
vn -1 -8.32667e-17 -1.46909e-17
vn -1 -8.32667e-17 -1.46909e-17
vn -1 -8.32667e-17 -1.46909e-17
vn -1 -8.32667e-17 -1.46909e-17
vn -1 -8.32667e-17 -1.46909e-17
vn -1 -8.32667e-17 -1.46909e-17
vn -1 -8.32667e-17 -1.46909e-17
vn -1 -8.32667e-17 -1.46909e-17
vn -1 -8.32667e-17 -1.46909e-17
vn -1 -8.32667e-17 -1.46909e-17
vn -1 -8.32667e-17 -1.46909e-17
vn -1 -8.32667e-17 -1.46909e-17
vn -1 -8.32667e-17 -1.46909e-17
vn -1 -8.32667e-17 -1.46909e-17
vn -1 -8.32667e-17 -1.46909e-17
vn -1 -8.32667e-17 -1.46909e-17
vn -1 -8.32667e-17 -1.46909e-17
vn -1 -8.32667e-17 -1.46909e-17
vn -1 -8.32667e-17 -1.46909e-17
vn -1 -8.32667e-17 -1.46909e-17
vn -1 -8.32667e-17 -1.46909e-17
vn -1 -8.32667e-17 -1.46909e-17
vn -1 -8.32667e-17 -1.46909e-17
vn -1 -8.32667e-17 -1.46909e-17
vn -1 -8.32667e-17 -1.46909e-17
vn -1 -8.32667e-17 -1.46909e-17
vn -1 -8.32667e-17 -1.46909e-17
vn -1 -8.32667e-17 -1.46909e-17
vn -1 -8.32667e-17 -1.46909e-17
vn -1 -8.32667e-17 -1.46909e-17
vn -1 -8.32667e-17 -1.46909e-17
vn -1 -8.32667e-17 -1.46909e-17
vn -1 -8.32667e-17 -1.46909e-17
vn -1 -8.32667e-17 -1.46909e-17
vn -1 -8.32667e-17 -1.46909e-17
vn -1 -8.32667e-17 -1.46909e-17
vn -1 -8.32667e-17 -1.46909e-17
vn -1 -8.32667e-17 -1.46909e-17
vn -1 -8.32667e-17 -1.46909e-17
vn -1 -8.32667e-17 -1.46909e-17
vn -1 -8.32667e-17 -1.46909e-17
vn -1 -8.32667e-17 -1.46909e-17
vn -1 -8.32667e-17 -1.46909e-17
vn -1 -8.32667e-17 -1.46909e-17
vn -1 -8.32667e-17 -1.46909e-17
vn -1 -8.32667e-17 -1.46909e-17
vn -1 -8.32667e-17 -1.46909e-17
vn -1 -8.32667e-17 -1.46909e-17
vn -1 -8.32667e-17 -1.46909e-17
vn -1 -8.32667e-17 -1.46909e-17
vn -1 -8.32667e-17 -1.46909e-17
vn -1 -8.32667e-17 -1.46909e-17
vn -1 -8.32667e-17 -1.46909e-17
vn -1 -8.32667e-17 -1.46909e-17
vn -1 -8.32667e-17 -1.46909e-17
vn -1 -8.32667e-17 -1.46909e-17
vn -1 -8.32667e-17 -1.46909e-17
vn -1 -8.32667e-17 -1.46909e-17
vn -1 -8.32667e-17 -1.46909e-17
vn -1 -8.32667e-17 -1.46909e-17
vn 1.30375e-17 1.40246e-16 -1
vn 1.30375e-17 1.40246e-16 -1
vn 1.30375e-17 1.40246e-16 -1
vn 1.30375e-17 1.40246e-16 -1
vn 1.30375e-17 1.40246e-16 -1
vn 1.30375e-17 1.40246e-16 -1
vn 1.30375e-17 1.40246e-16 -1
vn 1.30375e-17 1.40246e-16 -1
vn 1.30375e-17 1.40246e-16 -1
vn 1.30375e-17 1.40246e-16 -1
vn 1.30375e-17 1.40246e-16 -1
vn 1.30375e-17 1.40246e-16 -1
vn 1.30375e-17 1.40246e-16 -1
vn 1.30375e-17 1.40246e-16 -1
vn 1.30375e-17 1.40246e-16 -1
vn 1.30375e-17 1.40246e-16 -1
vn 1.30375e-17 1.40246e-16 -1
vn 1.30375e-17 1.40246e-16 -1
vn 1.30375e-17 1.40246e-16 -1
vn 1.30375e-17 1.40246e-16 -1
vn 1.30375e-17 1.40246e-16 -1
vn 1.30375e-17 1.40246e-16 -1
vn 1.30375e-17 1.40246e-16 -1
vn 1.30375e-17 1.40246e-16 -1
vn 1.30375e-17 1.40246e-16 -1
vn 1.30375e-17 1.40246e-16 -1
vn 1.30375e-17 1.40246e-16 -1
vn 1.30375e-17 1.40246e-16 -1
vn 1.30375e-17 1.40246e-16 -1
vn 1.30375e-17 1.40246e-16 -1
vn 1.30375e-17 1.40246e-16 -1
vn 1.30375e-17 1.40246e-16 -1
vn 1.30375e-17 1.40246e-16 -1
vn 1.30375e-17 1.40246e-16 -1
vn 1.30375e-17 1.40246e-16 -1
vn 1.30375e-17 1.40246e-16 -1
vn 1.30375e-17 1.40246e-16 -1
vn 1.30375e-17 1.40246e-16 -1
vn 1.30375e-17 1.40246e-16 -1
vn 1.30375e-17 1.40246e-16 -1
vn 1.30375e-17 1.40246e-16 -1
vn 1.30375e-17 1.40246e-16 -1
vn 1.30375e-17 1.40246e-16 -1
vn 1.30375e-17 1.40246e-16 -1
vn 1.30375e-17 1.40246e-16 -1
vn 1.30375e-17 1.40246e-16 -1
vn 1.30375e-17 1.40246e-16 -1
vn 1.30375e-17 1.40246e-16 -1
vn 1.30375e-17 1.40246e-16 -1
vn 1.30375e-17 1.40246e-16 -1
vn 1.30375e-17 1.40246e-16 -1
vn 1.30375e-17 1.40246e-16 -1
vn 1.30375e-17 1.40246e-16 -1
vn 1.30375e-17 1.40246e-16 -1
vn 1.30375e-17 1.40246e-16 -1
vn 1.30375e-17 1.40246e-16 -1
vn 1.30375e-17 1.40246e-16 -1
vn 1.30375e-17 1.40246e-16 -1
vn 1.30375e-17 1.40246e-16 -1
vn 1.30375e-17 1.40246e-16 -1
vn 1.30375e-17 1.40246e-16 -1
vn 1.30375e-17 1.40246e-16 -1
vn 1.30375e-17 1.40246e-16 -1
vn 1.30375e-17 1.40246e-16 -1
vn 1.30375e-17 1.40246e-16 -1
vn 1.30375e-17 1.40246e-16 -1
vn 1.30375e-17 1.40246e-16 -1
vn 1.30375e-17 1.40246e-16 -1
vn 1.30375e-17 1.40246e-16 -1
vn 1.30375e-17 1.40246e-16 -1
vn 1.30375e-17 1.40246e-16 -1
vn 1.30375e-17 1.40246e-16 -1
vn 1.30375e-17 1.40246e-16 -1
vn 1.30375e-17 1.40246e-16 -1
vn 1.30375e-17 1.40246e-16 -1
vn 1.30375e-17 1.40246e-16 -1
vn 1.30375e-17 1.40246e-16 -1
vn 1.30375e-17 1.40246e-16 -1
vn 1.30375e-17 1.40246e-16 -1
vn 1.30375e-17 1.40246e-16 -1
vn 1.30375e-17 1.40246e-16 -1
vn 1.30375e-17 1.40246e-16 -1
vn 1.30375e-17 1.40246e-16 -1
vn 1.30375e-17 1.40246e-16 -1
vn -1 -8.32667e-17 -1.46909e-17
vn -1 -8.32667e-17 -1.46909e-17
vn -1 -8.32667e-17 -1.46909e-17
vn -1 -8.32667e-17 -1.46909e-17
vn -1 -8.32667e-17 -1.46909e-17
vn -1 -8.32667e-17 -1.46909e-17
vn -1 -8.32667e-17 -1.46909e-17
vn -1 -8.32667e-17 -1.46909e-17
vn -1 -8.32667e-17 -1.46909e-17
vn -1 -8.32667e-17 -1.46909e-17
vn -1 -8.32667e-17 -1.46909e-17
vn -1 -8.32667e-17 -1.46909e-17
vn -1 -8.32667e-17 -1.46909e-17
vn -1 -8.32667e-17 -1.46909e-17
vn -1 -8.32667e-17 -1.46909e-17
vn -1 -8.32667e-17 -1.46909e-17
vn -1 -8.32667e-17 -1.46909e-17
vn -1 -8.32667e-17 -1.46909e-17
vn -1 -8.32667e-17 -1.46909e-17
vn -1 -8.32667e-17 -1.46909e-17
vn -1 -8.32667e-17 -1.46909e-17
vn -1 -8.32667e-17 -1.46909e-17
vn -1 -8.32667e-17 -1.46909e-17
vn -1 -8.32667e-17 -1.46909e-17
vn -1 -8.32667e-17 -1.46909e-17
vn -1 -8.32667e-17 -1.46909e-17
vn -1 -8.32667e-17 -1.46909e-17
vn -1 -8.32667e-17 -1.46909e-17
vn -1 -8.32667e-17 -1.46909e-17
vn -1 -8.32667e-17 -1.46909e-17
vn -1 -8.32667e-17 -1.46909e-17
vn -1 -8.32667e-17 -1.46909e-17
vn -1 -8.32667e-17 -1.46909e-17
vn -1 -8.32667e-17 -1.46909e-17
vn -1 -8.32667e-17 -1.46909e-17
vn -1 -8.32667e-17 -1.46909e-17
vn -1 -8.32667e-17 -1.46909e-17
vn -1 -8.32667e-17 -1.46909e-17
vn -1 -8.32667e-17 -1.46909e-17
vn -1 -8.32667e-17 -1.46909e-17
vn -1 -8.32667e-17 -1.46909e-17
vn -1 -8.32667e-17 -1.46909e-17
vn -1 -8.32667e-17 -1.46909e-17
vn -1 -8.32667e-17 -1.46909e-17
vn -1 -8.32667e-17 -1.46909e-17
vn -1 -8.32667e-17 -1.46909e-17
vn -1 -8.32667e-17 -1.46909e-17
vn -1 -8.32667e-17 -1.46909e-17
vn -1 -8.32667e-17 -1.46909e-17
vn -1 -8.32667e-17 -1.46909e-17
vn -1 -8.32667e-17 -1.46909e-17
vn -1 -8.32667e-17 -1.46909e-17
vn -1 -8.32667e-17 -1.46909e-17
vn -1 -8.32667e-17 -1.46909e-17
vn -1 -8.32667e-17 -1.46909e-17
vn -1 -8.32667e-17 -1.46909e-17
vn -1 -8.32667e-17 -1.46909e-17
vn -1 -8.32667e-17 -1.46909e-17
vn -1 -8.32667e-17 -1.46909e-17
vn -1 -8.32667e-17 -1.46909e-17
vn -1 -8.32667e-17 -1.46909e-17
vn -1 -8.32667e-17 -1.46909e-17
vn -1 -8.32667e-17 -1.46909e-17
vn -1 -8.32667e-17 -1.46909e-17
vn -1 -8.32667e-17 -1.46909e-17
vn -1 -8.32667e-17 -1.46909e-17
vn -1 -8.32667e-17 -1.46909e-17
vn -1 -8.32667e-17 -1.46909e-17
vn -1 -8.32667e-17 -1.46909e-17
vn -1 -8.32667e-17 -1.46909e-17
vn -1 -8.32667e-17 -1.46909e-17
vn -1 -8.32667e-17 -1.46909e-17
vn -1 -8.32667e-17 -1.46909e-17
vn -1 -8.32667e-17 -1.46909e-17
vn -1 -8.32667e-17 -1.46909e-17
vn -1 -8.32667e-17 -1.46909e-17
vn -1 -8.32667e-17 -1.46909e-17
vn -1 -8.32667e-17 -1.46909e-17
vn -1 -8.32667e-17 -1.46909e-17
vn -1 -8.32667e-17 -1.46909e-17
vn -1 -8.32667e-17 -1.46909e-17
vn -1 -8.32667e-17 -1.46909e-17
vn -1 -8.32667e-17 -1.46909e-17
vn -1 -8.32667e-17 -1.46909e-17
vn -1 -8.32667e-17 -1.46909e-17
vn -1 -8.32667e-17 -1.46909e-17
vn -1 -8.32667e-17 -1.46909e-17
vn -1 -8.32667e-17 -1.46909e-17
vn -1 -8.32667e-17 -1.46909e-17
vn -1 -8.32667e-17 -1.46909e-17
vn -1 -8.32667e-17 -1.46909e-17
vn -1 -8.32667e-17 -1.46909e-17
vn -1 -8.32667e-17 -1.46909e-17
vn -1 -8.32667e-17 -1.46909e-17
vn -1 -8.32667e-17 -1.46909e-17
vn -1 -8.32667e-17 -1.46909e-17
vn -1 -8.32667e-17 -1.46909e-17
vn -1 -8.32667e-17 -1.46909e-17
vn -1 -8.32667e-17 -1.46909e-17
vn -1 -8.32667e-17 -1.46909e-17
vn -1 -8.32667e-17 -1.46909e-17
vn -1 -8.32667e-17 -1.46909e-17
vn -1 -8.32667e-17 -1.46909e-17
vn -1 -8.32667e-17 -1.46909e-17
vn -1 -8.32667e-17 -1.46909e-17
vn -1 -8.32667e-17 -1.46909e-17
vn -1 -8.32667e-17 -1.46909e-17
vn -1 -8.32667e-17 -1.46909e-17
vn -1 -8.32667e-17 -1.46909e-17
vn -1 -8.32667e-17 -1.46909e-17
vn -1 -8.32667e-17 -1.46909e-17
vn -1 -8.32667e-17 -1.46909e-17
vn -1 -8.32667e-17 -1.46909e-17
vn -1 -8.32667e-17 -1.46909e-17
vn -1 -8.32667e-17 -1.46909e-17
vn -1 -8.32667e-17 -1.46909e-17
vn -1 -8.32667e-17 -1.46909e-17
vn -1 -8.32667e-17 -1.46909e-17
vn -1 -8.32667e-17 -1.46909e-17
vn -1 -8.32667e-17 -1.46909e-17
vn -1 -8.32667e-17 -1.46909e-17
vn -1 -8.32667e-17 -1.46909e-17
vn -1 -8.32667e-17 -1.46909e-17
vn -1 -8.32667e-17 -1.46909e-17
vn -1 -8.32667e-17 -1.46909e-17
vn -1 -8.32667e-17 -1.46909e-17
vn -1 -8.32667e-17 -1.46909e-17
vn -1 -8.32667e-17 -1.46909e-17
vn -1 -8.32667e-17 -1.46909e-17
vn -1 -8.32667e-17 -1.46909e-17
vn -1 -8.32667e-17 -1.46909e-17
vn -1 -8.32667e-17 -1.46909e-17
vn -1 -8.32667e-17 -1.46909e-17
vn -1 -8.32667e-17 -1.46909e-17
vn -1 -8.32667e-17 -1.46909e-17
vn -1 -8.32667e-17 -1.46909e-17
vn -1 -8.32667e-17 -1.46909e-17
vn -1 -8.32667e-17 -1.46909e-17
vn 1.30375e-17 1.40246e-16 -1
vn 1.30375e-17 1.40246e-16 -1
vn 1.30375e-17 1.40246e-16 -1
vn 1.30375e-17 1.40246e-16 -1
vn 1.30375e-17 1.40246e-16 -1
vn 1.30375e-17 1.40246e-16 -1
vn 1.30375e-17 1.40246e-16 -1
vn 1.30375e-17 1.40246e-16 -1
vn 1.30375e-17 1.40246e-16 -1
vn 1.30375e-17 1.40246e-16 -1
vn 1.30375e-17 1.40246e-16 -1
vn 1.30375e-17 1.40246e-16 -1
vn 1.30375e-17 1.40246e-16 -1
vn 1.30375e-17 1.40246e-16 -1
vn 1.30375e-17 1.40246e-16 -1
vn 1.30375e-17 1.40246e-16 -1
vn 1.30375e-17 1.40246e-16 -1
vn 1.30375e-17 1.40246e-16 -1
vn 1.30375e-17 1.40246e-16 -1
vn 1.30375e-17 1.40246e-16 -1
vn 1.30375e-17 1.40246e-16 -1
vn 1.30375e-17 1.40246e-16 -1
vn 1.30375e-17 1.40246e-16 -1
vn 1.30375e-17 1.40246e-16 -1
vn 1.30375e-17 1.40246e-16 -1
vn 1.30375e-17 1.40246e-16 -1
vn 1.30375e-17 1.40246e-16 -1
vn 1.30375e-17 1.40246e-16 -1
vn 1.30375e-17 1.40246e-16 -1
vn 1.30375e-17 1.40246e-16 -1
vn 1.30375e-17 1.40246e-16 -1
vn 1.30375e-17 1.40246e-16 -1
vn 1.30375e-17 1.40246e-16 -1
vn 1.30375e-17 1.40246e-16 -1
vn 1.30375e-17 1.40246e-16 -1
vn 1.30375e-17 1.40246e-16 -1
vn 1.30375e-17 1.40246e-16 -1
vn 1.30375e-17 1.40246e-16 -1
vn 1.30375e-17 1.40246e-16 -1
vn 1.30375e-17 1.40246e-16 -1
vn 1.30375e-17 1.40246e-16 -1
vn 1.30375e-17 1.40246e-16 -1
vn 1.30375e-17 1.40246e-16 -1
vn 1.30375e-17 1.40246e-16 -1
vn 1.30375e-17 1.40246e-16 -1
vn 1.30375e-17 1.40246e-16 -1
vn 1.30375e-17 1.40246e-16 -1
vn 1.30375e-17 1.40246e-16 -1
vn 1.30375e-17 1.40246e-16 -1
vn 1.30375e-17 1.40246e-16 -1
vn 1.30375e-17 1.40246e-16 -1
vn 1.30375e-17 1.40246e-16 -1
vn 1.30375e-17 1.40246e-16 -1
vn 1.30375e-17 1.40246e-16 -1
vn 1.30375e-17 1.40246e-16 -1
vn 1.30375e-17 1.40246e-16 -1
vn 1.30375e-17 1.40246e-16 -1
vn 1.30375e-17 1.40246e-16 -1
vn 1.30375e-17 1.40246e-16 -1
vn 1.30375e-17 1.40246e-16 -1
vn 1.30375e-17 1.40246e-16 -1
vn 1.30375e-17 1.40246e-16 -1
vn 1.30375e-17 1.40246e-16 -1
vn 1.30375e-17 1.40246e-16 -1
vn 1.30375e-17 1.40246e-16 -1
vn 1.30375e-17 1.40246e-16 -1
vn 1.30375e-17 1.40246e-16 -1
vn 1.30375e-17 1.40246e-16 -1
vn 1.30375e-17 1.40246e-16 -1
vn 1.30375e-17 1.40246e-16 -1
vn 1.30375e-17 1.40246e-16 -1
vn 1.30375e-17 1.40246e-16 -1
vn 1 8.32667e-17 1.46909e-17
vn 1 8.32667e-17 1.46909e-17
vn 1 8.32667e-17 1.46909e-17
vn 1 8.32667e-17 1.46909e-17
vn 1 8.32667e-17 1.46909e-17
vn 1 8.32667e-17 1.46909e-17
vn 1 8.32667e-17 1.46909e-17
vn 1 8.32667e-17 1.46909e-17
vn 1 8.32667e-17 1.46909e-17
vn 1 8.32667e-17 1.46909e-17
vn 1 8.32667e-17 1.46909e-17
vn 1 8.32667e-17 1.46909e-17
vn 1 8.32667e-17 1.46909e-17
vn 1 8.32667e-17 1.46909e-17
vn 1 8.32667e-17 1.46909e-17
vn 1 8.32667e-17 1.46909e-17
vn 1 8.32667e-17 1.46909e-17
vn 1 8.32667e-17 1.46909e-17
vn 1 8.32667e-17 1.46909e-17
vn 1 8.32667e-17 1.46909e-17
vn 1 8.32667e-17 1.46909e-17
vn 1 8.32667e-17 1.46909e-17
vn 1 8.32667e-17 1.46909e-17
vn 1 8.32667e-17 1.46909e-17
vn 1 8.32667e-17 1.46909e-17
vn 1 8.32667e-17 1.46909e-17
vn 1 8.32667e-17 1.46909e-17
vn 1 8.32667e-17 1.46909e-17
vn 1 8.32667e-17 1.46909e-17
vn 1 8.32667e-17 1.46909e-17
vn 1 8.32667e-17 1.46909e-17
vn 1 8.32667e-17 1.46909e-17
vn 1 8.32667e-17 1.46909e-17
vn 1 8.32667e-17 1.46909e-17
vn 1 8.32667e-17 1.46909e-17
vn 1 8.32667e-17 1.46909e-17
vn 1 8.32667e-17 1.46909e-17
vn 1 8.32667e-17 1.46909e-17
vn 1 8.32667e-17 1.46909e-17
vn 1 8.32667e-17 1.46909e-17
vn 1 8.32667e-17 1.46909e-17
vn 1 8.32667e-17 1.46909e-17
vn 1 8.32667e-17 1.46909e-17
vn 1 8.32667e-17 1.46909e-17
vn 1 8.32667e-17 1.46909e-17
vn 1 8.32667e-17 1.46909e-17
vn 1 8.32667e-17 1.46909e-17
vn 1 8.32667e-17 1.46909e-17
vn 1 8.32667e-17 1.46909e-17
vn 1 8.32667e-17 1.46909e-17
vn 1 8.32667e-17 1.46909e-17
vn 1 8.32667e-17 1.46909e-17
vn 1 8.32667e-17 1.46909e-17
vn 1 8.32667e-17 1.46909e-17
vn 1 8.32667e-17 1.46909e-17
vn 1 8.32667e-17 1.46909e-17
vn 1 8.32667e-17 1.46909e-17
vn 1 8.32667e-17 1.46909e-17
vn 1 8.32667e-17 1.46909e-17
vn 1 8.32667e-17 1.46909e-17
vn 1 8.32667e-17 1.46909e-17
vn 1 8.32667e-17 1.46909e-17
vn 1 8.32667e-17 1.46909e-17
vn 1 8.32667e-17 1.46909e-17
vn 1 8.32667e-17 1.46909e-17
vn 1 8.32667e-17 1.46909e-17
vn 1 8.32667e-17 1.46909e-17
vn 1 8.32667e-17 1.46909e-17
vn 1 8.32667e-17 1.46909e-17
vn 1 8.32667e-17 1.46909e-17
vn 1 8.32667e-17 1.46909e-17
vn 1 8.32667e-17 1.46909e-17
vn 1 8.32667e-17 1.46909e-17
vn 1 8.32667e-17 1.46909e-17
vn 1 8.32667e-17 1.46909e-17
vn 1 8.32667e-17 1.46909e-17
vn 1 8.32667e-17 1.46909e-17
vn 1 8.32667e-17 1.46909e-17
vn 1 8.32667e-17 1.46909e-17
vn 1 8.32667e-17 1.46909e-17
vn 1 8.32667e-17 1.46909e-17
vn 1 8.32667e-17 1.46909e-17
vn 1 8.32667e-17 1.46909e-17
vn 1 8.32667e-17 1.46909e-17
vn 1 8.32667e-17 1.46909e-17
vn 1 8.32667e-17 1.46909e-17
vn 1 8.32667e-17 1.46909e-17
vn 1 8.32667e-17 1.46909e-17
vn 1 8.32667e-17 1.46909e-17
vn 1 8.32667e-17 1.46909e-17
vn 1 8.32667e-17 1.46909e-17
vn 1 8.32667e-17 1.46909e-17
vn 1 8.32667e-17 1.46909e-17
vn 1 8.32667e-17 1.46909e-17
vn 1 8.32667e-17 1.46909e-17
vn 1 8.32667e-17 1.46909e-17
vn 1 8.32667e-17 1.46909e-17
vn 1 8.32667e-17 1.46909e-17
vn 1 8.32667e-17 1.46909e-17
vn 1 8.32667e-17 1.46909e-17
vn 1 8.32667e-17 1.46909e-17
vn 1 8.32667e-17 1.46909e-17
vn 1 8.32667e-17 1.46909e-17
vn 1 8.32667e-17 1.46909e-17
vn 1 8.32667e-17 1.46909e-17
vn 1 8.32667e-17 1.46909e-17
vn 1 8.32667e-17 1.46909e-17
vn 1 8.32667e-17 1.46909e-17
vn 1 8.32667e-17 1.46909e-17
vn 1 8.32667e-17 1.46909e-17
vn 1 8.32667e-17 1.46909e-17
vn 1 8.32667e-17 1.46909e-17
vn 1 8.32667e-17 1.46909e-17
vn 1 8.32667e-17 1.46909e-17
vn 1 8.32667e-17 1.46909e-17
vn 1 8.32667e-17 1.46909e-17
vn 1 8.32667e-17 1.46909e-17
vn 1 8.32667e-17 1.46909e-17
vn 1 8.32667e-17 1.46909e-17
vn 1 8.32667e-17 1.46909e-17
vn 1 8.32667e-17 1.46909e-17
vn 1 8.32667e-17 1.46909e-17
vn 1 8.32667e-17 1.46909e-17
vn 1 8.32667e-17 1.46909e-17
vn 1 8.32667e-17 1.46909e-17
vn 1 8.32667e-17 1.46909e-17
vn 1 8.32667e-17 1.46909e-17
vn 1 8.32667e-17 1.46909e-17
vn 1 8.32667e-17 1.46909e-17
vn 1 8.32667e-17 1.46909e-17
vn 1 8.32667e-17 1.46909e-17
vn 1 8.32667e-17 1.46909e-17
vn 1 8.32667e-17 1.46909e-17
vn 1 8.32667e-17 1.46909e-17
vn 1 8.32667e-17 1.46909e-17
vn 1 8.32667e-17 1.46909e-17
vn 1 8.32667e-17 1.46909e-17
vn 1 8.32667e-17 1.46909e-17
vn 1.30375e-17 1.40246e-16 -1
vn 1.30375e-17 1.40246e-16 -1
vn 1.30375e-17 1.40246e-16 -1
vn 1.30375e-17 1.40246e-16 -1
vn 1.30375e-17 1.40246e-16 -1
vn 1.30375e-17 1.40246e-16 -1
vn 1.30375e-17 1.40246e-16 -1
vn 1.30375e-17 1.40246e-16 -1
vn 1.30375e-17 1.40246e-16 -1
vn 1.30375e-17 1.40246e-16 -1
vn 1.30375e-17 1.40246e-16 -1
vn 1.30375e-17 1.40246e-16 -1
vn 1.30375e-17 1.40246e-16 -1
vn 1.30375e-17 1.40246e-16 -1
vn 1.30375e-17 1.40246e-16 -1
vn 1.30375e-17 1.40246e-16 -1
vn 1.30375e-17 1.40246e-16 -1
vn 1.30375e-17 1.40246e-16 -1
vn 1.30375e-17 1.40246e-16 -1
vn 1.30375e-17 1.40246e-16 -1
vn 1.30375e-17 1.40246e-16 -1
vn 1.30375e-17 1.40246e-16 -1
vn 1.30375e-17 1.40246e-16 -1
vn 1.30375e-17 1.40246e-16 -1
vn 1.30375e-17 1.40246e-16 -1
vn 1.30375e-17 1.40246e-16 -1
vn 1.30375e-17 1.40246e-16 -1
vn 1.30375e-17 1.40246e-16 -1
vn 1.30375e-17 1.40246e-16 -1
vn 1.30375e-17 1.40246e-16 -1
vn 1.30375e-17 1.40246e-16 -1
vn 1.30375e-17 1.40246e-16 -1
vn 1.30375e-17 1.40246e-16 -1
vn 1.30375e-17 1.40246e-16 -1
vn 1.30375e-17 1.40246e-16 -1
vn 1.30375e-17 1.40246e-16 -1
vn 1.30375e-17 1.40246e-16 -1
vn 1.30375e-17 1.40246e-16 -1
vn 1.30375e-17 1.40246e-16 -1
vn 1.30375e-17 1.40246e-16 -1
vn 1.30375e-17 1.40246e-16 -1
vn 1.30375e-17 1.40246e-16 -1
vn 1.30375e-17 1.40246e-16 -1
vn 1.30375e-17 1.40246e-16 -1
vn 1.30375e-17 1.40246e-16 -1
vn 1.30375e-17 1.40246e-16 -1
vn 1.30375e-17 1.40246e-16 -1
vn 1.30375e-17 1.40246e-16 -1
vn 1.30375e-17 1.40246e-16 -1
vn 1.30375e-17 1.40246e-16 -1
vn 1.30375e-17 1.40246e-16 -1
vn 1.30375e-17 1.40246e-16 -1
vn 1.30375e-17 1.40246e-16 -1
vn 1.30375e-17 1.40246e-16 -1
vn 1.30375e-17 1.40246e-16 -1
vn 1.30375e-17 1.40246e-16 -1
vn 1.30375e-17 1.40246e-16 -1
vn 1.30375e-17 1.40246e-16 -1
vn 1.30375e-17 1.40246e-16 -1
vn 1.30375e-17 1.40246e-16 -1
vn 1.30375e-17 1.40246e-16 -1
vn 1.30375e-17 1.40246e-16 -1
vn 1.30375e-17 1.40246e-16 -1
vn 1.30375e-17 1.40246e-16 -1
vn 1.30375e-17 1.40246e-16 -1
vn 1.30375e-17 1.40246e-16 -1
vn 1.30375e-17 1.40246e-16 -1
vn 1.30375e-17 1.40246e-16 -1
vn 1.30375e-17 1.40246e-16 -1
vn 1.30375e-17 1.40246e-16 -1
vn 1.30375e-17 1.40246e-16 -1
vn 1.30375e-17 1.40246e-16 -1
vn 1.30375e-17 1.40246e-16 -1
vn 1.30375e-17 1.40246e-16 -1
vn 1.30375e-17 1.40246e-16 -1
vn 1.30375e-17 1.40246e-16 -1
vn 1.30375e-17 1.40246e-16 -1
vn 1.30375e-17 1.40246e-16 -1
vn 1.30375e-17 1.40246e-16 -1
vn 1.30375e-17 1.40246e-16 -1
vn 1.30375e-17 1.40246e-16 -1
vn 1.30375e-17 1.40246e-16 -1
vn 1.30375e-17 1.40246e-16 -1
vn 1.30375e-17 1.40246e-16 -1
vn 1.30375e-17 1.40246e-16 -1
vn 1.30375e-17 1.40246e-16 -1
vn 1.30375e-17 1.40246e-16 -1
vn 1.30375e-17 1.40246e-16 -1
vn 1.30375e-17 1.40246e-16 -1
vn 1.30375e-17 1.40246e-16 -1
vn 1.30375e-17 1.40246e-16 -1
vn 1.30375e-17 1.40246e-16 -1
vn 1.30375e-17 1.40246e-16 -1
vn 1.30375e-17 1.40246e-16 -1
vn 1.30375e-17 1.40246e-16 -1
vn 1.30375e-17 1.40246e-16 -1
vn 1.30375e-17 1.40246e-16 -1
vn 1.30375e-17 1.40246e-16 -1
vn 1.30375e-17 1.40246e-16 -1
vn 1.30375e-17 1.40246e-16 -1
vn 1.30375e-17 1.40246e-16 -1
vn 1.30375e-17 1.40246e-16 -1
vn 1.30375e-17 1.40246e-16 -1
vn 1.30375e-17 1.40246e-16 -1
vn 1.30375e-17 1.40246e-16 -1
vn 1.30375e-17 1.40246e-16 -1
vn 1.30375e-17 1.40246e-16 -1
vn 1.30375e-17 1.40246e-16 -1
vn 1.30375e-17 1.40246e-16 -1
vn 1.30375e-17 1.40246e-16 -1
vn 1.30375e-17 1.40246e-16 -1
vn 1.30375e-17 1.40246e-16 -1
vn 1.30375e-17 1.40246e-16 -1
vn 1.30375e-17 1.40246e-16 -1
vn 1.30375e-17 1.40246e-16 -1
vn 1.30375e-17 1.40246e-16 -1
vn 1.30375e-17 1.40246e-16 -1
vn 1.30375e-17 1.40246e-16 -1
vn 1.30375e-17 1.40246e-16 -1
vn 1.30375e-17 1.40246e-16 -1
vn 1.30375e-17 1.40246e-16 -1
vn 1.30375e-17 1.40246e-16 -1
vn 1.30375e-17 1.40246e-16 -1
vn 1.30375e-17 1.40246e-16 -1
vn 1.30375e-17 1.40246e-16 -1
vn 1.30375e-17 1.40246e-16 -1
vn 1.30375e-17 1.40246e-16 -1
vn 1.30375e-17 1.40246e-16 -1
vn 1.30375e-17 1.40246e-16 -1
vn 1.30375e-17 1.40246e-16 -1
vn 1.30375e-17 1.40246e-16 -1
vn 1.30375e-17 1.40246e-16 -1
vn 1.30375e-17 1.40246e-16 -1
vn 1.30375e-17 1.40246e-16 -1
vn 1.30375e-17 1.40246e-16 -1
vn 1.30375e-17 1.40246e-16 -1
vn 1.30375e-17 1.40246e-16 -1
vn 1.30375e-17 1.40246e-16 -1
vn 1.30375e-17 1.40246e-16 -1
vn 1.30375e-17 1.40246e-16 -1
vn 1.30375e-17 1.40246e-16 -1
vn 1.30375e-17 1.40246e-16 -1
vn 1.30375e-17 1.40246e-16 -1
vn 1.30375e-17 1.40246e-16 -1
vn 1.30375e-17 1.40246e-16 -1
vn 1.30375e-17 1.40246e-16 -1
vn 1.30375e-17 1.40246e-16 -1
vn 1.30375e-17 1.40246e-16 -1
vn 1.30375e-17 1.40246e-16 -1
vn 1.30375e-17 1.40246e-16 -1
vn 1.30375e-17 1.40246e-16 -1
vn 1.30375e-17 1.40246e-16 -1
vn 1.30375e-17 1.40246e-16 -1
vn 1.30375e-17 1.40246e-16 -1
vn 1.30375e-17 1.40246e-16 -1
vn 1.30375e-17 1.40246e-16 -1
vn 1.30375e-17 1.40246e-16 -1
vn 1.30375e-17 1.40246e-16 -1
vn 1.30375e-17 1.40246e-16 -1
vn 1.30375e-17 1.40246e-16 -1
vn 1.30375e-17 1.40246e-16 -1
vn 1.30375e-17 1.40246e-16 -1
vn 1.30375e-17 1.40246e-16 -1
vn 1.30375e-17 1.40246e-16 -1
vn 1.30375e-17 1.40246e-16 -1
vn 1.30375e-17 1.40246e-16 -1
vn 1.30375e-17 1.40246e-16 -1
vn 1.30375e-17 1.40246e-16 -1
vn 1.30375e-17 1.40246e-16 -1
vn 1.30375e-17 1.40246e-16 -1
vn 1.30375e-17 1.40246e-16 -1
vn 1.30375e-17 1.40246e-16 -1
vn 1.30375e-17 1.40246e-16 -1
vn 1.30375e-17 1.40246e-16 -1
vn 1.30375e-17 1.40246e-16 -1
vn 1.30375e-17 1.40246e-16 -1
vn 1.30375e-17 1.40246e-16 -1
vn 1.30375e-17 1.40246e-16 -1
vn 1.30375e-17 1.40246e-16 -1
vn 1.30375e-17 1.40246e-16 -1
vn 1.30375e-17 1.40246e-16 -1
vn 1.30375e-17 1.40246e-16 -1
vn 1.30375e-17 1.40246e-16 -1
vn 1.30375e-17 1.40246e-16 -1
vn 1.30375e-17 1.40246e-16 -1
vn 1.30375e-17 1.40246e-16 -1
vn 1.30375e-17 1.40246e-16 -1
vn 1.30375e-17 1.40246e-16 -1
vn 1.30375e-17 1.40246e-16 -1
vn 1.30375e-17 1.40246e-16 -1
vn 1.30375e-17 1.40246e-16 -1
vn 1.30375e-17 1.40246e-16 -1
vn 1.30375e-17 1.40246e-16 -1
vn 1.30375e-17 1.40246e-16 -1
vn 1.30375e-17 1.40246e-16 -1
vn 1.30375e-17 1.40246e-16 -1
vn 1.30375e-17 1.40246e-16 -1
vn 1.30375e-17 1.40246e-16 -1
vn 1.30375e-17 1.40246e-16 -1
vn 1.30375e-17 1.40246e-16 -1
vn 1.30375e-17 1.40246e-16 -1
vn 1.30375e-17 1.40246e-16 -1
vn 1.30375e-17 1.40246e-16 -1
vn 1.30375e-17 1.40246e-16 -1
vn 1.30375e-17 1.40246e-16 -1
vn 1.30375e-17 1.40246e-16 -1
vn 1.30375e-17 1.40246e-16 -1
vn 1.30375e-17 1.40246e-16 -1
vn 1.30375e-17 1.40246e-16 -1
vn 1.30375e-17 1.40246e-16 -1
vn 1.30375e-17 1.40246e-16 -1
vn 1.30375e-17 1.40246e-16 -1
vn 1.30375e-17 1.40246e-16 -1
vn 1.30375e-17 1.40246e-16 -1
vn 1.30375e-17 1.40246e-16 -1
vn 1.30375e-17 1.40246e-16 -1
vn 1.30375e-17 1.40246e-16 -1
vn 1.30375e-17 1.40246e-16 -1
vn 1.30375e-17 1.40246e-16 -1
vn 1.30375e-17 1.40246e-16 -1
vn 1.30375e-17 1.40246e-16 -1
vn 1.30375e-17 1.40246e-16 -1
vn 1.30375e-17 1.40246e-16 -1
vn 1.30375e-17 1.40246e-16 -1
vn 1.30375e-17 1.40246e-16 -1
vn 1.30375e-17 1.40246e-16 -1
vn 1.30375e-17 1.40246e-16 -1
vn 1.30375e-17 1.40246e-16 -1
vn 1.30375e-17 1.40246e-16 -1
vn 1.30375e-17 1.40246e-16 -1
vn 1.30375e-17 1.40246e-16 -1
vn 1.30375e-17 1.40246e-16 -1
vn 1.30375e-17 1.40246e-16 -1
vn 1.30375e-17 1.40246e-16 -1
vn 1.30375e-17 1.40246e-16 -1
vn 1.30375e-17 1.40246e-16 -1
vn 1.30375e-17 1.40246e-16 -1
vn 1.30375e-17 1.40246e-16 -1
vn 1.30375e-17 1.40246e-16 -1
vn 1.30375e-17 1.40246e-16 -1
vn 1.30375e-17 1.40246e-16 -1
vn 1.30375e-17 1.40246e-16 -1
vn 1.30375e-17 1.40246e-16 -1
vn 1.30375e-17 1.40246e-16 -1
vn 1.30375e-17 1.40246e-16 -1
vn 1.30375e-17 1.40246e-16 -1
vn 1.30375e-17 1.40246e-16 -1
vn 1.30375e-17 1.40246e-16 -1
vn 1.30375e-17 1.40246e-16 -1
vn 1.30375e-17 1.40246e-16 -1
vn 1.30375e-17 1.40246e-16 -1
vn 1.30375e-17 1.40246e-16 -1
vn 1.30375e-17 1.40246e-16 -1
vn 1.30375e-17 1.40246e-16 -1
vn 1.30375e-17 1.40246e-16 -1
vn 1.30375e-17 1.40246e-16 -1
vn 1.30375e-17 1.40246e-16 -1
vn 1.30375e-17 1.40246e-16 -1
vn 1.30375e-17 1.40246e-16 -1
vn 1.30375e-17 1.40246e-16 -1
vn 1.30375e-17 1.40246e-16 -1
vn 1.30375e-17 1.40246e-16 -1
vn 1.30375e-17 1.40246e-16 -1
vn 1.30375e-17 1.40246e-16 -1
vn 1.30375e-17 1.40246e-16 -1
vn 1.30375e-17 1.40246e-16 -1
vn 1.30375e-17 1.40246e-16 -1
vn 1.30375e-17 1.40246e-16 -1
vn 1.30375e-17 1.40246e-16 -1
vn 1.30375e-17 1.40246e-16 -1
vn 1.30375e-17 1.40246e-16 -1
vn 1.30375e-17 1.40246e-16 -1
vn 1.30375e-17 1.40246e-16 -1
vn 1.30375e-17 1.40246e-16 -1
vn 1.30375e-17 1.40246e-16 -1
vn 1.30375e-17 1.40246e-16 -1
vn 1 8.32667e-17 1.46909e-17
vn 1 8.32667e-17 1.46909e-17
vn 1 8.32667e-17 1.46909e-17
vn 1 8.32667e-17 1.46909e-17
vn 1 8.32667e-17 1.46909e-17
vn 1 8.32667e-17 1.46909e-17
vn 1 8.32667e-17 1.46909e-17
vn 1 8.32667e-17 1.46909e-17
vn 1 8.32667e-17 1.46909e-17
vn 1 8.32667e-17 1.46909e-17
vn 1 8.32667e-17 1.46909e-17
vn 1 8.32667e-17 1.46909e-17
vn 1 8.32667e-17 1.46909e-17
vn 1 8.32667e-17 1.46909e-17
vn 1 8.32667e-17 1.46909e-17
vn 1 8.32667e-17 1.46909e-17
vn 1 8.32667e-17 1.46909e-17
vn 1 8.32667e-17 1.46909e-17
vn 1 8.32667e-17 1.46909e-17
vn 1 8.32667e-17 1.46909e-17
vn 1 8.32667e-17 1.46909e-17
vn 1 8.32667e-17 1.46909e-17
vn 1 8.32667e-17 1.46909e-17
vn 1 8.32667e-17 1.46909e-17
vn 1 8.32667e-17 1.46909e-17
vn 1 8.32667e-17 1.46909e-17
vn 1 8.32667e-17 1.46909e-17
vn 1 8.32667e-17 1.46909e-17
vn 1 8.32667e-17 1.46909e-17
vn 1 8.32667e-17 1.46909e-17
vn 1 8.32667e-17 1.46909e-17
vn 1 8.32667e-17 1.46909e-17
vn 1 8.32667e-17 1.46909e-17
vn 1 8.32667e-17 1.46909e-17
vn 1 8.32667e-17 1.46909e-17
vn 1 8.32667e-17 1.46909e-17
vn 1 8.32667e-17 1.46909e-17
vn 1 8.32667e-17 1.46909e-17
vn 1 8.32667e-17 1.46909e-17
vn 1 8.32667e-17 1.46909e-17
vn 1 8.32667e-17 1.46909e-17
vn 1 8.32667e-17 1.46909e-17
vn 1 8.32667e-17 1.46909e-17
vn 1 8.32667e-17 1.46909e-17
vn 1 8.32667e-17 1.46909e-17
vn 1 8.32667e-17 1.46909e-17
vn 1 8.32667e-17 1.46909e-17
vn 1 8.32667e-17 1.46909e-17
vn 1 8.32667e-17 1.46909e-17
vn 1 8.32667e-17 1.46909e-17
vn 1 8.32667e-17 1.46909e-17
vn 1 8.32667e-17 1.46909e-17
vn 1 8.32667e-17 1.46909e-17
vn 1 8.32667e-17 1.46909e-17
vn 1 8.32667e-17 1.46909e-17
vn 1 8.32667e-17 1.46909e-17
vn 1 8.32667e-17 1.46909e-17
vn 1 8.32667e-17 1.46909e-17
vn 1 8.32667e-17 1.46909e-17
vn 1 8.32667e-17 1.46909e-17
vn 0.822792 -1.11963e-17 0.568342
vn 0.824435 -1.07248e-17 0.565956
vn 0.824435 -1.07248e-17 0.565956
vn 0.822792 -1.11963e-17 0.568342
vn 0.821174 -1.16587e-17 0.570679
vn 0.822792 -1.11963e-17 0.568342
vn 0.822792 -1.11963e-17 0.568342
vn 0.824435 -1.07248e-17 0.565956
vn 0.822792 -1.11963e-17 0.568342
vn 0.821174 -1.16587e-17 0.570679
vn 0.821174 -1.16587e-17 0.570679
vn 0.819579 -1.21122e-17 0.572966
vn 0.821174 -1.16587e-17 0.570679
vn 0.821174 -1.16587e-17 0.570679
vn 0.822792 -1.11963e-17 0.568342
vn 0.81801 -1.25568e-17 0.575204
vn 0.819579 -1.21122e-17 0.572966
vn 0.819579 -1.21122e-17 0.572966
vn 0.821174 -1.16587e-17 0.570679
vn 0.819579 -1.21122e-17 0.572966
vn 0.819579 -1.21122e-17 0.572966
vn 0.81801 -1.25568e-17 0.575204
vn 0.816466 -1.29924e-17 0.577393
vn 0.81801 -1.25568e-17 0.575204
vn 0.81801 -1.25568e-17 0.575204
vn 0.819579 -1.21122e-17 0.572966
vn 0.81801 -1.25568e-17 0.575204
vn 0.816466 -1.29924e-17 0.577393
vn 0.816466 -1.29924e-17 0.577393
vn 0.814948 -1.3419e-17 0.579534
vn 0.816466 -1.29924e-17 0.577393
vn 0.816466 -1.29924e-17 0.577393
vn 0.81801 -1.25568e-17 0.575204
vn 0.813456 -1.38367e-17 0.581626
vn 0.814948 -1.3419e-17 0.579534
vn 0.814948 -1.3419e-17 0.579534
vn 0.816466 -1.29924e-17 0.577393
vn 0.814948 -1.3419e-17 0.579534
vn 0.814948 -1.3419e-17 0.579534
vn 0.813456 -1.38367e-17 0.581626
vn 0.81199 -1.42455e-17 0.583671
vn 0.813456 -1.38367e-17 0.581626
vn 0.813456 -1.38367e-17 0.581626
vn 0.814948 -1.3419e-17 0.579534
vn 0.813456 -1.38367e-17 0.581626
vn 0.81199 -1.42455e-17 0.583671
vn 0.81199 -1.42455e-17 0.583671
vn 0.810551 -1.46453e-17 0.585668
vn 0.81199 -1.42455e-17 0.583671
vn 0.81199 -1.42455e-17 0.583671
vn 0.813456 -1.38367e-17 0.581626
vn 0.809139 -1.50363e-17 0.587617
vn 0.810551 -1.46453e-17 0.585668
vn 0.810551 -1.46453e-17 0.585668
vn 0.81199 -1.42455e-17 0.583671
vn 0.810551 -1.46453e-17 0.585668
vn 0.810551 -1.46453e-17 0.585668
vn 0.809139 -1.50363e-17 0.587617
vn 0.807743 -1.54214e-17 0.589534
vn 0.809139 -1.50363e-17 0.587617
vn 0.809139 -1.50363e-17 0.587617
vn 0.810551 -1.46453e-17 0.585668
vn 0.809139 -1.50363e-17 0.587617
vn 0.807743 -1.54214e-17 0.589534
vn 0.807743 -1.54214e-17 0.589534
vn 0.806319 -1.58131e-17 0.591481
vn 0.807743 -1.54214e-17 0.589534
vn 0.807743 -1.54214e-17 0.589534
vn 0.809139 -1.50363e-17 0.587617
vn 0.80486 -1.62127e-17 0.593465
vn 0.806319 -1.58131e-17 0.591481
vn 0.806319 -1.58131e-17 0.591481
vn 0.807743 -1.54214e-17 0.589534
vn 0.806319 -1.58131e-17 0.591481
vn 0.806319 -1.58131e-17 0.591481
vn 0.80486 -1.62127e-17 0.593465
vn 0.803367 -1.66202e-17 0.595484
vn 0.80486 -1.62127e-17 0.593465
vn 0.80486 -1.62127e-17 0.593465
vn 0.806319 -1.58131e-17 0.591481
vn 0.80486 -1.62127e-17 0.593465
vn 0.803367 -1.66202e-17 0.595484
vn 0.803367 -1.66202e-17 0.595484
vn 0.80184 -1.70355e-17 0.597539
vn 0.803367 -1.66202e-17 0.595484
vn 0.803367 -1.66202e-17 0.595484
vn 0.80486 -1.62127e-17 0.593465
vn 0.800278 -1.74587e-17 0.599629
vn 0.80184 -1.70355e-17 0.597539
vn 0.80184 -1.70355e-17 0.597539
vn 0.803367 -1.66202e-17 0.595484
vn 0.80184 -1.70355e-17 0.597539
vn 0.80184 -1.70355e-17 0.597539
vn 0.800278 -1.74587e-17 0.599629
vn 0.798682 -1.78897e-17 0.601754
vn 0.800278 -1.74587e-17 0.599629
vn 0.800278 -1.74587e-17 0.599629
vn 0.80184 -1.70355e-17 0.597539
vn 0.800278 -1.74587e-17 0.599629
vn 0.798682 -1.78897e-17 0.601754
vn 0.798682 -1.78897e-17 0.601754
vn 0.797049 -1.83286e-17 0.603914
vn 0.798682 -1.78897e-17 0.601754
vn 0.798682 -1.78897e-17 0.601754
vn 0.800278 -1.74587e-17 0.599629
vn 0.795382 -1.87752e-17 0.606109
vn 0.797049 -1.83286e-17 0.603914
vn 0.797049 -1.83286e-17 0.603914
vn 0.798682 -1.78897e-17 0.601754
vn 0.797049 -1.83286e-17 0.603914
vn 0.797049 -1.83286e-17 0.603914
vn 0.795382 -1.87752e-17 0.606109
vn 0.793678 -1.92297e-17 0.608338
vn 0.795382 -1.87752e-17 0.606109
vn 0.795382 -1.87752e-17 0.606109
vn 0.797049 -1.83286e-17 0.603914
vn 0.795382 -1.87752e-17 0.606109
vn 0.793678 -1.92297e-17 0.608338
vn 0.793678 -1.92297e-17 0.608338
vn 0.791934 -1.9693e-17 0.610606
vn 0.793678 -1.92297e-17 0.608338
vn 0.793678 -1.92297e-17 0.608338
vn 0.795382 -1.87752e-17 0.606109
vn 0.790092 -2.01804e-17 0.612988
vn 0.791934 -1.9693e-17 0.610606
vn 0.791934 -1.9693e-17 0.610606
vn 0.793678 -1.92297e-17 0.608338
vn 0.791934 -1.9693e-17 0.610606
vn 0.791934 -1.9693e-17 0.610606
vn 0.790092 -2.01804e-17 0.612988
vn 0.788133 -2.06966e-17 0.615505
vn 0.790092 -2.01804e-17 0.612988
vn 0.790092 -2.01804e-17 0.612988
vn 0.791934 -1.9693e-17 0.610606
vn 0.790092 -2.01804e-17 0.612988
vn 0.788133 -2.06966e-17 0.615505
vn 0.788133 -2.06966e-17 0.615505
vn 0.786054 -2.12416e-17 0.618157
vn 0.788133 -2.06966e-17 0.615505
vn 0.788133 -2.06966e-17 0.615505
vn 0.790092 -2.01804e-17 0.612988
vn 0.783856 -2.18155e-17 0.620943
vn 0.786054 -2.12416e-17 0.618157
vn 0.786054 -2.12416e-17 0.618157
vn 0.788133 -2.06966e-17 0.615505
vn 0.786054 -2.12416e-17 0.618157
vn 0.786054 -2.12416e-17 0.618157
vn 0.783856 -2.18155e-17 0.620943
vn 0.781535 -2.2418e-17 0.623862
vn 0.783856 -2.18155e-17 0.620943
vn 0.783856 -2.18155e-17 0.620943
vn 0.786054 -2.12416e-17 0.618157
vn 0.783856 -2.18155e-17 0.620943
vn 0.781535 -2.2418e-17 0.623862
vn 0.781535 -2.2418e-17 0.623862
vn 0.77909 -2.30493e-17 0.626912
vn 0.781535 -2.2418e-17 0.623862
vn 0.781535 -2.2418e-17 0.623862
vn 0.783856 -2.18155e-17 0.620943
vn 0.77652 -2.37093e-17 0.630092
vn 0.77909 -2.30493e-17 0.626912
vn 0.77909 -2.30493e-17 0.626912
vn 0.781535 -2.2418e-17 0.623862
vn 0.77909 -2.30493e-17 0.626912
vn 0.77909 -2.30493e-17 0.626912
vn 0.77652 -2.37093e-17 0.630092
vn 0.773824 -2.4398e-17 0.633401
vn 0.77652 -2.37093e-17 0.630092
vn 0.77652 -2.37093e-17 0.630092
vn 0.77909 -2.30493e-17 0.626912
vn 0.77652 -2.37093e-17 0.630092
vn 0.773824 -2.4398e-17 0.633401
vn 0.773824 -2.4398e-17 0.633401
vn 0.770998 -2.51152e-17 0.636838
vn 0.773824 -2.4398e-17 0.633401
vn 0.773824 -2.4398e-17 0.633401
vn 0.77652 -2.37093e-17 0.630092
vn 0.768084 -2.58502e-17 0.640349
vn 0.770998 -2.51152e-17 0.636838
vn 0.770998 -2.51152e-17 0.636838
vn 0.773824 -2.4398e-17 0.633401
vn 0.770998 -2.51152e-17 0.636838
vn 0.770998 -2.51152e-17 0.636838
vn 0.768084 -2.58502e-17 0.640349
vn 0.765404 -2.65223e-17 0.64355
vn 0.768084 -2.58502e-17 0.640349
vn 0.768084 -2.58502e-17 0.640349
vn 0.770998 -2.51152e-17 0.636838
vn 0.768084 -2.58502e-17 0.640349
vn 0.765404 -2.65223e-17 0.64355
vn 0.765404 -2.65223e-17 0.64355
vn 0.763028 -2.7115e-17 0.646365
vn 0.765404 -2.65223e-17 0.64355
vn 0.765404 -2.65223e-17 0.64355
vn 0.768084 -2.58502e-17 0.640349
vn 0.760961 -2.76283e-17 0.648798
vn 0.763028 -2.7115e-17 0.646365
vn 0.763028 -2.7115e-17 0.646365
vn 0.765404 -2.65223e-17 0.64355
vn 0.763028 -2.7115e-17 0.646365
vn 0.763028 -2.7115e-17 0.646365
vn 0.760961 -2.76283e-17 0.648798
vn 0.759206 -2.80624e-17 0.650851
vn 0.760961 -2.76283e-17 0.648798
vn 0.760961 -2.76283e-17 0.648798
vn 0.763028 -2.7115e-17 0.646365
vn 0.760961 -2.76283e-17 0.648798
vn 0.759206 -2.80624e-17 0.650851
vn 0.759206 -2.80624e-17 0.650851
vn 0.757766 -2.84174e-17 0.652527
vn 0.759206 -2.80624e-17 0.650851
vn 0.759206 -2.80624e-17 0.650851
vn 0.760961 -2.76283e-17 0.648798
vn 0.756643 -2.86934e-17 0.653828
vn 0.757766 -2.84174e-17 0.652527
vn 0.757766 -2.84174e-17 0.652527
vn 0.759206 -2.80624e-17 0.650851
vn 0.757766 -2.84174e-17 0.652527
vn 0.757766 -2.84174e-17 0.652527
vn 0.756643 -2.86934e-17 0.653828
vn 0.75584 -2.88905e-17 0.654757
vn 0.756643 -2.86934e-17 0.653828
vn 0.756643 -2.86934e-17 0.653828
vn 0.757766 -2.84174e-17 0.652527
vn 0.756643 -2.86934e-17 0.653828
vn 0.75584 -2.88905e-17 0.654757
vn 0.75584 -2.88905e-17 0.654757
vn 0.755357 -2.90087e-17 0.655313
vn 0.75584 -2.88905e-17 0.654757
vn 0.75584 -2.88905e-17 0.654757
vn 0.756643 -2.86934e-17 0.653828
vn 0.755196 -2.90481e-17 0.655499
vn 0.755357 -2.90087e-17 0.655313
vn 0.755357 -2.90087e-17 0.655313
vn 0.75584 -2.88905e-17 0.654757
vn 0.755357 -2.90087e-17 0.655313
vn 0.755357 -2.90087e-17 0.655313
vn 0.755196 -2.90481e-17 0.655499
vn 0.755357 -2.90087e-17 0.655313
vn 0.755196 -2.90481e-17 0.655499
vn 0.826066 -1.02549e-17 0.563574
vn 0.824435 -1.07248e-17 0.565956
vn 0.824435 -1.07248e-17 0.565956
vn 0.827564 -9.82149e-18 0.561372
vn 0.826066 -1.02549e-17 0.563573
vn 0.826066 -1.02549e-17 0.563574
vn 0.824435 -1.07248e-17 0.565956
vn 0.826066 -1.02549e-17 0.563574
vn 0.826066 -1.02549e-17 0.563573
vn 0.827564 -9.82149e-18 0.561372
vn 0.82892 -9.42742e-18 0.559368
vn 0.827564 -9.82149e-18 0.561372
vn 0.827564 -9.82149e-18 0.561372
vn 0.826066 -1.02549e-17 0.563573
vn 0.827564 -9.82149e-18 0.561372
vn 0.82892 -9.42742e-18 0.559368
vn 0.82892 -9.42742e-18 0.559368
vn 0.830136 -9.07272e-18 0.557561
vn 0.82892 -9.42742e-18 0.559368
vn 0.82892 -9.42742e-18 0.559368
vn 0.827564 -9.82149e-18 0.561372
vn 0.831214 -8.75739e-18 0.555952
vn 0.830136 -9.07272e-18 0.557561
vn 0.830136 -9.07272e-18 0.557561
vn 0.82892 -9.42742e-18 0.559368
vn 0.830136 -9.07272e-18 0.557561
vn 0.830136 -9.07272e-18 0.557561
vn 0.831214 -8.75739e-18 0.555952
vn 0.832167 -8.478e-18 0.554526
vn 0.831214 -8.75739e-18 0.555952
vn 0.831214 -8.75739e-18 0.555952
vn 0.830136 -9.07272e-18 0.557561
vn 0.831214 -8.75739e-18 0.555952
vn 0.832167 -8.47799e-18 0.554526
vn 0.832167 -8.478e-18 0.554526
vn 0.833238 -8.16292e-18 0.552915
vn 0.832167 -8.478e-18 0.554526
vn 0.832167 -8.47799e-18 0.554526
vn 0.831214 -8.75739e-18 0.555952
vn 0.834523 -7.78364e-18 0.550974
vn 0.833238 -8.16292e-18 0.552915
vn 0.833238 -8.16292e-18 0.552915
vn 0.832167 -8.47799e-18 0.554526
vn 0.833238 -8.16292e-18 0.552915
vn 0.833238 -8.16292e-18 0.552915
vn 0.834523 -7.78364e-18 0.550974
vn 0.83602 -7.34009e-18 0.5487
vn 0.834523 -7.78364e-18 0.550974
vn 0.834523 -7.78364e-18 0.550974
vn 0.833238 -8.16292e-18 0.552915
vn 0.834523 -7.78364e-18 0.550974
vn 0.83602 -7.34009e-18 0.5487
vn 0.83602 -7.34009e-18 0.5487
vn 0.837726 -6.83227e-18 0.546092
vn 0.83602 -7.34009e-18 0.5487
vn 0.83602 -7.34009e-18 0.5487
vn 0.834523 -7.78364e-18 0.550974
vn 0.839637 -6.26016e-18 0.543147
vn 0.837726 -6.83227e-18 0.546092
vn 0.837726 -6.83227e-18 0.546092
vn 0.83602 -7.34009e-18 0.5487
vn 0.837726 -6.83227e-18 0.546092
vn 0.837726 -6.83227e-18 0.546092
vn 0.839637 -6.26016e-18 0.543147
vn 0.841588 -5.67307e-18 0.540119
vn 0.839637 -6.26016e-18 0.543147
vn 0.839637 -6.26016e-18 0.543147
vn 0.837726 -6.83227e-18 0.546092
vn 0.839637 -6.26016e-18 0.543147
vn 0.841588 -5.67306e-18 0.540119
vn 0.841588 -5.67307e-18 0.540119
vn 0.843392 -5.12716e-18 0.537298
vn 0.841588 -5.67307e-18 0.540119
vn 0.841588 -5.67306e-18 0.540119
vn 0.839637 -6.26016e-18 0.543147
vn 0.845051 -4.62254e-18 0.534685
vn 0.843392 -5.12716e-18 0.537298
vn 0.843392 -5.12716e-18 0.537298
vn 0.841588 -5.67306e-18 0.540119
vn 0.843392 -5.12716e-18 0.537298
vn 0.843392 -5.12716e-18 0.537298
vn 0.845051 -4.62254e-18 0.534685
vn 0.846568 -4.15921e-18 0.532281
vn 0.845051 -4.62254e-18 0.534685
vn 0.845051 -4.62254e-18 0.534685
vn 0.843392 -5.12716e-18 0.537298
vn 0.845051 -4.62254e-18 0.534685
vn 0.846568 -4.15921e-18 0.532281
vn 0.846568 -4.15921e-18 0.532281
vn 0.847942 -3.73716e-18 0.530088
vn 0.846568 -4.15921e-18 0.532281
vn 0.846568 -4.15921e-18 0.532281
vn 0.845051 -4.62254e-18 0.534685
vn 0.849257 -3.33192e-18 0.527979
vn 0.847942 -3.73716e-18 0.530088
vn 0.847942 -3.73716e-18 0.530088
vn 0.846568 -4.15921e-18 0.532281
vn 0.847942 -3.73716e-18 0.530088
vn 0.847942 -3.73716e-18 0.530088
vn 0.849257 -3.33192e-18 0.527979
vn 0.850664 -2.89648e-18 0.52571
vn 0.849257 -3.33192e-18 0.527979
vn 0.849257 -3.33192e-18 0.527979
vn 0.847942 -3.73716e-18 0.530088
vn 0.849257 -3.33192e-18 0.527979
vn 0.850664 -2.89648e-18 0.52571
vn 0.850664 -2.89648e-18 0.52571
vn 0.852165 -2.42967e-18 0.523273
vn 0.850664 -2.89648e-18 0.52571
vn 0.850664 -2.89648e-18 0.52571
vn 0.849257 -3.33192e-18 0.527979
vn 0.85376 -1.93149e-18 0.520667
vn 0.852165 -2.42967e-18 0.523273
vn 0.852165 -2.42967e-18 0.523273
vn 0.850664 -2.89648e-18 0.52571
vn 0.852165 -2.42967e-18 0.523273
vn 0.852165 -2.42967e-18 0.523273
vn 0.85376 -1.93149e-18 0.520667
vn 0.855446 -1.40194e-18 0.517892
vn 0.85376 -1.93149e-18 0.520667
vn 0.85376 -1.93149e-18 0.520667
vn 0.852165 -2.42967e-18 0.523273
vn 0.85376 -1.93149e-18 0.520667
vn 0.855446 -1.40194e-18 0.517892
vn 0.855446 -1.40194e-18 0.517892
vn 0.857232 -8.37815e-19 0.51493
vn 0.855446 -1.40194e-18 0.517892
vn 0.855446 -1.40194e-18 0.517892
vn 0.85376 -1.93149e-18 0.520667
vn 0.859137 -2.32644e-19 0.511746
vn 0.857232 -8.37815e-19 0.51493
vn 0.857232 -8.37815e-19 0.51493
vn 0.855446 -1.40194e-18 0.517892
vn 0.857232 -8.37815e-19 0.51493
vn 0.857232 -8.37815e-19 0.51493
vn 0.859137 -2.32644e-19 0.511746
vn 0.861158 4.13744e-19 0.508337
vn 0.859137 -2.32651e-19 0.511746
vn 0.859137 -2.32651e-19 0.511746
vn 0.857232 -8.37815e-19 0.51493
vn 0.859137 -2.32644e-19 0.511746
vn 0.861158 4.13744e-19 0.508337
vn 0.861158 4.13744e-19 0.508337
vn 0.863294 1.10139e-18 0.504702
vn 0.861158 4.13744e-19 0.508337
vn 0.861158 4.13744e-19 0.508337
vn 0.859137 -2.32651e-19 0.511746
vn 0.865541 1.83027e-18 0.500839
vn 0.863294 1.10139e-18 0.504702
vn 0.863294 1.10139e-18 0.504702
vn 0.861158 4.13744e-19 0.508337
vn 0.863294 1.10139e-18 0.504702
vn 0.863294 1.10139e-18 0.504702
vn 0.865541 1.83027e-18 0.500839
vn 0.867733 2.54686e-18 0.497031
vn 0.865541 1.83028e-18 0.500839
vn 0.865541 1.83028e-18 0.500839
vn 0.863294 1.10139e-18 0.504702
vn 0.865541 1.83027e-18 0.500839
vn 0.867733 2.54687e-18 0.497031
vn 0.867733 2.54686e-18 0.497031
vn 0.869647 3.17705e-18 0.493674
vn 0.867733 2.54686e-18 0.497031
vn 0.867733 2.54687e-18 0.497031
vn 0.865541 1.83028e-18 0.500839
vn 0.871287 3.72036e-18 0.490774
vn 0.869647 3.17705e-18 0.493674
vn 0.869647 3.17705e-18 0.493674
vn 0.867733 2.54687e-18 0.497031
vn 0.869647 3.17705e-18 0.493674
vn 0.869647 3.17705e-18 0.493674
vn 0.871287 3.72036e-18 0.490774
vn 0.872657 4.17681e-18 0.488333
vn 0.871287 3.72036e-18 0.490774
vn 0.871287 3.72036e-18 0.490774
vn 0.869647 3.17705e-18 0.493674
vn 0.871287 3.72036e-18 0.490774
vn 0.872657 4.17681e-18 0.488333
vn 0.872657 4.17681e-18 0.488333
vn 0.873771 4.54952e-18 0.486337
vn 0.872657 4.17681e-18 0.488333
vn 0.872657 4.17681e-18 0.488333
vn 0.871287 3.72036e-18 0.490774
vn 0.875086 4.99109e-18 0.483968
vn 0.873771 4.54952e-18 0.486337
vn 0.873771 4.54952e-18 0.486337
vn 0.872657 4.17681e-18 0.488333
vn 0.873771 4.54952e-18 0.486337
vn 0.873771 4.54952e-18 0.486337
vn 0.875086 4.99109e-18 0.483968
vn 0.876847 5.58626e-18 0.48077
vn 0.875086 4.9911e-18 0.483968
vn 0.875086 4.9911e-18 0.483968
vn 0.873771 4.54952e-18 0.486337
vn 0.875086 4.99109e-18 0.483968
vn 0.876847 5.58626e-18 0.48077
vn 0.876847 5.58626e-18 0.48077
vn 0.879046 6.33497e-18 0.476737
vn 0.876847 5.58626e-18 0.48077
vn 0.876847 5.58626e-18 0.48077
vn 0.875086 4.9911e-18 0.483968
vn 0.881672 7.23718e-18 0.471863
vn 0.879046 6.33497e-18 0.476737
vn 0.879046 6.33497e-18 0.476737
vn 0.876847 5.58626e-18 0.48077
vn 0.879046 6.33497e-18 0.476737
vn 0.879046 6.33497e-18 0.476737
vn 0.881672 7.23718e-18 0.471863
vn 0.884566 8.24214e-18 0.466416
vn 0.881672 7.23718e-18 0.471863
vn 0.881672 7.23718e-18 0.471863
vn 0.879046 6.33497e-18 0.476737
vn 0.881672 7.23718e-18 0.471863
vn 0.884566 8.24214e-18 0.466416
vn 0.884566 8.24214e-18 0.466416
vn 0.886895 9.05948e-18 0.461971
vn 0.884566 8.24214e-18 0.466416
vn 0.884566 8.24214e-18 0.466416
vn 0.881672 7.23718e-18 0.471863
vn 0.888545 9.64311e-18 0.458789
vn 0.886895 9.05948e-18 0.461971
vn 0.886895 9.05948e-18 0.461971
vn 0.884566 8.24214e-18 0.466416
vn 0.886895 9.05948e-18 0.461971
vn 0.886895 9.05948e-18 0.461971
vn 0.888545 9.64311e-18 0.458789
vn 0.88953 9.99322e-18 0.456877
vn 0.888545 9.64311e-18 0.458789
vn 0.888545 9.64311e-18 0.458789
vn 0.886895 9.05948e-18 0.461971
vn 0.888545 9.64311e-18 0.458789
vn 0.88953 9.99322e-18 0.456877
vn 0.88953 9.99322e-18 0.456877
vn 0.889857 1.01099e-17 0.45624
vn 0.88953 9.99322e-18 0.456877
vn 0.88953 9.99322e-18 0.456877
vn 0.888545 9.64311e-18 0.458789
vn 0.88953 9.99322e-18 0.456877
vn 0.889857 1.01099e-17 0.45624
vn 0.889857 1.01099e-17 0.45624
vn -7.71195e-15 -1 -6.56764e-15
vn -7.71195e-15 -1 -6.56764e-15
vn -7.71195e-15 -1 -6.56764e-15
vn -7.71195e-15 -1 -6.56764e-15
vn -7.71195e-15 -1 -6.56764e-15
vn -7.71195e-15 -1 -6.56764e-15
vn -7.71195e-15 -1 -6.56764e-15
vn -7.71195e-15 -1 -6.56764e-15
vn -7.71195e-15 -1 -6.56764e-15
vn -7.71195e-15 -1 -6.56764e-15
vn -7.71195e-15 -1 -6.56764e-15
vn -7.71195e-15 -1 -6.56764e-15
vn -7.71195e-15 -1 -6.56764e-15
vn -7.71195e-15 -1 -6.56764e-15
vn -7.71195e-15 -1 -6.56764e-15
vn -7.71195e-15 -1 -6.56764e-15
vn -7.71195e-15 -1 -6.56764e-15
vn -7.71195e-15 -1 -6.56764e-15
vn -7.71195e-15 -1 -6.56764e-15
vn -7.71195e-15 -1 -6.56764e-15
vn -7.71195e-15 -1 -6.56764e-15
vn -7.71195e-15 -1 -6.56764e-15
vn -7.71195e-15 -1 -6.56764e-15
vn -7.71195e-15 -1 -6.56764e-15
vn -7.71195e-15 -1 -6.56764e-15
vn -7.71195e-15 -1 -6.56764e-15
vn -7.71195e-15 -1 -6.56764e-15
vn -7.71195e-15 -1 -6.56764e-15
vn -7.71195e-15 -1 -6.56764e-15
vn -7.71195e-15 -1 -6.56764e-15
vn -7.71195e-15 -1 -6.56764e-15
vn -7.71195e-15 -1 -6.56764e-15
vn -7.71195e-15 -1 -6.56764e-15
vn -7.71195e-15 -1 -6.56764e-15
vn -7.71195e-15 -1 -6.56764e-15
vn -7.71195e-15 -1 -6.56764e-15
vn -7.71195e-15 -1 -6.56764e-15
vn -7.71195e-15 -1 -6.56764e-15
vn -7.71195e-15 -1 -6.56764e-15
vn -7.71195e-15 -1 -6.56764e-15
vn -7.71195e-15 -1 -6.56764e-15
vn -7.71195e-15 -1 -6.56764e-15
vn -7.71195e-15 -1 -6.56764e-15
vn -7.71195e-15 -1 -6.56764e-15
vn -7.71195e-15 -1 -6.56764e-15
vn -7.71195e-15 -1 -6.56764e-15
vn -7.71195e-15 -1 -6.56764e-15
vn -7.71195e-15 -1 -6.56764e-15
vn -7.71195e-15 -1 -6.56764e-15
vn -7.71195e-15 -1 -6.56764e-15
vn -7.71195e-15 -1 -6.56764e-15
vn -7.71195e-15 -1 -6.56764e-15
vn -7.71195e-15 -1 -6.56764e-15
vn -7.71195e-15 -1 -6.56764e-15
vn -7.71195e-15 -1 -6.56764e-15
vn -7.71195e-15 -1 -6.56764e-15
vn -7.71195e-15 -1 -6.56764e-15
vn -7.71195e-15 -1 -6.56764e-15
vn -7.71195e-15 -1 -6.56764e-15
vn -7.71195e-15 -1 -6.56764e-15
vn -7.71195e-15 -1 -6.56764e-15
vn -7.71195e-15 -1 -6.56764e-15
vn -7.71195e-15 -1 -6.56764e-15
vn -7.71195e-15 -1 -6.56764e-15
vn -7.71195e-15 -1 -6.56764e-15
vn -7.71195e-15 -1 -6.56764e-15
vn -7.71195e-15 -1 -6.56764e-15
vn -7.71195e-15 -1 -6.56764e-15
vn -7.71195e-15 -1 -6.56764e-15
vn -7.71195e-15 -1 -6.56764e-15
vn -7.71195e-15 -1 -6.56764e-15
vn -7.71195e-15 -1 -6.56764e-15
vn -7.71195e-15 -1 -6.56764e-15
vn -7.71195e-15 -1 -6.56764e-15
vn -7.71195e-15 -1 -6.56764e-15
vn -7.71195e-15 -1 -6.56764e-15
vn -7.71195e-15 -1 -6.56764e-15
vn -7.71195e-15 -1 -6.56764e-15
vn -7.71195e-15 -1 -6.56764e-15
vn -7.71195e-15 -1 -6.56764e-15
vn -7.71195e-15 -1 -6.56764e-15
vn -7.71195e-15 -1 -6.56764e-15
vn -7.71195e-15 -1 -6.56764e-15
vn -7.71195e-15 -1 -6.56764e-15
vn -7.71195e-15 -1 -6.56764e-15
vn -7.71195e-15 -1 -6.56764e-15
vn -7.71195e-15 -1 -6.56764e-15
vn -7.71195e-15 -1 -6.56764e-15
vn -7.71195e-15 -1 -6.56764e-15
vn -7.71195e-15 -1 -6.56764e-15
vn -7.71195e-15 -1 -6.56764e-15
vn -7.71195e-15 -1 -6.56764e-15
vn -7.71195e-15 -1 -6.56764e-15
vn -7.71195e-15 -1 -6.56764e-15
vn -7.71195e-15 -1 -6.56764e-15
vn -7.71195e-15 -1 -6.56764e-15
vn -7.71195e-15 -1 -6.56764e-15
vn -7.71195e-15 -1 -6.56764e-15
vn -7.71195e-15 -1 -6.56764e-15
vn -7.71195e-15 -1 -6.56764e-15
vn -7.71195e-15 -1 -6.56764e-15
vn -7.71195e-15 -1 -6.56764e-15
vn -7.71195e-15 -1 -6.56764e-15
vn -7.71195e-15 -1 -6.56764e-15
vn -7.71195e-15 -1 -6.56764e-15
vn -7.71195e-15 -1 -6.56764e-15
vn -7.71195e-15 -1 -6.56764e-15
vn -7.71195e-15 -1 -6.56764e-15
vn -7.71195e-15 -1 -6.56764e-15
vn -7.71195e-15 -1 -6.56764e-15
vn -7.71195e-15 -1 -6.56764e-15
vn -7.71195e-15 -1 -6.56764e-15
vn -7.71195e-15 -1 -6.56764e-15
vn -7.71195e-15 -1 -6.56764e-15
vn -7.71195e-15 -1 -6.56764e-15
vn -7.71195e-15 -1 -6.56764e-15
vn -7.71195e-15 -1 -6.56764e-15
vn -7.71195e-15 -1 -6.56764e-15
vn -7.71195e-15 -1 -6.56764e-15
vn -7.71195e-15 -1 -6.56764e-15
vn -7.71195e-15 -1 -6.56764e-15
vn -7.71195e-15 -1 -6.56764e-15
vn -7.71195e-15 -1 -6.56764e-15
vn -7.71195e-15 -1 -6.56764e-15
vn -7.71195e-15 -1 -6.56764e-15
vn -7.71195e-15 -1 -6.56764e-15
vn -7.71195e-15 -1 -6.56764e-15
vn -7.71195e-15 -1 -6.56764e-15
vn -7.71195e-15 -1 -6.56764e-15
vn -7.71195e-15 -1 -6.56764e-15
vn -7.71195e-15 -1 -6.56764e-15
vn -7.71195e-15 -1 -6.56764e-15
vn -7.71195e-15 -1 -6.56764e-15
vn -7.71195e-15 -1 -6.56764e-15
vn -7.71195e-15 -1 -6.56764e-15
vn -7.71195e-15 -1 -6.56764e-15
vn -7.71195e-15 -1 -6.56764e-15
vn -7.71195e-15 -1 -6.56764e-15
vn -7.71195e-15 -1 -6.56764e-15
vn -7.71195e-15 -1 -6.56764e-15
vn -7.71195e-15 -1 -6.56764e-15
vn -7.71195e-15 -1 -6.56764e-15
vn -7.71195e-15 -1 -6.56764e-15
vn -7.71195e-15 -1 -6.56764e-15
vn -7.71195e-15 -1 -6.56764e-15
vn -7.71195e-15 -1 -6.56764e-15
vn -7.71195e-15 -1 -6.56764e-15
vn -7.71195e-15 -1 -6.56764e-15
vn -7.71195e-15 -1 -6.56764e-15
vn -7.71195e-15 -1 -6.56764e-15
vn -7.71195e-15 -1 -6.56764e-15
vn -7.71195e-15 -1 -6.56764e-15
vn -7.71195e-15 -1 -6.56764e-15
vn -7.71195e-15 -1 -6.56764e-15
vn -7.71195e-15 -1 -6.56764e-15
vn -7.71195e-15 -1 -6.56764e-15
vn -7.71195e-15 -1 -6.56764e-15
vn -7.71195e-15 -1 -6.56764e-15
vn -7.71195e-15 -1 -6.56764e-15
vn -7.71195e-15 -1 -6.56764e-15
vn -7.71195e-15 -1 -6.56764e-15
vn -7.71195e-15 -1 -6.56764e-15
vn -7.71195e-15 -1 -6.56764e-15
vn -7.71195e-15 -1 -6.56764e-15
vn -7.71195e-15 -1 -6.56764e-15
vn -7.71195e-15 -1 -6.56764e-15
vn -7.71195e-15 -1 -6.56764e-15
vn -7.71195e-15 -1 -6.56764e-15
vn -7.71195e-15 -1 -6.56764e-15
vn -7.71195e-15 -1 -6.56764e-15
vn -7.71195e-15 -1 -6.56764e-15
vn -7.71195e-15 -1 -6.56764e-15
vn -7.71195e-15 -1 -6.56764e-15
vn -7.71195e-15 -1 -6.56764e-15
vn -7.71195e-15 -1 -6.56764e-15
vn -7.71195e-15 -1 -6.56764e-15
vn -7.71195e-15 -1 -6.56764e-15
vn -7.71195e-15 -1 -6.56764e-15
vn -7.71195e-15 -1 -6.56764e-15
vn -7.71195e-15 -1 -6.56764e-15
vn -7.71195e-15 -1 -6.56764e-15
vn -7.71195e-15 -1 -6.56764e-15
vn -7.71195e-15 -1 -6.56764e-15
vn -7.71195e-15 -1 -6.56764e-15
vn -7.71195e-15 -1 -6.56764e-15
vn -7.71195e-15 -1 -6.56764e-15
vn -7.71195e-15 -1 -6.56764e-15
vn -7.71195e-15 -1 -6.56764e-15
vn -7.71195e-15 -1 -6.56764e-15
vn -7.71195e-15 -1 -6.56764e-15
vn -7.71195e-15 -1 -6.56764e-15
vn -7.71195e-15 -1 -6.56764e-15
vn -7.71195e-15 -1 -6.56764e-15
vn -7.71195e-15 -1 -6.56764e-15
vn -7.71195e-15 -1 -6.56764e-15
vn -7.71195e-15 -1 -6.56764e-15
vn -7.71195e-15 -1 -6.56764e-15
vn -7.71195e-15 -1 -6.56764e-15
vn -7.71195e-15 -1 -6.56764e-15
vn -7.71195e-15 -1 -6.56764e-15
vn -7.71195e-15 -1 -6.56764e-15
vn -7.71195e-15 -1 -6.56764e-15
vn -7.71195e-15 -1 -6.56764e-15
vn -7.71195e-15 -1 -6.56764e-15
vn -7.71195e-15 -1 -6.56764e-15
vn -7.71195e-15 -1 -6.56764e-15
vn -7.71195e-15 -1 -6.56764e-15
vn -7.71195e-15 -1 -6.56764e-15
vn -7.71195e-15 -1 -6.56764e-15
vn -7.71195e-15 -1 -6.56764e-15
vn -7.71195e-15 -1 -6.56764e-15
vn -7.71195e-15 -1 -6.56764e-15
vn -7.71195e-15 -1 -6.56764e-15
vn -7.71195e-15 -1 -6.56764e-15
vn -7.71195e-15 -1 -6.56764e-15
vn -7.71195e-15 -1 -6.56764e-15
vn -7.71195e-15 -1 -6.56764e-15
vn -7.71195e-15 -1 -6.56764e-15
vn -7.71195e-15 -1 -6.56764e-15
vn -7.71195e-15 -1 -6.56764e-15
vn -7.71195e-15 -1 -6.56764e-15
vn -7.71195e-15 -1 -6.56764e-15
vn -7.71195e-15 -1 -6.56764e-15
vn -7.71195e-15 -1 -6.56764e-15
vn -7.71195e-15 -1 -6.56764e-15
vn -7.71195e-15 -1 -6.56764e-15
vn -7.71195e-15 -1 -6.56764e-15
vn -7.71195e-15 -1 -6.56764e-15
vn -7.71195e-15 -1 -6.56764e-15
vn -7.71195e-15 -1 -6.56764e-15
vn -7.71195e-15 -1 -6.56764e-15
vn -7.71195e-15 -1 -6.56764e-15
vn -7.71195e-15 -1 -6.56764e-15
vn -7.71195e-15 -1 -6.56764e-15
vn -7.71195e-15 -1 -6.56764e-15
vn -7.71195e-15 -1 -6.56764e-15
vn -7.71195e-15 -1 -6.56764e-15
vn -7.71195e-15 -1 -6.56764e-15
vn -7.71195e-15 -1 -6.56764e-15
vn -7.71195e-15 -1 -6.56764e-15
vn -7.71195e-15 -1 -6.56764e-15
vn -7.71195e-15 -1 -6.56764e-15
vn -7.71195e-15 -1 -6.56764e-15
vn -7.71195e-15 -1 -6.56764e-15
vn -7.71195e-15 -1 -6.56764e-15
vn -7.71195e-15 -1 -6.56764e-15
vn -7.71195e-15 -1 -6.56764e-15
vn -7.71195e-15 -1 -6.56764e-15
vn -7.71195e-15 -1 -6.56764e-15
vn -7.71195e-15 -1 -6.56764e-15
vn -7.71195e-15 -1 -6.56764e-15
vn -7.71195e-15 -1 -6.56764e-15
vn -7.71195e-15 -1 -6.56764e-15
vn -7.71195e-15 -1 -6.56764e-15
vn -7.71195e-15 -1 -6.56764e-15
vn -7.71195e-15 -1 -6.56764e-15
vn -7.71195e-15 -1 -6.56764e-15
vn -7.71195e-15 -1 -6.56764e-15
vn -7.71195e-15 -1 -6.56764e-15
vn -7.71195e-15 -1 -6.56764e-15
vn -7.71195e-15 -1 -6.56764e-15
vn -7.71195e-15 -1 -6.56764e-15
vn -7.71195e-15 -1 -6.56764e-15
vn -7.71195e-15 -1 -6.56764e-15
vn -7.71195e-15 -1 -6.56764e-15
vn -7.71195e-15 -1 -6.56764e-15
vn -7.71195e-15 -1 -6.56764e-15
vn -7.71195e-15 -1 -6.56764e-15
vn -7.71195e-15 -1 -6.56764e-15
vn -7.71195e-15 -1 -6.56764e-15
vn -7.71195e-15 -1 -6.56764e-15
vn -7.71195e-15 -1 -6.56764e-15
vn -7.71195e-15 -1 -6.56764e-15
vn -7.71195e-15 -1 -6.56764e-15
vn -7.71195e-15 -1 -6.56764e-15
vn -7.71195e-15 -1 -6.56764e-15
vn -7.71195e-15 -1 -6.56764e-15
vn -7.71195e-15 -1 -6.56764e-15
vn -7.71195e-15 -1 -6.56764e-15
vn -7.71195e-15 -1 -6.56764e-15
vn -7.71195e-15 -1 -6.56764e-15
vn -7.71195e-15 -1 -6.56764e-15
vn -7.71195e-15 -1 -6.56764e-15
vn -7.71195e-15 -1 -6.56764e-15
vn -7.71195e-15 -1 -6.56764e-15
vn -7.71195e-15 -1 -6.56764e-15
vn -7.71195e-15 -1 -6.56764e-15
vn -7.71195e-15 -1 -6.56764e-15
vn -7.71195e-15 -1 -6.56764e-15
vn -7.71195e-15 -1 -6.56764e-15
vn -7.71195e-15 -1 -6.56764e-15
vn -7.71195e-15 -1 -6.56764e-15
vn -7.71195e-15 -1 -6.56764e-15
vn -7.71195e-15 -1 -6.56764e-15
vn -7.71195e-15 -1 -6.56764e-15
vn -7.71195e-15 -1 -6.56764e-15
vn -7.71195e-15 -1 -6.56764e-15
vn -7.71195e-15 -1 -6.56764e-15
vn -7.71195e-15 -1 -6.56764e-15
vn -7.71195e-15 -1 -6.56764e-15
vn -7.71195e-15 -1 -6.56764e-15
vn -7.71195e-15 -1 -6.56764e-15
vn -7.71195e-15 -1 -6.56764e-15
vn -7.71195e-15 -1 -6.56764e-15
vn -7.71195e-15 -1 -6.56764e-15
vn -7.71195e-15 -1 -6.56764e-15
vn -7.71195e-15 -1 -6.56764e-15
vn -7.71195e-15 -1 -6.56764e-15
vn -7.71195e-15 -1 -6.56764e-15
vn -7.71195e-15 -1 -6.56764e-15
vn -7.71195e-15 -1 -6.56764e-15
vn -7.71195e-15 -1 -6.56764e-15
vn -7.71195e-15 -1 -6.56764e-15
vn -7.71195e-15 -1 -6.56764e-15
vn -7.71195e-15 -1 -6.56764e-15
vn -7.71195e-15 -1 -6.56764e-15
vn -7.71195e-15 -1 -6.56764e-15
vn -7.71195e-15 -1 -6.56764e-15
vn -7.71195e-15 -1 -6.56764e-15
vn -7.71195e-15 -1 -6.56764e-15
vn -7.71195e-15 -1 -6.56764e-15
vn -7.71195e-15 -1 -6.56764e-15
vn -7.71195e-15 -1 -6.56764e-15
vn -7.71195e-15 -1 -6.56764e-15
vn -7.71195e-15 -1 -6.56764e-15
vn -7.71195e-15 -1 -6.56764e-15
vn -7.71195e-15 -1 -6.56764e-15
vn -7.71195e-15 -1 -6.56764e-15
vn -7.71195e-15 -1 -6.56764e-15
vn -7.71195e-15 -1 -6.56764e-15
vn -7.71195e-15 -1 -6.56764e-15
vn -7.71195e-15 -1 -6.56764e-15
vn -7.71195e-15 -1 -6.56764e-15
vn -7.71195e-15 -1 -6.56764e-15
vn -7.71195e-15 -1 -6.56764e-15
vn -7.71195e-15 -1 -6.56764e-15
vn -7.71195e-15 -1 -6.56764e-15
vn -7.71195e-15 -1 -6.56764e-15
vn -7.71195e-15 -1 -6.56764e-15
vn -7.71195e-15 -1 -6.56764e-15
vn -7.71195e-15 -1 -6.56764e-15
vn -7.71195e-15 -1 -6.56764e-15
vn -7.71195e-15 -1 -6.56764e-15
vn -7.71195e-15 -1 -6.56764e-15
vn -7.71195e-15 -1 -6.56764e-15
vn -7.71195e-15 -1 -6.56764e-15
vn -7.71195e-15 -1 -6.56764e-15
vn -7.71195e-15 -1 -6.56764e-15
vn -7.71195e-15 -1 -6.56764e-15
vn -7.71195e-15 -1 -6.56764e-15
vn -7.71195e-15 -1 -6.56764e-15
vn -7.71195e-15 -1 -6.56764e-15
vn -7.71195e-15 -1 -6.56764e-15
vn -7.71195e-15 -1 -6.56764e-15
vn -7.71195e-15 -1 -6.56764e-15
vn -7.71195e-15 -1 -6.56764e-15
vn -7.71195e-15 -1 -6.56764e-15
vn -7.71195e-15 -1 -6.56764e-15
vn -7.71195e-15 -1 -6.56764e-15
vn -7.71195e-15 -1 -6.56764e-15
vn -7.71195e-15 -1 -6.56764e-15
vn -7.71195e-15 -1 -6.56764e-15
vn -7.71195e-15 -1 -6.56764e-15
vn -7.71195e-15 -1 -6.56764e-15
vn -7.71195e-15 -1 -6.56764e-15
vn -7.71195e-15 -1 -6.56764e-15
vn -7.71195e-15 -1 -6.56764e-15
vn -7.71195e-15 -1 -6.56764e-15
vn -7.71195e-15 -1 -6.56764e-15
vn -7.71195e-15 -1 -6.56764e-15
vn -7.71195e-15 -1 -6.56764e-15
vn -7.71195e-15 -1 -6.56764e-15
vn -7.71195e-15 -1 -6.56764e-15
vn -7.71195e-15 -1 -6.56764e-15
vn -7.71195e-15 -1 -6.56764e-15
vn -7.71195e-15 -1 -6.56764e-15
vn -7.71195e-15 -1 -6.56764e-15
vn -7.71195e-15 -1 -6.56764e-15
vn -7.71195e-15 -1 -6.56764e-15
vn -7.71195e-15 -1 -6.56764e-15
vn -7.71195e-15 -1 -6.56764e-15
vn -7.71195e-15 -1 -6.56764e-15
vn -7.71195e-15 -1 -6.56764e-15
vn -7.71195e-15 -1 -6.56764e-15
vn -7.71195e-15 -1 -6.56764e-15
vn -7.71195e-15 -1 -6.56764e-15
vn -7.71195e-15 -1 -6.56764e-15
vn -7.71195e-15 -1 -6.56764e-15
vn -7.71195e-15 -1 -6.56764e-15
vn -7.71195e-15 -1 -6.56764e-15
vn -7.71195e-15 -1 -6.56764e-15
vn -7.71195e-15 -1 -6.56764e-15
vn -7.71195e-15 -1 -6.56764e-15
vn -7.71195e-15 -1 -6.56764e-15
vn -7.71195e-15 -1 -6.56764e-15
vn -7.71195e-15 -1 -6.56764e-15
vn -7.71195e-15 -1 -6.56764e-15
vn -7.71195e-15 -1 -6.56764e-15
vn -7.71195e-15 -1 -6.56764e-15
vn -7.71195e-15 -1 -6.56764e-15
vn -7.71195e-15 -1 -6.56764e-15
vn -7.71195e-15 -1 -6.56764e-15
vn -7.71195e-15 -1 -6.56764e-15
vn -7.71195e-15 -1 -6.56764e-15
vn -7.71195e-15 -1 -6.56764e-15
vn -7.71195e-15 -1 -6.56764e-15
vn -7.71195e-15 -1 -6.56764e-15
vn -7.71195e-15 -1 -6.56764e-15
vn -7.71195e-15 -1 -6.56764e-15
vn -7.71195e-15 -1 -6.56764e-15
vn -7.71195e-15 -1 -6.56764e-15
vn -7.71195e-15 -1 -6.56764e-15
vn -7.71195e-15 -1 -6.56764e-15
vn -7.71195e-15 -1 -6.56764e-15
vn -7.71195e-15 -1 -6.56764e-15
vn -7.71195e-15 -1 -6.56764e-15
vn -7.71195e-15 -1 -6.56764e-15
vn -7.71195e-15 -1 -6.56764e-15
vn -7.71195e-15 -1 -6.56764e-15
vn -7.71195e-15 -1 -6.56764e-15
vn -7.71195e-15 -1 -6.56764e-15
vn -7.71195e-15 -1 -6.56764e-15
vn -7.71195e-15 -1 -6.56764e-15
vn -7.71195e-15 -1 -6.56764e-15
vn -7.71195e-15 -1 -6.56764e-15
vn -7.71195e-15 -1 -6.56764e-15
vn -7.71195e-15 -1 -6.56764e-15
vn -7.71195e-15 -1 -6.56764e-15
vn -7.71195e-15 -1 -6.56764e-15
vn -7.71195e-15 -1 -6.56764e-15
vn -7.71195e-15 -1 -6.56764e-15
vn -7.71195e-15 -1 -6.56764e-15
vn -7.71195e-15 -1 -6.56764e-15
vn -7.71195e-15 -1 -6.56764e-15
vn -7.71195e-15 -1 -6.56764e-15
vn -7.71195e-15 -1 -6.56764e-15
vn -7.71195e-15 -1 -6.56764e-15
vn -7.71195e-15 -1 -6.56764e-15
vn -7.71195e-15 -1 -6.56764e-15
vn -7.71195e-15 -1 -6.56764e-15
vn -7.71195e-15 -1 -6.56764e-15
vn -7.71195e-15 -1 -6.56764e-15
vn -7.71195e-15 -1 -6.56764e-15
vn -7.71195e-15 -1 -6.56764e-15
vn -7.71195e-15 -1 -6.56764e-15
vn -7.71195e-15 -1 -6.56764e-15
vn -7.71195e-15 -1 -6.56764e-15
vn -7.71195e-15 -1 -6.56764e-15
vn -7.71195e-15 -1 -6.56764e-15
vn -7.71195e-15 -1 -6.56764e-15
vn -7.71195e-15 -1 -6.56764e-15
vn -7.71195e-15 -1 -6.56764e-15
vn -7.71195e-15 -1 -6.56764e-15
vn -7.71195e-15 -1 -6.56764e-15
vn -7.71195e-15 -1 -6.56764e-15
vn -7.71195e-15 -1 -6.56764e-15
vn -7.71195e-15 -1 -6.56764e-15
vn -7.71195e-15 -1 -6.56764e-15
vn -7.71195e-15 -1 -6.56764e-15
vn -7.71195e-15 -1 -6.56764e-15
vn -7.71195e-15 -1 -6.56764e-15
vn -7.71195e-15 -1 -6.56764e-15
vn -7.71195e-15 -1 -6.56764e-15
vn -7.71195e-15 -1 -6.56764e-15
vn -7.71195e-15 -1 -6.56764e-15
vn -7.71195e-15 -1 -6.56764e-15
vn -7.71195e-15 -1 -6.56764e-15
vn -7.71195e-15 -1 -6.56764e-15
vn -7.71195e-15 -1 -6.56764e-15
vn -7.71195e-15 -1 -6.56764e-15
vn -7.71195e-15 -1 -6.56764e-15
vn -7.71195e-15 -1 -6.56764e-15
vn -7.71195e-15 -1 -6.56764e-15
vn -7.71195e-15 -1 -6.56764e-15
vn -7.71195e-15 -1 -6.56764e-15
vn -7.71195e-15 -1 -6.56764e-15
vn -7.71195e-15 -1 -6.56764e-15
vn -7.71195e-15 -1 -6.56764e-15
vn -7.71195e-15 -1 -6.56764e-15
vn -7.71195e-15 -1 -6.56764e-15
vn -7.71195e-15 -1 -6.56764e-15
vn -7.71195e-15 -1 -6.56764e-15
vn -7.71195e-15 -1 -6.56764e-15
vn -7.71195e-15 -1 -6.56764e-15
vn -7.71195e-15 -1 -6.56764e-15
vn -7.71195e-15 -1 -6.56764e-15
vn -7.71195e-15 -1 -6.56764e-15
vn -7.71195e-15 -1 -6.56764e-15
vn -7.71195e-15 -1 -6.56764e-15
vn -7.71195e-15 -1 -6.56764e-15
vn -7.71195e-15 -1 -6.56764e-15
vn -7.71195e-15 -1 -6.56764e-15
vn -7.71195e-15 -1 -6.56764e-15
vn -7.71195e-15 -1 -6.56764e-15
vn -7.71195e-15 -1 -6.56764e-15
vn -7.71195e-15 -1 -6.56764e-15
vn -7.71195e-15 -1 -6.56764e-15
vn -7.71195e-15 -1 -6.56764e-15
vn -7.71195e-15 -1 -6.56764e-15
vn -7.71195e-15 -1 -6.56764e-15
vn -7.71195e-15 -1 -6.56764e-15
vn -7.71195e-15 -1 -6.56764e-15
vn -7.71195e-15 -1 -6.56764e-15
vn -7.71195e-15 -1 -6.56764e-15
vn -7.71195e-15 -1 -6.56764e-15
vn -7.71195e-15 -1 -6.56764e-15
vn -7.71195e-15 -1 -6.56764e-15
vn -7.71195e-15 -1 -6.56764e-15
vn -7.71195e-15 -1 -6.56764e-15
vn -7.71195e-15 -1 -6.56764e-15
vn -7.71195e-15 -1 -6.56764e-15
vn -7.71195e-15 -1 -6.56764e-15
vn -7.71195e-15 -1 -6.56764e-15
vn -7.71195e-15 -1 -6.56764e-15
vn -7.71195e-15 -1 -6.56764e-15
vn -7.71195e-15 -1 -6.56764e-15
vn -7.71195e-15 -1 -6.56764e-15
vn -7.71195e-15 -1 -6.56764e-15
vn -7.71195e-15 -1 -6.56764e-15
vn -7.71195e-15 -1 -6.56764e-15
vn -7.71195e-15 -1 -6.56764e-15
vn -7.71195e-15 -1 -6.56764e-15
vn -7.71195e-15 -1 -6.56764e-15
vn -7.71195e-15 -1 -6.56764e-15
vn -7.71195e-15 -1 -6.56764e-15
vn -7.71195e-15 -1 -6.56764e-15
vn -7.71195e-15 -1 -6.56764e-15
vn -7.71195e-15 -1 -6.56764e-15
vn -7.71195e-15 -1 -6.56764e-15
vn -7.71195e-15 -1 -6.56764e-15
vn -7.71195e-15 -1 -6.56764e-15
vn -7.71195e-15 -1 -6.56764e-15
vn -7.71195e-15 -1 -6.56764e-15
vn -7.71195e-15 -1 -6.56764e-15
vn -7.71195e-15 -1 -6.56764e-15
vn -7.71195e-15 -1 -6.56764e-15
vn -7.71195e-15 -1 -6.56764e-15
vn -7.71195e-15 -1 -6.56764e-15
vn -7.71195e-15 -1 -6.56764e-15
vn -7.71195e-15 -1 -6.56764e-15
vn -7.71195e-15 -1 -6.56764e-15
vn -7.71195e-15 -1 -6.56764e-15
vn -7.71195e-15 -1 -6.56764e-15
vn -7.71195e-15 -1 -6.56764e-15
vn -7.71195e-15 -1 -6.56764e-15
vn -7.71195e-15 -1 -6.56764e-15
vn -7.71195e-15 -1 -6.56764e-15
vn -7.71195e-15 -1 -6.56764e-15
vn -7.71195e-15 -1 -6.56764e-15
vn -7.71195e-15 -1 -6.56764e-15
vn -7.71195e-15 -1 -6.56764e-15
vn -7.71195e-15 -1 -6.56764e-15
vn -7.71195e-15 -1 -6.56764e-15
vn -7.71195e-15 -1 -6.56764e-15
vn -7.71195e-15 -1 -6.56764e-15
vn -7.71195e-15 -1 -6.56764e-15
vn -7.71195e-15 -1 -6.56764e-15
vn -7.71195e-15 -1 -6.56764e-15
vn -7.71195e-15 -1 -6.56764e-15
vn -7.71195e-15 -1 -6.56764e-15
vn -7.71195e-15 -1 -6.56764e-15
vn -7.71195e-15 -1 -6.56764e-15
vn -7.71195e-15 -1 -6.56764e-15
vn -7.71195e-15 -1 -6.56764e-15
vn -7.71195e-15 -1 -6.56764e-15
vn -7.71195e-15 -1 -6.56764e-15
vn -7.71195e-15 -1 -6.56764e-15
vn -7.71195e-15 -1 -6.56764e-15
vn -7.71195e-15 -1 -6.56764e-15
vn -7.71195e-15 -1 -6.56764e-15
vn -7.71195e-15 -1 -6.56764e-15
vn -7.71195e-15 -1 -6.56764e-15
vn -7.71195e-15 -1 -6.56764e-15
vn -7.71195e-15 -1 -6.56764e-15
vn -7.71195e-15 -1 -6.56764e-15
vn -7.71195e-15 -1 -6.56764e-15
vn -7.71195e-15 -1 -6.56764e-15
vn -7.71195e-15 -1 -6.56764e-15
vn -7.71195e-15 -1 -6.56764e-15
vn -7.71195e-15 -1 -6.56764e-15
vn -7.71195e-15 -1 -6.56764e-15
vn -7.71195e-15 -1 -6.56764e-15
vn -7.71195e-15 -1 -6.56764e-15
vn -7.71195e-15 -1 -6.56764e-15
vn -7.71195e-15 -1 -6.56764e-15
vn -7.71195e-15 -1 -6.56764e-15
vn -7.71195e-15 -1 -6.56764e-15
vn -7.71195e-15 -1 -6.56764e-15
vn -7.71195e-15 -1 -6.56764e-15
vn -7.71195e-15 -1 -6.56764e-15
vn -7.71195e-15 -1 -6.56764e-15
vn -7.71195e-15 -1 -6.56764e-15
vn -7.71195e-15 -1 -6.56764e-15
vn -7.71195e-15 -1 -6.56764e-15
vn -7.71195e-15 -1 -6.56764e-15
vn -7.71195e-15 -1 -6.56764e-15
vn -7.71195e-15 -1 -6.56764e-15
vn -7.71195e-15 -1 -6.56764e-15
vn -7.71195e-15 -1 -6.56764e-15
vn -7.71195e-15 -1 -6.56764e-15
vn -7.71195e-15 -1 -6.56764e-15
vn -7.71195e-15 -1 -6.56764e-15
vn -7.71195e-15 -1 -6.56764e-15
vn -7.71195e-15 -1 -6.56764e-15
vn -7.71195e-15 -1 -6.56764e-15
vn -7.71195e-15 -1 -6.56764e-15
vn -7.71195e-15 -1 -6.56764e-15
vn -7.71195e-15 -1 -6.56764e-15
vn -7.71195e-15 -1 -6.56764e-15
vn -7.71195e-15 -1 -6.56764e-15
vn -7.71195e-15 -1 -6.56764e-15
vn -7.71195e-15 -1 -6.56764e-15
vn -7.71195e-15 -1 -6.56764e-15
vn -7.71195e-15 -1 -6.56764e-15
vn -7.71195e-15 -1 -6.56764e-15
vn -7.71195e-15 -1 -6.56764e-15
vn -7.71195e-15 -1 -6.56764e-15
vn -7.71195e-15 -1 -6.56764e-15
vn -7.71195e-15 -1 -6.56764e-15
vn -7.71195e-15 -1 -6.56764e-15
vn -7.71195e-15 -1 -6.56764e-15
vn -7.71195e-15 -1 -6.56764e-15
vn -7.71195e-15 -1 -6.56764e-15
vn -7.71195e-15 -1 -6.56764e-15
vn -7.71195e-15 -1 -6.56764e-15
vn -7.71195e-15 -1 -6.56764e-15
vn -7.71195e-15 -1 -6.56764e-15
vn -7.71195e-15 -1 -6.56764e-15
vn -7.71195e-15 -1 -6.56764e-15
vn -7.71195e-15 -1 -6.56764e-15
vn -7.71195e-15 -1 -6.56764e-15
vn -7.71195e-15 -1 -6.56764e-15
vn -7.71195e-15 -1 -6.56764e-15
vn -7.71195e-15 -1 -6.56764e-15
vn -7.71195e-15 -1 -6.56764e-15
vn -7.71195e-15 -1 -6.56764e-15
vn -7.71195e-15 -1 -6.56764e-15
vn -7.71195e-15 -1 -6.56764e-15
vn -7.71195e-15 -1 -6.56764e-15
vn -7.71195e-15 -1 -6.56764e-15
vn -7.71195e-15 -1 -6.56764e-15
vn -7.71195e-15 -1 -6.56764e-15
vn -7.71195e-15 -1 -6.56764e-15
vn -7.71195e-15 -1 -6.56764e-15
vn -7.71195e-15 -1 -6.56764e-15
vn -7.71195e-15 -1 -6.56764e-15
vn -7.71195e-15 -1 -6.56764e-15
vn -7.71195e-15 -1 -6.56764e-15
vn -7.71195e-15 -1 -6.56764e-15
vn -7.71195e-15 -1 -6.56764e-15
vn -7.71195e-15 -1 -6.56764e-15
vn -7.71195e-15 -1 -6.56764e-15
vn -7.71195e-15 -1 -6.56764e-15
vn -7.71195e-15 -1 -6.56764e-15
vn -7.71195e-15 -1 -6.56764e-15
vn -7.71195e-15 -1 -6.56764e-15
vn -7.71195e-15 -1 -6.56764e-15
vn -7.71195e-15 -1 -6.56764e-15
vn -7.71195e-15 -1 -6.56764e-15
vn -7.71195e-15 -1 -6.56764e-15
vn -7.71195e-15 -1 -6.56764e-15
vn -7.71195e-15 -1 -6.56764e-15
vn -7.71195e-15 -1 -6.56764e-15
vn -7.71195e-15 -1 -6.56764e-15
vn -7.71195e-15 -1 -6.56764e-15
vn -7.71195e-15 -1 -6.56764e-15
vn -7.71195e-15 -1 -6.56764e-15
vn -7.71195e-15 -1 -6.56764e-15
vn -7.71195e-15 -1 -6.56764e-15
vn -7.71195e-15 -1 -6.56764e-15
vn -7.71195e-15 -1 -6.56764e-15
vn -7.71195e-15 -1 -6.56764e-15
vn -7.71195e-15 -1 -6.56764e-15
vn -7.71195e-15 -1 -6.56764e-15
vn -7.71195e-15 -1 -6.56764e-15
vn -7.71195e-15 -1 -6.56764e-15
vn -7.71195e-15 -1 -6.56764e-15
vn -7.71195e-15 -1 -6.56764e-15
vn -7.71195e-15 -1 -6.56764e-15
vn -7.71195e-15 -1 -6.56764e-15
vn -7.71195e-15 -1 -6.56764e-15
vn -7.71195e-15 -1 -6.56764e-15
vn -7.71195e-15 -1 -6.56764e-15
vn -7.71195e-15 -1 -6.56764e-15
vn -7.71195e-15 -1 -6.56764e-15
vn -7.71195e-15 -1 -6.56764e-15
vn -7.71195e-15 -1 -6.56764e-15
vn -7.71195e-15 -1 -6.56764e-15
vn -7.71195e-15 -1 -6.56764e-15
vn -7.71195e-15 -1 -6.56764e-15
vn -7.71195e-15 -1 -6.56764e-15
vn -7.71195e-15 -1 -6.56764e-15
vn -7.71195e-15 -1 -6.56764e-15
vn -7.71195e-15 -1 -6.56764e-15
vn -7.71195e-15 -1 -6.56764e-15
vn -7.71195e-15 -1 -6.56764e-15
vn -7.71195e-15 -1 -6.56764e-15
vn -7.71195e-15 -1 -6.56764e-15
vn -7.71195e-15 -1 -6.56764e-15
vn -7.71195e-15 -1 -6.56764e-15
vn -7.71195e-15 -1 -6.56764e-15
vn -7.71195e-15 -1 -6.56764e-15
vn -7.71195e-15 -1 -6.56764e-15
vn -7.71195e-15 -1 -6.56764e-15
vn -7.71195e-15 -1 -6.56764e-15
vn -7.71195e-15 -1 -6.56764e-15
vn -7.71195e-15 -1 -6.56764e-15
vn -7.71195e-15 -1 -6.56764e-15
vn -7.71195e-15 -1 -6.56764e-15
vn -7.71195e-15 -1 -6.56764e-15
vn -7.71195e-15 -1 -6.56764e-15
vn -7.71195e-15 -1 -6.56764e-15
vn -7.71195e-15 -1 -6.56764e-15
vn -7.71195e-15 -1 -6.56764e-15
vn -7.71195e-15 -1 -6.56764e-15
vn -7.71195e-15 -1 -6.56764e-15
vn -7.71195e-15 -1 -6.56764e-15
vn -7.71195e-15 -1 -6.56764e-15
vn -7.71195e-15 -1 -6.56764e-15
vn -7.71195e-15 -1 -6.56764e-15
vn -7.71195e-15 -1 -6.56764e-15
vn -7.71195e-15 -1 -6.56764e-15
vn -7.71195e-15 -1 -6.56764e-15
vn -7.71195e-15 -1 -6.56764e-15
vn -7.71195e-15 -1 -6.56764e-15
vn -7.71195e-15 -1 -6.56764e-15
vn -7.71195e-15 -1 -6.56764e-15
vn -7.71195e-15 -1 -6.56764e-15
vn -7.71195e-15 -1 -6.56764e-15
vn -7.71195e-15 -1 -6.56764e-15
vn -7.71195e-15 -1 -6.56764e-15
vn -7.71195e-15 -1 -6.56764e-15
vn -7.71195e-15 -1 -6.56764e-15
vn -7.71195e-15 -1 -6.56764e-15
vn -7.71195e-15 -1 -6.56764e-15
vn -7.71195e-15 -1 -6.56764e-15
vn -7.71195e-15 -1 -6.56764e-15
vn -7.71195e-15 -1 -6.56764e-15
vn -7.71195e-15 -1 -6.56764e-15
vn -7.71195e-15 -1 -6.56764e-15
vn -7.71195e-15 -1 -6.56764e-15
vn -7.71195e-15 -1 -6.56764e-15
vn -7.71195e-15 -1 -6.56764e-15
vn -7.71195e-15 -1 -6.56764e-15
vn -7.71195e-15 -1 -6.56764e-15
vn -7.71195e-15 -1 -6.56764e-15
vn -7.71195e-15 -1 -6.56764e-15
vn -7.71195e-15 -1 -6.56764e-15
vn -7.71195e-15 -1 -6.56764e-15
vn -7.71195e-15 -1 -6.56764e-15
vn -7.71195e-15 -1 -6.56764e-15
vn -7.71195e-15 -1 -6.56764e-15
vn -7.71195e-15 -1 -6.56764e-15
vn -7.71195e-15 -1 -6.56764e-15
vn -7.71195e-15 -1 -6.56764e-15
vn -7.71195e-15 -1 -6.56764e-15
vn -7.71195e-15 -1 -6.56764e-15
vn -7.71195e-15 -1 -6.56764e-15
vn -7.71195e-15 -1 -6.56764e-15
vn -7.71195e-15 -1 -6.56764e-15
vn -7.71195e-15 -1 -6.56764e-15
vn -7.71195e-15 -1 -6.56764e-15
vn -7.71195e-15 -1 -6.56764e-15
vn -7.71195e-15 -1 -6.56764e-15
vn -7.71195e-15 -1 -6.56764e-15
vn -7.71195e-15 -1 -6.56764e-15
vn -7.71195e-15 -1 -6.56764e-15
vn -7.71195e-15 -1 -6.56764e-15
vn -7.71195e-15 -1 -6.56764e-15
vn -7.71195e-15 -1 -6.56764e-15
vn -7.71195e-15 -1 -6.56764e-15
vn -7.71195e-15 -1 -6.56764e-15
vn -7.71195e-15 -1 -6.56764e-15
vn -7.71195e-15 -1 -6.56764e-15
vn -7.71195e-15 -1 -6.56764e-15
vn -7.71195e-15 -1 -6.56764e-15
vn -7.71195e-15 -1 -6.56764e-15
vn -7.71195e-15 -1 -6.56764e-15
vn -7.71195e-15 -1 -6.56764e-15
vn -7.71195e-15 -1 -6.56764e-15
vn -7.71195e-15 -1 -6.56764e-15
vn -7.71195e-15 -1 -6.56764e-15
vn -7.71195e-15 -1 -6.56764e-15
vn -7.71195e-15 -1 -6.56764e-15
vn -7.71195e-15 -1 -6.56764e-15
vn -7.71195e-15 -1 -6.56764e-15
vn -7.71195e-15 -1 -6.56764e-15
vn -7.71195e-15 -1 -6.56764e-15
vn -7.71195e-15 -1 -6.56764e-15
vn -7.71195e-15 -1 -6.56764e-15
vn -7.71195e-15 -1 -6.56764e-15
vn -7.71195e-15 -1 -6.56764e-15
vn -7.71195e-15 -1 -6.56764e-15
vn -7.71195e-15 -1 -6.56764e-15
vn -7.71195e-15 -1 -6.56764e-15
vn -7.71195e-15 -1 -6.56764e-15
vn -7.71195e-15 -1 -6.56764e-15
vn -7.71195e-15 -1 -6.56764e-15
vn -7.71195e-15 -1 -6.56764e-15
vn -7.71195e-15 -1 -6.56764e-15
vn -7.71195e-15 -1 -6.56764e-15
vn -7.71195e-15 -1 -6.56764e-15
vn -7.71195e-15 -1 -6.56764e-15
vn -7.71195e-15 -1 -6.56764e-15
vn -7.71195e-15 -1 -6.56764e-15
vn -7.71195e-15 -1 -6.56764e-15
vn -7.71195e-15 -1 -6.56764e-15
vn -7.71195e-15 -1 -6.56764e-15
vn -7.71195e-15 -1 -6.56764e-15
vn -7.71195e-15 -1 -6.56764e-15
vn -7.71195e-15 -1 -6.56764e-15
vn -7.71195e-15 -1 -6.56764e-15
vn -7.71195e-15 -1 -6.56764e-15
vn -7.71195e-15 -1 -6.56764e-15
vn -7.71195e-15 -1 -6.56764e-15
vn -7.71195e-15 -1 -6.56764e-15
vn -7.71195e-15 -1 -6.56764e-15
vn -7.71195e-15 -1 -6.56764e-15
vn -7.71195e-15 -1 -6.56764e-15
vn -7.71195e-15 -1 -6.56764e-15
vn -7.71195e-15 -1 -6.56764e-15
vn -7.71195e-15 -1 -6.56764e-15
vn -7.71195e-15 -1 -6.56764e-15
vn -7.71195e-15 -1 -6.56764e-15
vn -7.71195e-15 -1 -6.56764e-15
vn -7.71195e-15 -1 -6.56764e-15
vn -7.71195e-15 -1 -6.56764e-15
vn -7.71195e-15 -1 -6.56764e-15
vn -7.71195e-15 -1 -6.56764e-15
vn -7.71195e-15 -1 -6.56764e-15
vn -7.71195e-15 -1 -6.56764e-15
vn -7.71195e-15 -1 -6.56764e-15
vn -7.71195e-15 -1 -6.56764e-15
vn -7.71195e-15 -1 -6.56764e-15
vn -7.71195e-15 -1 -6.56764e-15
vn -7.71195e-15 -1 -6.56764e-15
vn -7.71195e-15 -1 -6.56764e-15
vn -7.71195e-15 -1 -6.56764e-15
vn -7.71195e-15 -1 -6.56764e-15
vn -7.71195e-15 -1 -6.56764e-15
vn -7.71195e-15 -1 -6.56764e-15
vn -7.71195e-15 -1 -6.56764e-15
vn -7.71195e-15 -1 -6.56764e-15
vn -7.71195e-15 -1 -6.56764e-15
vn -7.71195e-15 -1 -6.56764e-15
vn -7.71195e-15 -1 -6.56764e-15
vn -7.71195e-15 -1 -6.56764e-15
vn -7.71195e-15 -1 -6.56764e-15
vn -7.71195e-15 -1 -6.56764e-15
vn -7.71195e-15 -1 -6.56764e-15
vn -7.71195e-15 -1 -6.56764e-15
vn -7.71195e-15 -1 -6.56764e-15
vn -7.71195e-15 -1 -6.56764e-15
vn -7.71195e-15 -1 -6.56764e-15
vn -7.71195e-15 -1 -6.56764e-15
vn -7.71195e-15 -1 -6.56764e-15
vn -7.71195e-15 -1 -6.56764e-15
vn -7.71195e-15 -1 -6.56764e-15
vn -7.71195e-15 -1 -6.56764e-15
vn -7.71195e-15 -1 -6.56764e-15
vn -7.71195e-15 -1 -6.56764e-15
vn -7.71195e-15 -1 -6.56764e-15
vn -7.71195e-15 -1 -6.56764e-15
vn -7.71195e-15 -1 -6.56764e-15
vn -7.71195e-15 -1 -6.56764e-15
vn -7.71195e-15 -1 -6.56764e-15
vn -7.71195e-15 -1 -6.56764e-15
vn -7.71195e-15 -1 -6.56764e-15
vn -7.71195e-15 -1 -6.56764e-15
vn -7.71195e-15 -1 -6.56764e-15
vn -7.71195e-15 -1 -6.56764e-15
vn -7.71195e-15 -1 -6.56764e-15
vn -7.71195e-15 -1 -6.56764e-15
vn -7.71195e-15 -1 -6.56764e-15
vn -7.71195e-15 -1 -6.56764e-15
vn -7.71195e-15 -1 -6.56764e-15
vn -7.71195e-15 -1 -6.56764e-15
vn -7.71195e-15 -1 -6.56764e-15
vn -7.71195e-15 -1 -6.56764e-15
vn -7.71195e-15 -1 -6.56764e-15
vn -7.71195e-15 -1 -6.56764e-15
vn -7.71195e-15 -1 -6.56764e-15
vn -7.71195e-15 -1 -6.56764e-15
vn -7.71195e-15 -1 -6.56764e-15
vn -7.71195e-15 -1 -6.56764e-15
vn -7.71195e-15 -1 -6.56764e-15
vn -7.71195e-15 -1 -6.56764e-15
vn -7.71195e-15 -1 -6.56764e-15
vn -7.71195e-15 -1 -6.56764e-15
vn -7.71195e-15 -1 -6.56764e-15
vn -7.71195e-15 -1 -6.56764e-15
vn -7.71195e-15 -1 -6.56764e-15
vn -7.71195e-15 -1 -6.56764e-15
vn -7.71195e-15 -1 -6.56764e-15
vn -7.71195e-15 -1 -6.56764e-15
vn -7.71195e-15 -1 -6.56764e-15
vn -7.71195e-15 -1 -6.56764e-15
vn -7.71195e-15 -1 -6.56764e-15
vn -7.71195e-15 -1 -6.56764e-15
vn -7.71195e-15 -1 -6.56764e-15
vn -7.71195e-15 -1 -6.56764e-15
vn -7.71195e-15 -1 -6.56764e-15
vn -7.71195e-15 -1 -6.56764e-15
vn -7.71195e-15 -1 -6.56764e-15
vn -7.71195e-15 -1 -6.56764e-15
vn -7.71195e-15 -1 -6.56764e-15
vn -7.71195e-15 -1 -6.56764e-15
vn -7.71195e-15 -1 -6.56764e-15
vn -7.71195e-15 -1 -6.56764e-15
vn -7.71195e-15 -1 -6.56764e-15
vn -7.71195e-15 -1 -6.56764e-15
vn -7.71195e-15 -1 -6.56764e-15
vn -7.71195e-15 -1 -6.56764e-15
vn -7.71195e-15 -1 -6.56764e-15
vn -7.71195e-15 -1 -6.56764e-15
vn -7.71195e-15 -1 -6.56764e-15
vn -7.71195e-15 -1 -6.56764e-15
vn -7.71195e-15 -1 -6.56764e-15
vn -7.71195e-15 -1 -6.56764e-15
vn -7.71195e-15 -1 -6.56764e-15
vn -7.71195e-15 -1 -6.56764e-15
vn -7.71195e-15 -1 -6.56764e-15
vn -7.71195e-15 -1 -6.56764e-15
vn -7.71195e-15 -1 -6.56764e-15
vn -7.71195e-15 -1 -6.56764e-15
vn -7.71195e-15 -1 -6.56764e-15
vn -7.71195e-15 -1 -6.56764e-15
vn -7.71195e-15 -1 -6.56764e-15
vn -7.71195e-15 -1 -6.56764e-15
vn -7.71195e-15 -1 -6.56764e-15
vn -7.71195e-15 -1 -6.56764e-15
vn -7.71195e-15 -1 -6.56764e-15
vn -7.71195e-15 -1 -6.56764e-15
vn -7.71195e-15 -1 -6.56764e-15
vn -7.71195e-15 -1 -6.56764e-15
vn -7.71195e-15 -1 -6.56764e-15
vn -7.71195e-15 -1 -6.56764e-15
vn -7.71195e-15 -1 -6.56764e-15
vn -7.71195e-15 -1 -6.56764e-15
vn -7.71195e-15 -1 -6.56764e-15
vn -7.71195e-15 -1 -6.56764e-15
vn -7.71195e-15 -1 -6.56764e-15
vn -7.71195e-15 -1 -6.56764e-15
vn -7.71195e-15 -1 -6.56764e-15
vn -7.71195e-15 -1 -6.56764e-15
vn -7.71195e-15 -1 -6.56764e-15
vn -7.71195e-15 -1 -6.56764e-15
vn -7.71195e-15 -1 -6.56764e-15
vn -7.71195e-15 -1 -6.56764e-15
vn -7.71195e-15 -1 -6.56764e-15
vn -7.71195e-15 -1 -6.56764e-15
vn -7.71195e-15 -1 -6.56764e-15
vn -7.71195e-15 -1 -6.56764e-15
vn -7.71195e-15 -1 -6.56764e-15
vn -7.71195e-15 -1 -6.56764e-15
vn -7.71195e-15 -1 -6.56764e-15
vn -7.71195e-15 -1 -6.56764e-15
vn -7.71195e-15 -1 -6.56764e-15
vn -7.71195e-15 -1 -6.56764e-15
vn -7.71195e-15 -1 -6.56764e-15
vn -7.71195e-15 -1 -6.56764e-15
vn -7.71195e-15 -1 -6.56764e-15
vn -7.71195e-15 -1 -6.56764e-15
vn -7.71195e-15 -1 -6.56764e-15
vn -7.71195e-15 -1 -6.56764e-15
vn -7.71195e-15 -1 -6.56764e-15
vn -7.71195e-15 -1 -6.56764e-15
vn -7.71195e-15 -1 -6.56764e-15
vn -7.71195e-15 -1 -6.56764e-15
vn -7.71195e-15 -1 -6.56764e-15
vn -7.71195e-15 -1 -6.56764e-15
vn -7.71195e-15 -1 -6.56764e-15
vn -7.71195e-15 -1 -6.56764e-15
vn -7.71195e-15 -1 -6.56764e-15
vn -7.71195e-15 -1 -6.56764e-15
vn -7.71195e-15 -1 -6.56764e-15
vn -7.71195e-15 -1 -6.56764e-15
vn -7.71195e-15 -1 -6.56764e-15
vn -7.71195e-15 -1 -6.56764e-15
vn -7.71195e-15 -1 -6.56764e-15
vn -7.71195e-15 -1 -6.56764e-15
vn -7.71195e-15 -1 -6.56764e-15
vn -7.71195e-15 -1 -6.56764e-15
vn -7.71195e-15 -1 -6.56764e-15
vn -7.71195e-15 -1 -6.56764e-15
vn -7.71195e-15 -1 -6.56764e-15
vn -7.71195e-15 -1 -6.56764e-15
vn -7.71195e-15 -1 -6.56764e-15
vn -7.71195e-15 -1 -6.56764e-15
vn -7.71195e-15 -1 -6.56764e-15
vn -7.71195e-15 -1 -6.56764e-15
vn -7.71195e-15 -1 -6.56764e-15
vn -7.71195e-15 -1 -6.56764e-15
vn -7.71195e-15 -1 -6.56764e-15
vn -7.71195e-15 -1 -6.56764e-15
vn -7.71195e-15 -1 -6.56764e-15
vn -7.71195e-15 -1 -6.56764e-15
vn -7.71195e-15 -1 -6.56764e-15
vn -7.71195e-15 -1 -6.56764e-15
vn -7.71195e-15 -1 -6.56764e-15
vn -7.71195e-15 -1 -6.56764e-15
vn -7.71195e-15 -1 -6.56764e-15
vn -7.71195e-15 -1 -6.56764e-15
vn -7.71195e-15 -1 -6.56764e-15
vn -7.71195e-15 -1 -6.56764e-15
vn -7.71195e-15 -1 -6.56764e-15
vn -7.71195e-15 -1 -6.56764e-15
vn -7.71195e-15 -1 -6.56764e-15
vn -7.71195e-15 -1 -6.56764e-15
vn -7.71195e-15 -1 -6.56764e-15
vn -7.71195e-15 -1 -6.56764e-15
vn -7.71195e-15 -1 -6.56764e-15
vn -7.71195e-15 -1 -6.56764e-15
vn -7.71195e-15 -1 -6.56764e-15
vn -7.71195e-15 -1 -6.56764e-15
vn -7.71195e-15 -1 -6.56764e-15
vn -7.71195e-15 -1 -6.56764e-15
vn -7.71195e-15 -1 -6.56764e-15
vn -7.71195e-15 -1 -6.56764e-15
vn -7.71195e-15 -1 -6.56764e-15
vn -7.71195e-15 -1 -6.56764e-15
vn -7.71195e-15 -1 -6.56764e-15
vn -7.71195e-15 -1 -6.56764e-15
vn -7.71195e-15 -1 -6.56764e-15
vn -7.71195e-15 -1 -6.56764e-15
vn -7.71195e-15 -1 -6.56764e-15
vn -7.71195e-15 -1 -6.56764e-15
vn -7.71195e-15 -1 -6.56764e-15
vn -7.71195e-15 -1 -6.56764e-15
vn -7.71195e-15 -1 -6.56764e-15
vn -7.71195e-15 -1 -6.56764e-15
vn -7.71195e-15 -1 -6.56764e-15
vn -7.71195e-15 -1 -6.56764e-15
vn -7.71195e-15 -1 -6.56764e-15
vn -7.71195e-15 -1 -6.56764e-15
vn -7.71195e-15 -1 -6.56764e-15
vn -7.71195e-15 -1 -6.56764e-15
vn -7.71195e-15 -1 -6.56764e-15
vn -7.71195e-15 -1 -6.56764e-15
vn -7.71195e-15 -1 -6.56764e-15
vn -7.71195e-15 -1 -6.56764e-15
vn -7.71195e-15 -1 -6.56764e-15
vn -7.71195e-15 -1 -6.56764e-15
vn -7.71195e-15 -1 -6.56764e-15
vn -7.71195e-15 -1 -6.56764e-15
vn -7.71195e-15 -1 -6.56764e-15
vn -7.71195e-15 -1 -6.56764e-15
vn -7.71195e-15 -1 -6.56764e-15
vn -7.71195e-15 -1 -6.56764e-15
vn -7.71195e-15 -1 -6.56764e-15
vn -7.71195e-15 -1 -6.56764e-15
vn -7.71195e-15 -1 -6.56764e-15
vn -7.71195e-15 -1 -6.56764e-15
vn -7.71195e-15 -1 -6.56764e-15
vn -7.71195e-15 -1 -6.56764e-15
vn -7.71195e-15 -1 -6.56764e-15
vn -7.71195e-15 -1 -6.56764e-15
vn -7.71195e-15 -1 -6.56764e-15
vn -7.71195e-15 -1 -6.56764e-15
vn -7.71195e-15 -1 -6.56764e-15
vn -7.71195e-15 -1 -6.56764e-15
vn -7.71195e-15 -1 -6.56764e-15
vn -7.71195e-15 -1 -6.56764e-15
vn -7.71195e-15 -1 -6.56764e-15
vn -7.71195e-15 -1 -6.56764e-15
vn -7.71195e-15 -1 -6.56764e-15
vn -7.71195e-15 -1 -6.56764e-15
vn -7.71195e-15 -1 -6.56764e-15
vn -7.71195e-15 -1 -6.56764e-15
vn -7.71195e-15 -1 -6.56764e-15
vn -7.71195e-15 -1 -6.56764e-15
vn -7.71195e-15 -1 -6.56764e-15
vn -7.71195e-15 -1 -6.56764e-15
vn -7.71195e-15 -1 -6.56764e-15
vn -7.71195e-15 -1 -6.56764e-15
vn -7.71195e-15 -1 -6.56764e-15
vn -7.71195e-15 -1 -6.56764e-15
vn -7.71195e-15 -1 -6.56764e-15
vn -7.71195e-15 -1 -6.56764e-15
vn -7.71195e-15 -1 -6.56764e-15
vn -7.71195e-15 -1 -6.56764e-15
vn -7.71195e-15 -1 -6.56764e-15
vn -7.71195e-15 -1 -6.56764e-15
vn -7.71195e-15 -1 -6.56764e-15
vn -7.71195e-15 -1 -6.56764e-15
vn -7.71195e-15 -1 -6.56764e-15
vn -7.71195e-15 -1 -6.56764e-15
vn -7.71195e-15 -1 -6.56764e-15
vn -7.71195e-15 -1 -6.56764e-15
vn -7.71195e-15 -1 -6.56764e-15
vn -7.71195e-15 -1 -6.56764e-15
vn -7.71195e-15 -1 -6.56764e-15
vn -7.71195e-15 -1 -6.56764e-15
vn -7.71195e-15 -1 -6.56764e-15
vn -7.71195e-15 -1 -6.56764e-15
vn -7.71195e-15 -1 -6.56764e-15
vn -7.71195e-15 -1 -6.56764e-15
vn -7.71195e-15 -1 -6.56764e-15
vn -7.71195e-15 -1 -6.56764e-15
vn -7.71195e-15 -1 -6.56764e-15
vn -7.71195e-15 -1 -6.56764e-15
vn -7.71195e-15 -1 -6.56764e-15
vn -7.71195e-15 -1 -6.56764e-15
vn -7.71195e-15 -1 -6.56764e-15
vn -7.71195e-15 -1 -6.56764e-15
vn -7.71195e-15 -1 -6.56764e-15
vn -7.71195e-15 -1 -6.56764e-15
vn -7.71195e-15 -1 -6.56764e-15
vn -7.71195e-15 -1 -6.56764e-15
vn -7.71195e-15 -1 -6.56764e-15
vn -7.71195e-15 -1 -6.56764e-15
vn -7.71195e-15 -1 -6.56764e-15
vn -7.71195e-15 -1 -6.56764e-15
vn -7.71195e-15 -1 -6.56764e-15
vn -7.71195e-15 -1 -6.56764e-15
vn -7.71195e-15 -1 -6.56764e-15
vn -7.71195e-15 -1 -6.56764e-15
vn -7.71195e-15 -1 -6.56764e-15
vn -7.71195e-15 -1 -6.56764e-15
vn -7.71195e-15 -1 -6.56764e-15
vn -7.71195e-15 -1 -6.56764e-15
vn -7.71195e-15 -1 -6.56764e-15
vn -7.71195e-15 -1 -6.56764e-15
vn -7.71195e-15 -1 -6.56764e-15
vn -7.71195e-15 -1 -6.56764e-15
vn -7.71195e-15 -1 -6.56764e-15
vn -7.71195e-15 -1 -6.56764e-15
vn -7.71195e-15 -1 -6.56764e-15
vn -7.71195e-15 -1 -6.56764e-15
vn -7.71195e-15 -1 -6.56764e-15
vn -7.71195e-15 -1 -6.56764e-15
vn -7.71195e-15 -1 -6.56764e-15
vn -7.71195e-15 -1 -6.56764e-15
vn -7.71195e-15 -1 -6.56764e-15
vn -7.71195e-15 -1 -6.56764e-15
vn -7.71195e-15 -1 -6.56764e-15
vn -7.71195e-15 -1 -6.56764e-15
vn -7.71195e-15 -1 -6.56764e-15
vn -7.71195e-15 -1 -6.56764e-15
vn -7.71195e-15 -1 -6.56764e-15
vn -7.71195e-15 -1 -6.56764e-15
vn -7.71195e-15 -1 -6.56764e-15
vn -7.71195e-15 -1 -6.56764e-15
vn -7.71195e-15 -1 -6.56764e-15
vn -7.71195e-15 -1 -6.56764e-15
vn -7.71195e-15 -1 -6.56764e-15
vn -7.71195e-15 -1 -6.56764e-15
vn -7.71195e-15 -1 -6.56764e-15
vn -7.71195e-15 -1 -6.56764e-15
vn -7.71195e-15 -1 -6.56764e-15
vn -7.71195e-15 -1 -6.56764e-15
vn -7.71195e-15 -1 -6.56764e-15
vn -7.71195e-15 -1 -6.56764e-15
vn -7.71195e-15 -1 -6.56764e-15
vn -7.71195e-15 -1 -6.56764e-15
vn -7.71195e-15 -1 -6.56764e-15
vn -7.71195e-15 -1 -6.56764e-15
vn -7.71195e-15 -1 -6.56764e-15
vn -7.71195e-15 -1 -6.56764e-15
vn -7.71195e-15 -1 -6.56764e-15
vn -7.71195e-15 -1 -6.56764e-15
vn -7.71195e-15 -1 -6.56764e-15
vn -7.71195e-15 -1 -6.56764e-15
vn -7.71195e-15 -1 -6.56764e-15
vn -7.71195e-15 -1 -6.56764e-15
vn -7.71195e-15 -1 -6.56764e-15
vn -7.71195e-15 -1 -6.56764e-15
vn -7.71195e-15 -1 -6.56764e-15
vn -7.71195e-15 -1 -6.56764e-15
vn -7.71195e-15 -1 -6.56764e-15
vn -7.71195e-15 -1 -6.56764e-15
vn -7.71195e-15 -1 -6.56764e-15
vn -7.71195e-15 -1 -6.56764e-15
vn -7.71195e-15 -1 -6.56764e-15
vn -7.71195e-15 -1 -6.56764e-15
vn -7.71195e-15 -1 -6.56764e-15
vn -7.71195e-15 -1 -6.56764e-15
vn -7.71195e-15 -1 -6.56764e-15
vn -7.71195e-15 -1 -6.56764e-15
vn -7.71195e-15 -1 -6.56764e-15
vn -7.71195e-15 -1 -6.56764e-15
vn -7.71195e-15 -1 -6.56764e-15
vn -7.71195e-15 -1 -6.56764e-15
vn -7.71195e-15 -1 -6.56764e-15
vn -7.71195e-15 -1 -6.56764e-15
vn -7.71195e-15 -1 -6.56764e-15
vn -7.71195e-15 -1 -6.56764e-15
vn -7.71195e-15 -1 -6.56764e-15
vn -7.71195e-15 -1 -6.56764e-15
vn -7.71195e-15 -1 -6.56764e-15
vn -7.71195e-15 -1 -6.56764e-15
vn -7.71195e-15 -1 -6.56764e-15
vn -7.71195e-15 -1 -6.56764e-15
vn -7.71195e-15 -1 -6.56764e-15
vn -7.71195e-15 -1 -6.56764e-15
vn -7.71195e-15 -1 -6.56764e-15
vn -7.71195e-15 -1 -6.56764e-15
vn -7.71195e-15 -1 -6.56764e-15
vn -7.71195e-15 -1 -6.56764e-15
vn -7.71195e-15 -1 -6.56764e-15
vn -7.71195e-15 -1 -6.56764e-15
vn -7.71195e-15 -1 -6.56764e-15
vn -7.71195e-15 -1 -6.56764e-15
vn -7.71195e-15 -1 -6.56764e-15
vn -7.71195e-15 -1 -6.56764e-15
vn -7.71195e-15 -1 -6.56764e-15
vn -7.71195e-15 -1 -6.56764e-15
vn -7.71195e-15 -1 -6.56764e-15
vn -7.71195e-15 -1 -6.56764e-15
vn -7.71195e-15 -1 -6.56764e-15
vn -7.71195e-15 -1 -6.56764e-15
vn -7.71195e-15 -1 -6.56764e-15
vn -7.71195e-15 -1 -6.56764e-15
vn -7.71195e-15 -1 -6.56764e-15
vn -7.71195e-15 -1 -6.56764e-15
vn -7.71195e-15 -1 -6.56764e-15
vn -7.71195e-15 -1 -6.56764e-15
vn -7.71195e-15 -1 -6.56764e-15
vn -7.71195e-15 -1 -6.56764e-15
vn -7.71195e-15 -1 -6.56764e-15
vn -7.71195e-15 -1 -6.56764e-15
vn -7.71195e-15 -1 -6.56764e-15
vn -7.71195e-15 -1 -6.56764e-15
vn -7.71195e-15 -1 -6.56764e-15
vn -7.71195e-15 -1 -6.56764e-15
vn -7.71195e-15 -1 -6.56764e-15
vn -7.71195e-15 -1 -6.56764e-15
vn -7.71195e-15 -1 -6.56764e-15
vn -7.71195e-15 -1 -6.56764e-15
vn -7.71195e-15 -1 -6.56764e-15
vn -7.71195e-15 -1 -6.56764e-15
vn -7.71195e-15 -1 -6.56764e-15
vn -7.71195e-15 -1 -6.56764e-15
vn -7.71195e-15 -1 -6.56764e-15
vn -7.71195e-15 -1 -6.56764e-15
vn -7.71195e-15 -1 -6.56764e-15
vn -7.71195e-15 -1 -6.56764e-15
vn -7.71195e-15 -1 -6.56764e-15
vn -7.71195e-15 -1 -6.56764e-15
vn -7.71195e-15 -1 -6.56764e-15
vn -7.71195e-15 -1 -6.56764e-15
vn -7.71195e-15 -1 -6.56764e-15
vn -7.71195e-15 -1 -6.56764e-15
vn -7.71195e-15 -1 -6.56764e-15
vn -7.71195e-15 -1 -6.56764e-15
vn -7.71195e-15 -1 -6.56764e-15
vn -7.71195e-15 -1 -6.56764e-15
vn -7.71195e-15 -1 -6.56764e-15
vn -7.71195e-15 -1 -6.56764e-15
vn -7.71195e-15 -1 -6.56764e-15
vn -7.71195e-15 -1 -6.56764e-15
vn -7.71195e-15 -1 -6.56764e-15
vn -7.71195e-15 -1 -6.56764e-15
vn -7.71195e-15 -1 -6.56764e-15
vn -7.71195e-15 -1 -6.56764e-15
vn -7.71195e-15 -1 -6.56764e-15
vn -7.71195e-15 -1 -6.56764e-15
vn -7.71195e-15 -1 -6.56764e-15
vn -7.71195e-15 -1 -6.56764e-15
vn -7.71195e-15 -1 -6.56764e-15
vn -7.71195e-15 -1 -6.56764e-15
vn -7.71195e-15 -1 -6.56764e-15
vn -7.71195e-15 -1 -6.56764e-15
vn -7.71195e-15 -1 -6.56764e-15
vn -7.71195e-15 -1 -6.56764e-15
vn -7.71195e-15 -1 -6.56764e-15
vn -7.71195e-15 -1 -6.56764e-15
vn -7.71195e-15 -1 -6.56764e-15
vn -7.71195e-15 -1 -6.56764e-15
vn -7.71195e-15 -1 -6.56764e-15
vn -7.71195e-15 -1 -6.56764e-15
vn -7.71195e-15 -1 -6.56764e-15
vn -7.71195e-15 -1 -6.56764e-15
vn -7.71195e-15 -1 -6.56764e-15
vn -7.71195e-15 -1 -6.56764e-15
vn -7.71195e-15 -1 -6.56764e-15
vn -7.71195e-15 -1 -6.56764e-15
vn -7.71195e-15 -1 -6.56764e-15
vn -7.71195e-15 -1 -6.56764e-15
vn -7.71195e-15 -1 -6.56764e-15
vn -7.71195e-15 -1 -6.56764e-15
vn -7.71195e-15 -1 -6.56764e-15
vn -7.71195e-15 -1 -6.56764e-15
vn -7.71195e-15 -1 -6.56764e-15
vn -7.71195e-15 -1 -6.56764e-15
vn -7.71195e-15 -1 -6.56764e-15
vn -7.71195e-15 -1 -6.56764e-15
vn -7.71195e-15 -1 -6.56764e-15
vn -7.71195e-15 -1 -6.56764e-15
vn -7.71195e-15 -1 -6.56764e-15
vn -7.71195e-15 -1 -6.56764e-15
vn -7.71195e-15 -1 -6.56764e-15
vn -7.71195e-15 -1 -6.56764e-15
vn -7.71195e-15 -1 -6.56764e-15
vn -7.71195e-15 -1 -6.56764e-15
vn -7.71195e-15 -1 -6.56764e-15
vn -7.71195e-15 -1 -6.56764e-15
vn -7.71195e-15 -1 -6.56764e-15
vn -7.71195e-15 -1 -6.56764e-15
vn -7.71195e-15 -1 -6.56764e-15
vn -7.71195e-15 -1 -6.56764e-15
vn -7.71195e-15 -1 -6.56764e-15
vn -7.71195e-15 -1 -6.56764e-15
vn -7.71195e-15 -1 -6.56764e-15
vn -7.71195e-15 -1 -6.56764e-15
vn -7.71195e-15 -1 -6.56764e-15
vn -7.71195e-15 -1 -6.56764e-15
vn -7.71195e-15 -1 -6.56764e-15
vn -7.71195e-15 -1 -6.56764e-15
vn -7.71195e-15 -1 -6.56764e-15
vn -7.71195e-15 -1 -6.56764e-15
vn -7.71195e-15 -1 -6.56764e-15
vn -7.71195e-15 -1 -6.56764e-15
vn -7.71195e-15 -1 -6.56764e-15
vn -7.71195e-15 -1 -6.56764e-15
vn -7.71195e-15 -1 -6.56764e-15
vn -7.71195e-15 -1 -6.56764e-15
vn -7.71195e-15 -1 -6.56764e-15
vn -7.71195e-15 -1 -6.56764e-15
vn -7.71195e-15 -1 -6.56764e-15
vn -7.71195e-15 -1 -6.56764e-15
vn -7.71195e-15 -1 -6.56764e-15
vn -7.71195e-15 -1 -6.56764e-15
vn -7.71195e-15 -1 -6.56764e-15
vn -7.71195e-15 -1 -6.56764e-15
vn -7.71195e-15 -1 -6.56764e-15
vn -7.71195e-15 -1 -6.56764e-15
vn -7.71195e-15 -1 -6.56764e-15
vn -7.71195e-15 -1 -6.56764e-15
vn -7.71195e-15 -1 -6.56764e-15
vn -7.71195e-15 -1 -6.56764e-15
vn -7.71195e-15 -1 -6.56764e-15
vn -7.71195e-15 -1 -6.56764e-15
vn -7.71195e-15 -1 -6.56764e-15
vn -7.71195e-15 -1 -6.56764e-15
vn -7.71195e-15 -1 -6.56764e-15
vn -7.71195e-15 -1 -6.56764e-15
vn -7.71195e-15 -1 -6.56764e-15
vn -7.71195e-15 -1 -6.56764e-15
vn -7.71195e-15 -1 -6.56764e-15
vn -7.71195e-15 -1 -6.56764e-15
vn -7.71195e-15 -1 -6.56764e-15
vn -7.71195e-15 -1 -6.56764e-15
vn -7.71195e-15 -1 -6.56764e-15
vn -7.71195e-15 -1 -6.56764e-15
vn -7.71195e-15 -1 -6.56764e-15
vn -7.71195e-15 -1 -6.56764e-15
vn -7.71195e-15 -1 -6.56764e-15
vn -7.71195e-15 -1 -6.56764e-15
vn -7.71195e-15 -1 -6.56764e-15
vn -7.71195e-15 -1 -6.56764e-15
vn -7.71195e-15 -1 -6.56764e-15
vn -7.71195e-15 -1 -6.56764e-15
vn -7.71195e-15 -1 -6.56764e-15
vn -7.71195e-15 -1 -6.56764e-15
vn -7.71195e-15 -1 -6.56764e-15
vn -7.71195e-15 -1 -6.56764e-15
vn -7.71195e-15 -1 -6.56764e-15
vn -7.71195e-15 -1 -6.56764e-15
vn -7.71195e-15 -1 -6.56764e-15
vn -7.71195e-15 -1 -6.56764e-15
vn -7.71195e-15 -1 -6.56764e-15
vn -7.71195e-15 -1 -6.56764e-15
vn -7.71195e-15 -1 -6.56764e-15
vn -7.71195e-15 -1 -6.56764e-15
vn -7.71195e-15 -1 -6.56764e-15
vn -7.71195e-15 -1 -6.56764e-15
vn -7.71195e-15 -1 -6.56764e-15
vn -7.71195e-15 -1 -6.56764e-15
vn -7.71195e-15 -1 -6.56764e-15
vn -7.71195e-15 -1 -6.56764e-15
vn -7.71195e-15 -1 -6.56764e-15
vn -7.71195e-15 -1 -6.56764e-15
vn -7.71195e-15 -1 -6.56764e-15
vn -7.71195e-15 -1 -6.56764e-15
vn -7.71195e-15 -1 -6.56764e-15
vn -7.71195e-15 -1 -6.56764e-15
vn -7.71195e-15 -1 -6.56764e-15
vn -7.71195e-15 -1 -6.56764e-15
vn -7.71195e-15 -1 -6.56764e-15
vn -7.71195e-15 -1 -6.56764e-15
vn -7.71195e-15 -1 -6.56764e-15
vn -7.71195e-15 -1 -6.56764e-15
vn -7.71195e-15 -1 -6.56764e-15
vn -7.71195e-15 -1 -6.56764e-15
vn -7.71195e-15 -1 -6.56764e-15
vn -7.71195e-15 -1 -6.56764e-15
vn -7.71195e-15 -1 -6.56764e-15
vn -7.71195e-15 -1 -6.56764e-15
vn -7.71195e-15 -1 -6.56764e-15
vn -7.71195e-15 -1 -6.56764e-15
vn -7.71195e-15 -1 -6.56764e-15
vn -7.71195e-15 -1 -6.56764e-15
vn -7.71195e-15 -1 -6.56764e-15
vn -7.71195e-15 -1 -6.56764e-15
vn -7.71195e-15 -1 -6.56764e-15
vn -7.71195e-15 -1 -6.56764e-15
vn -7.71195e-15 -1 -6.56764e-15
vn -7.71195e-15 -1 -6.56764e-15
vn -7.71195e-15 -1 -6.56764e-15
vn -7.71195e-15 -1 -6.56764e-15
vn -7.71195e-15 -1 -6.56764e-15
vn -7.71195e-15 -1 -6.56764e-15
vn -7.71195e-15 -1 -6.56764e-15
vn -7.71195e-15 -1 -6.56764e-15
vn -7.71195e-15 -1 -6.56764e-15
vn -7.71195e-15 -1 -6.56764e-15
vn -7.71195e-15 -1 -6.56764e-15
vn -7.71195e-15 -1 -6.56764e-15
vn -7.71195e-15 -1 -6.56764e-15
vn -7.71195e-15 -1 -6.56764e-15
vn -7.71195e-15 -1 -6.56764e-15
vn -7.71195e-15 -1 -6.56764e-15
vn -7.71195e-15 -1 -6.56764e-15
vn -7.71195e-15 -1 -6.56764e-15
vn -7.71195e-15 -1 -6.56764e-15
vn -7.71195e-15 -1 -6.56764e-15
vn -7.71195e-15 -1 -6.56764e-15
vn -7.71195e-15 -1 -6.56764e-15
vn -7.71195e-15 -1 -6.56764e-15
vn -7.71195e-15 -1 -6.56764e-15
vn -7.71195e-15 -1 -6.56764e-15
vn -7.71195e-15 -1 -6.56764e-15
vn -7.71195e-15 -1 -6.56764e-15
vn -7.71195e-15 -1 -6.56764e-15
vn -7.71195e-15 -1 -6.56764e-15
vn -7.71195e-15 -1 -6.56764e-15
vn -7.71195e-15 -1 -6.56764e-15
vn -7.71195e-15 -1 -6.56764e-15
vn -7.71195e-15 -1 -6.56764e-15
vn -7.71195e-15 -1 -6.56764e-15
vn -7.71195e-15 -1 -6.56764e-15
vn -7.71195e-15 -1 -6.56764e-15
vn -7.71195e-15 -1 -6.56764e-15
vn -7.71195e-15 -1 -6.56764e-15
vn -7.71195e-15 -1 -6.56764e-15
vn -7.71195e-15 -1 -6.56764e-15
vn -7.71195e-15 -1 -6.56764e-15
vn -7.71195e-15 -1 -6.56764e-15
vn -7.71195e-15 -1 -6.56764e-15
vn -7.71195e-15 -1 -6.56764e-15
vn -7.71195e-15 -1 -6.56764e-15
vn -7.71195e-15 -1 -6.56764e-15
vn -7.71195e-15 -1 -6.56764e-15
vn -7.71195e-15 -1 -6.56764e-15
vn -7.71195e-15 -1 -6.56764e-15
vn -7.71195e-15 -1 -6.56764e-15
vn -7.71195e-15 -1 -6.56764e-15
vn -7.71195e-15 -1 -6.56764e-15
vn -7.71195e-15 -1 -6.56764e-15
vn -7.71195e-15 -1 -6.56764e-15
vn -7.71195e-15 -1 -6.56764e-15
vn -7.71195e-15 -1 -6.56764e-15
vn -7.71195e-15 -1 -6.56764e-15
vn -7.71195e-15 -1 -6.56764e-15
vn -7.71195e-15 -1 -6.56764e-15
vn -7.71195e-15 -1 -6.56764e-15
vn -7.71195e-15 -1 -6.56764e-15
vn -7.71195e-15 -1 -6.56764e-15
vn -7.71195e-15 -1 -6.56764e-15
vn -7.71195e-15 -1 -6.56764e-15
vn -7.71195e-15 -1 -6.56764e-15
vn -7.71195e-15 -1 -6.56764e-15
vn -7.71195e-15 -1 -6.56764e-15
vn -7.71195e-15 -1 -6.56764e-15
vn -7.71195e-15 -1 -6.56764e-15
vn -7.71195e-15 -1 -6.56764e-15
vn -7.71195e-15 -1 -6.56764e-15
vn -7.71195e-15 -1 -6.56764e-15
vn -7.71195e-15 -1 -6.56764e-15
vn -7.71195e-15 -1 -6.56764e-15
vn -7.71195e-15 -1 -6.56764e-15
vn -7.71195e-15 -1 -6.56764e-15
vn -7.71195e-15 -1 -6.56764e-15
vn -7.71195e-15 -1 -6.56764e-15
vn -7.71195e-15 -1 -6.56764e-15
vn -7.71195e-15 -1 -6.56764e-15
vn -7.71195e-15 -1 -6.56764e-15
vn -7.71195e-15 -1 -6.56764e-15
vn -7.71195e-15 -1 -6.56764e-15
vn -7.71195e-15 -1 -6.56764e-15
vn -7.71195e-15 -1 -6.56764e-15
vn -7.71195e-15 -1 -6.56764e-15
vn -7.71195e-15 -1 -6.56764e-15
vn -7.71195e-15 -1 -6.56764e-15
vn -7.71195e-15 -1 -6.56764e-15
vn -7.71195e-15 -1 -6.56764e-15
vn -7.71195e-15 -1 -6.56764e-15
vn -7.71195e-15 -1 -6.56764e-15
vn -7.71195e-15 -1 -6.56764e-15
vn -7.71195e-15 -1 -6.56764e-15
vn -7.71195e-15 -1 -6.56764e-15
vn -7.71195e-15 -1 -6.56764e-15
vn -7.71195e-15 -1 -6.56764e-15
vn -7.71195e-15 -1 -6.56764e-15
vn -7.71195e-15 -1 -6.56764e-15
vn -7.71195e-15 -1 -6.56764e-15
vn -7.71195e-15 -1 -6.56764e-15
vn -7.71195e-15 -1 -6.56764e-15
vn -7.71195e-15 -1 -6.56764e-15
vn -7.71195e-15 -1 -6.56764e-15
vn -7.71195e-15 -1 -6.56764e-15
vn -7.71195e-15 -1 -6.56764e-15
vn -7.71195e-15 -1 -6.56764e-15
vn -7.71195e-15 -1 -6.56764e-15
vn -7.71195e-15 -1 -6.56764e-15
vn -7.71195e-15 -1 -6.56764e-15
vn -7.71195e-15 -1 -6.56764e-15
vn -7.71195e-15 -1 -6.56764e-15
vn -7.71195e-15 -1 -6.56764e-15
vn -7.71195e-15 -1 -6.56764e-15
vn -7.71195e-15 -1 -6.56764e-15
vn -7.71195e-15 -1 -6.56764e-15
vn -7.71195e-15 -1 -6.56764e-15
vn -7.71195e-15 -1 -6.56764e-15
vn -7.71195e-15 -1 -6.56764e-15
vn -7.71195e-15 -1 -6.56764e-15
vn -7.71195e-15 -1 -6.56764e-15
vn -7.71195e-15 -1 -6.56764e-15
vn -7.71195e-15 -1 -6.56764e-15
vn -7.71195e-15 -1 -6.56764e-15
vn -7.71195e-15 -1 -6.56764e-15
vn -7.71195e-15 -1 -6.56764e-15
vn -7.71195e-15 -1 -6.56764e-15
vn -0.827291 9.90039e-18 -0.561773
vn -0.825555 1.04024e-17 -0.564322
vn -0.827291 9.90039e-18 -0.561773
vn -0.829007 9.40203e-18 -0.559238
vn -0.829007 9.40203e-18 -0.559238
vn -0.827291 9.90039e-18 -0.561773
vn -0.827291 9.90039e-18 -0.561773
vn -0.827291 9.90039e-18 -0.561773
vn -0.829007 9.40203e-18 -0.559238
vn -0.829007 9.40203e-18 -0.559238
vn -0.830758 8.89097e-18 -0.556634
vn -0.830758 8.89097e-18 -0.556634
vn -0.830758 8.89097e-18 -0.556634
vn -0.829007 9.40203e-18 -0.559238
vn -0.829007 9.40203e-18 -0.559238
vn -0.832575 8.35791e-18 -0.553912
vn -0.830758 8.89097e-18 -0.556634
vn -0.832575 8.35791e-18 -0.553912
vn -0.830758 8.89097e-18 -0.556634
vn -0.832575 8.35791e-18 -0.553912
vn -0.830758 8.89097e-18 -0.556634
vn -0.834458 7.80283e-18 -0.551072
vn -0.834458 7.80283e-18 -0.551072
vn -0.832575 8.35791e-18 -0.553912
vn -0.832575 8.35791e-18 -0.553912
vn -0.832575 8.35791e-18 -0.553912
vn -0.834458 7.80283e-18 -0.551072
vn -0.834458 7.80283e-18 -0.551072
vn -0.836405 7.22569e-18 -0.548113
vn -0.836405 7.22569e-18 -0.548113
vn -0.836405 7.22569e-18 -0.548113
vn -0.834458 7.80283e-18 -0.551072
vn -0.834458 7.80283e-18 -0.551072
vn -0.838414 6.6265e-18 -0.545033
vn -0.836405 7.22569e-18 -0.548113
vn -0.838414 6.6265e-18 -0.545033
vn -0.836405 7.22569e-18 -0.548113
vn -0.838414 6.6265e-18 -0.545033
vn -0.836405 7.22569e-18 -0.548113
vn -0.840486 6.00525e-18 -0.541833
vn -0.840486 6.00524e-18 -0.541833
vn -0.838414 6.6265e-18 -0.545033
vn -0.838414 6.6265e-18 -0.545033
vn -0.838414 6.6265e-18 -0.545033
vn -0.840486 6.00525e-18 -0.541833
vn -0.840486 6.00524e-18 -0.541833
vn -0.842603 5.36637e-18 -0.538535
vn -0.842603 5.36637e-18 -0.538535
vn -0.842603 5.36637e-18 -0.538535
vn -0.840486 6.00524e-18 -0.541833
vn -0.840486 6.00525e-18 -0.541833
vn -0.844617 4.75478e-18 -0.53537
vn -0.842603 5.36637e-18 -0.538535
vn -0.844617 4.75478e-18 -0.53537
vn -0.842603 5.36637e-18 -0.538535
vn -0.844617 4.75478e-18 -0.53537
vn -0.842603 5.36637e-18 -0.538535
vn -0.846493 4.18205e-18 -0.5324
vn -0.846493 4.18205e-18 -0.5324
vn -0.844617 4.75478e-18 -0.53537
vn -0.844617 4.75478e-18 -0.53537
vn -0.844617 4.75478e-18 -0.53537
vn -0.846493 4.18205e-18 -0.5324
vn -0.846493 4.18205e-18 -0.5324
vn -0.848232 3.64822e-18 -0.529626
vn -0.848232 3.64822e-18 -0.529626
vn -0.848232 3.64822e-18 -0.529626
vn -0.846493 4.18205e-18 -0.5324
vn -0.846493 4.18205e-18 -0.5324
vn -0.849835 3.15329e-18 -0.527049
vn -0.848232 3.64822e-18 -0.529626
vn -0.849835 3.15329e-18 -0.527049
vn -0.848232 3.64822e-18 -0.529626
vn -0.849835 3.15329e-18 -0.527049
vn -0.848232 3.64822e-18 -0.529626
vn -0.851306 2.69727e-18 -0.52467
vn -0.851306 2.69727e-18 -0.52467
vn -0.849835 3.15329e-18 -0.527049
vn -0.849835 3.15329e-18 -0.527049
vn -0.849835 3.15329e-18 -0.527049
vn -0.851306 2.69727e-18 -0.52467
vn -0.851306 2.69727e-18 -0.52467
vn -0.852645 2.28017e-18 -0.522491
vn -0.852645 2.28017e-18 -0.522491
vn -0.852645 2.28017e-18 -0.522491
vn -0.851306 2.69727e-18 -0.52467
vn -0.851306 2.69727e-18 -0.52467
vn -0.853906 1.88557e-18 -0.520427
vn -0.852645 2.28017e-18 -0.522491
vn -0.853906 1.88557e-18 -0.520427
vn -0.852645 2.28017e-18 -0.522491
vn -0.853906 1.88557e-18 -0.520427
vn -0.852645 2.28017e-18 -0.522491
vn -0.855301 1.44748e-18 -0.518131
vn -0.855301 1.44748e-18 -0.518131
vn -0.853906 1.88557e-18 -0.520427
vn -0.853906 1.88557e-18 -0.520427
vn -0.853906 1.88557e-18 -0.520427
vn -0.855301 1.44748e-18 -0.518131
vn -0.855301 1.44748e-18 -0.518131
vn -0.856849 9.58931e-19 -0.515567
vn -0.856849 9.58931e-19 -0.515567
vn -0.856849 9.58931e-19 -0.515567
vn -0.855301 1.44748e-18 -0.518131
vn -0.855301 1.44748e-18 -0.518131
vn -0.858548 4.19939e-19 -0.512732
vn -0.856849 9.58931e-19 -0.515567
vn -0.858548 4.19939e-19 -0.512732
vn -0.856849 9.58931e-19 -0.515567
vn -0.858548 4.19939e-19 -0.512732
vn -0.856849 9.58931e-19 -0.515567
vn -0.860396 -1.69544e-19 -0.509626
vn -0.860396 -1.69544e-19 -0.509626
vn -0.858548 4.19939e-19 -0.512732
vn -0.858548 4.19939e-19 -0.512732
vn -0.858548 4.19939e-19 -0.512732
vn -0.860396 -1.69544e-19 -0.509626
vn -0.860396 -1.69544e-19 -0.509626
vn -0.862389 -8.09484e-19 -0.506246
vn -0.862389 -8.09484e-19 -0.506246
vn -0.862389 -8.09484e-19 -0.506246
vn -0.860396 -1.69544e-19 -0.509626
vn -0.860396 -1.69544e-19 -0.509626
vn -0.864524 -1.49991e-18 -0.502591
vn -0.862389 -8.09484e-19 -0.506246
vn -0.864524 -1.49991e-18 -0.502591
vn -0.862389 -8.09484e-19 -0.506246
vn -0.864524 -1.49991e-18 -0.502591
vn -0.862389 -8.09484e-19 -0.506246
vn -0.866636 -2.18765e-18 -0.498941
vn -0.866636 -2.18765e-18 -0.498941
vn -0.864524 -1.49991e-18 -0.502591
vn -0.864524 -1.49991e-18 -0.502591
vn -0.864524 -1.49991e-18 -0.502591
vn -0.866636 -2.18765e-18 -0.498941
vn -0.866636 -2.18765e-18 -0.498941
vn -0.868417 -2.77163e-18 -0.495835
vn -0.868417 -2.77163e-18 -0.495835
vn -0.868417 -2.77163e-18 -0.495835
vn -0.866636 -2.18765e-18 -0.498941
vn -0.866636 -2.18765e-18 -0.498941
vn -0.869866 -3.24938e-18 -0.493288
vn -0.868417 -2.77163e-18 -0.495835
vn -0.869866 -3.24938e-18 -0.493288
vn -0.868417 -2.77163e-18 -0.495835
vn -0.869866 -3.24938e-18 -0.493288
vn -0.868417 -2.77163e-18 -0.495835
vn -0.870988 -3.62094e-18 -0.491305
vn -0.870988 -3.62094e-18 -0.491305
vn -0.869866 -3.24938e-18 -0.493288
vn -0.869866 -3.24938e-18 -0.493288
vn -0.869866 -3.24938e-18 -0.493288
vn -0.870988 -3.62094e-18 -0.491305
vn -0.870988 -3.62094e-18 -0.491305
vn -0.871786 -3.88631e-18 -0.489887
vn -0.871786 -3.88631e-18 -0.489887
vn -0.871786 -3.88631e-18 -0.489887
vn -0.870988 -3.62094e-18 -0.491305
vn -0.870988 -3.62094e-18 -0.491305
vn -0.872264 -4.04552e-18 -0.489035
vn -0.871786 -3.88631e-18 -0.489887
vn -0.872264 -4.04552e-18 -0.489035
vn -0.871786 -3.88631e-18 -0.489887
vn -0.872264 -4.04552e-18 -0.489035
vn -0.871786 -3.88631e-18 -0.489887
vn -0.872423 -4.09859e-18 -0.488751
vn -0.872423 -4.09859e-18 -0.488751
vn -0.872264 -4.04552e-18 -0.489035
vn -0.872264 -4.04552e-18 -0.489035
vn -0.872264 -4.04552e-18 -0.489035
vn -0.872423 -4.09859e-18 -0.488751
vn -0.827291 9.90039e-18 -0.561773
vn -0.825555 1.04024e-17 -0.564322
vn -0.825555 1.04024e-17 -0.564322
vn -0.823797 1.09083e-17 -0.566885
vn -0.825555 1.04024e-17 -0.564322
vn -0.823797 1.09083e-17 -0.566885
vn -0.825555 1.04024e-17 -0.564322
vn -0.823797 1.09083e-17 -0.566885
vn -0.825555 1.04024e-17 -0.564322
vn -0.822016 1.14182e-17 -0.569464
vn -0.822016 1.14182e-17 -0.569464
vn -0.823797 1.09083e-17 -0.566885
vn -0.823797 1.09083e-17 -0.566885
vn -0.823797 1.09083e-17 -0.566885
vn -0.822016 1.14182e-17 -0.569464
vn -0.822016 1.14182e-17 -0.569464
vn -0.820214 1.1932e-17 -0.572057
vn -0.820214 1.1932e-17 -0.572057
vn -0.820214 1.1932e-17 -0.572057
vn -0.822016 1.14182e-17 -0.569464
vn -0.822016 1.14182e-17 -0.569464
vn -0.818389 1.24497e-17 -0.574665
vn -0.820214 1.1932e-17 -0.572057
vn -0.818389 1.24497e-17 -0.574665
vn -0.820214 1.1932e-17 -0.572057
vn -0.818389 1.24497e-17 -0.574665
vn -0.820214 1.1932e-17 -0.572057
vn -0.816541 1.29713e-17 -0.577287
vn -0.816541 1.29713e-17 -0.577287
vn -0.818389 1.24497e-17 -0.574665
vn -0.818389 1.24497e-17 -0.574665
vn -0.818389 1.24497e-17 -0.574665
vn -0.816541 1.29713e-17 -0.577287
vn -0.816541 1.29713e-17 -0.577287
vn -0.81469 1.34914e-17 -0.579897
vn -0.81469 1.34914e-17 -0.579897
vn -0.81469 1.34914e-17 -0.579897
vn -0.816541 1.29713e-17 -0.577287
vn -0.816541 1.29713e-17 -0.577287
vn -0.812862 1.40026e-17 -0.582457
vn -0.81469 1.34914e-17 -0.579897
vn -0.812862 1.40026e-17 -0.582457
vn -0.81469 1.34914e-17 -0.579897
vn -0.812862 1.40026e-17 -0.582457
vn -0.81469 1.34914e-17 -0.579897
vn -0.811057 1.45051e-17 -0.584968
vn -0.811057 1.45051e-17 -0.584968
vn -0.812862 1.40026e-17 -0.582457
vn -0.812862 1.40026e-17 -0.582457
vn -0.812862 1.40026e-17 -0.582457
vn -0.811057 1.45051e-17 -0.584968
vn -0.811057 1.45051e-17 -0.584968
vn -0.809275 1.49988e-17 -0.58743
vn -0.809275 1.49988e-17 -0.58743
vn -0.809275 1.49988e-17 -0.58743
vn -0.811057 1.45051e-17 -0.584968
vn -0.811057 1.45051e-17 -0.584968
vn -0.807517 1.54837e-17 -0.589844
vn -0.809275 1.49988e-17 -0.58743
vn -0.807517 1.54837e-17 -0.589844
vn -0.809275 1.49988e-17 -0.58743
vn -0.807517 1.54837e-17 -0.589844
vn -0.809275 1.49988e-17 -0.58743
vn -0.805784 1.59598e-17 -0.59221
vn -0.805784 1.59598e-17 -0.59221
vn -0.807517 1.54837e-17 -0.589844
vn -0.807517 1.54837e-17 -0.589844
vn -0.807517 1.54837e-17 -0.589844
vn -0.805784 1.59598e-17 -0.59221
vn -0.805784 1.59598e-17 -0.59221
vn -0.804075 1.64272e-17 -0.594528
vn -0.804075 1.64272e-17 -0.594528
vn -0.804075 1.64272e-17 -0.594528
vn -0.805784 1.59598e-17 -0.59221
vn -0.805784 1.59598e-17 -0.59221
vn -0.802386 1.68874e-17 -0.596806
vn -0.804075 1.64272e-17 -0.594528
vn -0.802386 1.68874e-17 -0.596806
vn -0.804075 1.64272e-17 -0.594528
vn -0.802386 1.68874e-17 -0.596806
vn -0.804075 1.64272e-17 -0.594528
vn -0.800694 1.73461e-17 -0.599073
vn -0.800694 1.73461e-17 -0.599073
vn -0.802386 1.68874e-17 -0.596806
vn -0.802386 1.68874e-17 -0.596806
vn -0.802386 1.68874e-17 -0.596806
vn -0.800694 1.73461e-17 -0.599073
vn -0.800694 1.73461e-17 -0.599073
vn -0.799 1.78039e-17 -0.601331
vn -0.799 1.78039e-17 -0.601331
vn -0.799 1.78039e-17 -0.601331
vn -0.800694 1.73461e-17 -0.599073
vn -0.800694 1.73461e-17 -0.599073
vn -0.797303 1.82606e-17 -0.60358
vn -0.799 1.78039e-17 -0.601331
vn -0.797303 1.82606e-17 -0.60358
vn -0.799 1.78039e-17 -0.601331
vn -0.797303 1.82606e-17 -0.60358
vn -0.799 1.78039e-17 -0.601331
vn -0.795602 1.87163e-17 -0.605819
vn -0.795602 1.87163e-17 -0.605819
vn -0.797303 1.82606e-17 -0.60358
vn -0.797303 1.82606e-17 -0.60358
vn -0.797303 1.82606e-17 -0.60358
vn -0.795602 1.87163e-17 -0.605819
vn -0.795602 1.87163e-17 -0.605819
vn -0.793899 1.9171e-17 -0.60805
vn -0.793899 1.9171e-17 -0.60805
vn -0.793899 1.9171e-17 -0.60805
vn -0.795602 1.87163e-17 -0.605819
vn -0.795602 1.87163e-17 -0.605819
vn -0.792192 1.96247e-17 -0.610272
vn -0.793899 1.9171e-17 -0.60805
vn -0.792192 1.96247e-17 -0.610272
vn -0.793899 1.9171e-17 -0.60805
vn -0.792192 1.96247e-17 -0.610272
vn -0.793899 1.9171e-17 -0.60805
vn -0.790482 2.00775e-17 -0.612485
vn -0.790482 2.00775e-17 -0.612485
vn -0.792192 1.96247e-17 -0.610272
vn -0.792192 1.96247e-17 -0.610272
vn -0.792192 1.96247e-17 -0.610272
vn -0.790482 2.00775e-17 -0.612485
vn -0.790482 2.00775e-17 -0.612485
vn -0.788877 2.05008e-17 -0.614551
vn -0.788877 2.05008e-17 -0.614551
vn -0.788877 2.05008e-17 -0.614551
vn -0.790482 2.00775e-17 -0.612485
vn -0.790482 2.00775e-17 -0.612485
vn -0.787482 2.08676e-17 -0.616338
vn -0.788877 2.05008e-17 -0.614551
vn -0.787482 2.08676e-17 -0.616338
vn -0.788877 2.05008e-17 -0.614551
vn -0.787482 2.08676e-17 -0.616338
vn -0.788877 2.05008e-17 -0.614551
vn -0.786298 2.11779e-17 -0.617847
vn -0.786298 2.11779e-17 -0.617847
vn -0.787482 2.08676e-17 -0.616338
vn -0.787482 2.08676e-17 -0.616338
vn -0.787482 2.08676e-17 -0.616338
vn -0.786298 2.11779e-17 -0.617847
vn -0.786298 2.11779e-17 -0.617847
vn -0.785327 2.14317e-17 -0.619081
vn -0.785327 2.14317e-17 -0.619081
vn -0.785327 2.14317e-17 -0.619081
vn -0.786298 2.11779e-17 -0.617847
vn -0.786298 2.11779e-17 -0.617847
vn -0.784571 2.16291e-17 -0.620039
vn -0.785327 2.14317e-17 -0.619081
vn -0.784571 2.16291e-17 -0.620039
vn -0.785327 2.14317e-17 -0.619081
vn -0.784571 2.16291e-17 -0.620039
vn -0.785327 2.14317e-17 -0.619081
vn -0.78403 2.177e-17 -0.620723
vn -0.78403 2.177e-17 -0.620723
vn -0.784571 2.16291e-17 -0.620039
vn -0.784571 2.16291e-17 -0.620039
vn -0.784571 2.16291e-17 -0.620039
vn -0.78403 2.177e-17 -0.620723
vn -0.78403 2.177e-17 -0.620723
vn -0.783705 2.18546e-17 -0.621133
vn -0.783705 2.18546e-17 -0.621133
vn -0.783705 2.18546e-17 -0.621133
vn -0.78403 2.177e-17 -0.620723
vn -0.78403 2.177e-17 -0.620723
vn -0.783705 2.18546e-17 -0.621133
vn -0.783597 2.18828e-17 -0.62127
vn -0.783705 2.18546e-17 -0.621133
vn -0.783705 2.18546e-17 -0.621133
vn -0.783597 2.18828e-17 -0.62127
vn -0.783597 2.18828e-17 -0.62127
vn 1 8.32667e-17 1.46909e-17
vn 1 8.32667e-17 1.46909e-17
vn 1 8.32667e-17 1.46909e-17
vn 1 8.32667e-17 1.46909e-17
vn 1 8.32667e-17 1.46909e-17
vn 1 8.32667e-17 1.46909e-17
vn 1 8.32667e-17 1.46909e-17
vn 1 8.32667e-17 1.46909e-17
vn 1 8.32667e-17 1.46909e-17
vn 1 8.32667e-17 1.46909e-17
vn 1 8.32667e-17 1.46909e-17
vn 1 8.32667e-17 1.46909e-17
vn 1 8.32667e-17 1.46909e-17
vn 1 8.32667e-17 1.46909e-17
vn 1 8.32667e-17 1.46909e-17
vn 1 8.32667e-17 1.46909e-17
vn 1 8.32667e-17 1.46909e-17
vn 1 8.32667e-17 1.46909e-17
vn 1 8.32667e-17 1.46909e-17
vn 1 8.32667e-17 1.46909e-17
vn 1 8.32667e-17 1.46909e-17
vn 1 8.32667e-17 1.46909e-17
vn 1 8.32667e-17 1.46909e-17
vn 1 8.32667e-17 1.46909e-17
vn 1 8.32667e-17 1.46909e-17
vn 1 8.32667e-17 1.46909e-17
vn 1 8.32667e-17 1.46909e-17
vn 1 8.32667e-17 1.46909e-17
vn 1 8.32667e-17 1.46909e-17
vn 1 8.32667e-17 1.46909e-17
vn 1 8.32667e-17 1.46909e-17
vn 1 8.32667e-17 1.46909e-17
vn 1 8.32667e-17 1.46909e-17
vn 1 8.32667e-17 1.46909e-17
vn 1 8.32667e-17 1.46909e-17
vn 1 8.32667e-17 1.46909e-17
vn 1 8.32667e-17 1.46909e-17
vn 1 8.32667e-17 1.46909e-17
vn 1 8.32667e-17 1.46909e-17
vn 1 8.32667e-17 1.46909e-17
vn 1 8.32667e-17 1.46909e-17
vn 1 8.32667e-17 1.46909e-17
vn 1 8.32667e-17 1.46909e-17
vn 1 8.32667e-17 1.46909e-17
vn 1 8.32667e-17 1.46909e-17
vn 1 8.32667e-17 1.46909e-17
vn 1 8.32667e-17 1.46909e-17
vn 1 8.32667e-17 1.46909e-17
vn 1 8.32667e-17 1.46909e-17
vn 1 8.32667e-17 1.46909e-17
vn 1 8.32667e-17 1.46909e-17
vn 1 8.32667e-17 1.46909e-17
vn 1 8.32667e-17 1.46909e-17
vn 1 8.32667e-17 1.46909e-17
vn 1 8.32667e-17 1.46909e-17
vn 1 8.32667e-17 1.46909e-17
vn 1 8.32667e-17 1.46909e-17
vn 1 8.32667e-17 1.46909e-17
vn 1 8.32667e-17 1.46909e-17
vn 1 8.32667e-17 1.46909e-17
vn 1 8.32667e-17 1.46909e-17
vn 1 8.32667e-17 1.46909e-17
vn 1 8.32667e-17 1.46909e-17
vn 1 8.32667e-17 1.46909e-17
vn 1 8.32667e-17 1.46909e-17
vn 1 8.32667e-17 1.46909e-17
vn 1 8.32667e-17 1.46909e-17
vn 1 8.32667e-17 1.46909e-17
vn 1 8.32667e-17 1.46909e-17
vn 1 8.32667e-17 1.46909e-17
vn 1 8.32667e-17 1.46909e-17
vn 1 8.32667e-17 1.46909e-17
vn 1 8.32667e-17 1.46909e-17
vn 1 8.32667e-17 1.46909e-17
vn 1 8.32667e-17 1.46909e-17
vn 1 8.32667e-17 1.46909e-17
vn 1 8.32667e-17 1.46909e-17
vn 1 8.32667e-17 1.46909e-17
vn 1 8.32667e-17 1.46909e-17
vn 1 8.32667e-17 1.46909e-17
vn 1 8.32667e-17 1.46909e-17
vn 1 8.32667e-17 1.46909e-17
vn 1 8.32667e-17 1.46909e-17
vn 1 8.32667e-17 1.46909e-17
vn 1 8.32667e-17 1.46909e-17
vn 1 8.32667e-17 1.46909e-17
vn 1 8.32667e-17 1.46909e-17
vn 1 8.32667e-17 1.46909e-17
vn 1 8.32667e-17 1.46909e-17
vn 1 8.32667e-17 1.46909e-17
vn 1 8.32667e-17 1.46909e-17
vn 1 8.32667e-17 1.46909e-17
vn 1 8.32667e-17 1.46909e-17
vn 1 8.32667e-17 1.46909e-17
vn 1 8.32667e-17 1.46909e-17
vn 1 8.32667e-17 1.46909e-17
vn 1 8.32667e-17 1.46909e-17
vn 1 8.32667e-17 1.46909e-17
vn 1 8.32667e-17 1.46909e-17
vn 1 8.32667e-17 1.46909e-17
vn 1 8.32667e-17 1.46909e-17
vn 1 8.32667e-17 1.46909e-17
vn 1 8.32667e-17 1.46909e-17
vn 1 8.32667e-17 1.46909e-17
vn 1 8.32667e-17 1.46909e-17
vn 1 8.32667e-17 1.46909e-17
vn 1 8.32667e-17 1.46909e-17
vn 1 8.32667e-17 1.46909e-17
vn 1 8.32667e-17 1.46909e-17
vn 1 8.32667e-17 1.46909e-17
vn 1 8.32667e-17 1.46909e-17
vn 1 8.32667e-17 1.46909e-17
vn 1 8.32667e-17 1.46909e-17
vn 1 8.32667e-17 1.46909e-17
vn 1 8.32667e-17 1.46909e-17
vn 1 8.32667e-17 1.46909e-17
vn 1 8.32667e-17 1.46909e-17
vn 1 8.32667e-17 1.46909e-17
vn 1 8.32667e-17 1.46909e-17
vn 1 8.32667e-17 1.46909e-17
vn 1 8.32667e-17 1.46909e-17
vn 1 8.32667e-17 1.46909e-17
vn 1 8.32667e-17 1.46909e-17
vn 1 8.32667e-17 1.46909e-17
vn 1 8.32667e-17 1.46909e-17
vn 1 8.32667e-17 1.46909e-17
vn 1 8.32667e-17 1.46909e-17
vn 1 8.32667e-17 1.46909e-17
vn 1 8.32667e-17 1.46909e-17
vn 1 8.32667e-17 1.46909e-17
vn 1 8.32667e-17 1.46909e-17
vn 1 8.32667e-17 1.46909e-17
vn 1 8.32667e-17 1.46909e-17
vn 1 8.32667e-17 1.46909e-17
vn 1 8.32667e-17 1.46909e-17
vn 1 8.32667e-17 1.46909e-17
vn 1 8.32667e-17 1.46909e-17
vn 1 8.32667e-17 1.46909e-17
vn 1 8.32667e-17 1.46909e-17
vn 1 8.32667e-17 1.46909e-17
vn 1 8.32667e-17 1.46909e-17
vn 1 8.32667e-17 1.46909e-17
vn 1 8.32667e-17 1.46909e-17
vn 1 8.32667e-17 1.46909e-17
vn 1 8.32667e-17 1.46909e-17
vn 1 8.32667e-17 1.46909e-17
vn 1 8.32667e-17 1.46909e-17
vn 1 8.32667e-17 1.46909e-17
vn 1 8.32667e-17 1.46909e-17
vn 1 8.32667e-17 1.46909e-17
vn 1 8.32667e-17 1.46909e-17
vn 1 8.32667e-17 1.46909e-17
vn 1 8.32667e-17 1.46909e-17
vn 1 8.32667e-17 1.46909e-17
vn 1 8.32667e-17 1.46909e-17
vn 1 8.32667e-17 1.46909e-17
vn 1 8.32667e-17 1.46909e-17
vn 1 8.32667e-17 1.46909e-17
vn 1 8.32667e-17 1.46909e-17
vn 1 8.32667e-17 1.46909e-17
vn 1 8.32667e-17 1.46909e-17
vn 1 8.32667e-17 1.46909e-17
vn 1 8.32667e-17 1.46909e-17
vn 1 8.32667e-17 1.46909e-17
vn 1 8.32667e-17 1.46909e-17
vn 1 8.32667e-17 1.46909e-17
vn 1 8.32667e-17 1.46909e-17
vn 1 8.32667e-17 1.46909e-17
vn 1 8.32667e-17 1.46909e-17
vn 1 8.32667e-17 1.46909e-17
vn 1 8.32667e-17 1.46909e-17
vn 1 8.32667e-17 1.46909e-17
vn 1 8.32667e-17 1.46909e-17
vn 1 8.32667e-17 1.46909e-17
vn 1 8.32667e-17 1.46909e-17
vn 1 8.32667e-17 1.46909e-17
vn 1 8.32667e-17 1.46909e-17
vn 1 8.32667e-17 1.46909e-17
vn 1 8.32667e-17 1.46909e-17
vn 1 8.32667e-17 1.46909e-17
vn 1 8.32667e-17 1.46909e-17
vn 1 8.32667e-17 1.46909e-17
vn 1 8.32667e-17 1.46909e-17
vn 1 8.32667e-17 1.46909e-17
vn 1 8.32667e-17 1.46909e-17
vn 1 8.32667e-17 1.46909e-17
vn 1 8.32667e-17 1.46909e-17
vn 1 8.32667e-17 1.46909e-17
vn 1 8.32667e-17 1.46909e-17
vn 1 8.32667e-17 1.46909e-17
vn 1 8.32667e-17 1.46909e-17
vn 1 8.32667e-17 1.46909e-17
vn 1 8.32667e-17 1.46909e-17
vn 1 8.32667e-17 1.46909e-17
vn 1 8.32667e-17 1.46909e-17
vn 1 8.32667e-17 1.46909e-17
vn 1 8.32667e-17 1.46909e-17
vn 1 8.32667e-17 1.46909e-17
vn 1 8.32667e-17 1.46909e-17
vn 1 8.32667e-17 1.46909e-17
vn 1 8.32667e-17 1.46909e-17
vn 1 8.32667e-17 1.46909e-17
vn 1 8.32667e-17 1.46909e-17
vn 1 8.32667e-17 1.46909e-17
vn 1 8.32667e-17 1.46909e-17
vn 1 8.32667e-17 1.46909e-17
vn 1 8.32667e-17 1.46909e-17
vn 1 8.32667e-17 1.46909e-17
vn 1 8.32667e-17 1.46909e-17
vn 1 8.32667e-17 1.46909e-17
vn 1 8.32667e-17 1.46909e-17
vn 1 8.32667e-17 1.46909e-17
vn 1 8.32667e-17 1.46909e-17
vn 1 8.32667e-17 1.46909e-17
vn 1 8.32667e-17 1.46909e-17
vn 1 8.32667e-17 1.46909e-17
vn 1 8.32667e-17 1.46909e-17
vn 1 8.32667e-17 1.46909e-17
vn 1 8.32667e-17 1.46909e-17
vn 1 8.32667e-17 1.46909e-17
vn 1 8.32667e-17 1.46909e-17
vn 1 8.32667e-17 1.46909e-17
vn 1 8.32667e-17 1.46909e-17
vn 1 8.32667e-17 1.46909e-17
vn 1 8.32667e-17 1.46909e-17
vn 1 8.32667e-17 1.46909e-17
vn 1 8.32667e-17 1.46909e-17
vn 1 8.32667e-17 1.46909e-17
vn 1 8.32667e-17 1.46909e-17
vn 1 8.32667e-17 1.46909e-17
vn 1 8.32667e-17 1.46909e-17
vn 1 8.32667e-17 1.46909e-17
vn 1 8.32667e-17 1.46909e-17
vn 1 8.32667e-17 1.46909e-17
vn 1 8.32667e-17 1.46909e-17
vn 1 8.32667e-17 1.46909e-17
vn 1 8.32667e-17 1.46909e-17
vn 1 8.32667e-17 1.46909e-17
vn 1 8.32667e-17 1.46909e-17
vn 1 8.32667e-17 1.46909e-17
vn 1 8.32667e-17 1.46909e-17
vn 1 8.32667e-17 1.46909e-17
vn 1 8.32667e-17 1.46909e-17
vn 1 8.32667e-17 1.46909e-17
vn 1 8.32667e-17 1.46909e-17
vn 1 8.32667e-17 1.46909e-17
vn 1 8.32667e-17 1.46909e-17
vn 1 8.32667e-17 1.46909e-17
vn 1 8.32667e-17 1.46909e-17
vn 1 8.32667e-17 1.46909e-17
vn 1 8.32667e-17 1.46909e-17
vn 1 8.32667e-17 1.46909e-17
vn 1 8.32667e-17 1.46909e-17
vn 1 8.32667e-17 1.46909e-17
vn 1 8.32667e-17 1.46909e-17
vn 1 8.32667e-17 1.46909e-17
vn 1 8.32667e-17 1.46909e-17
vn 1 8.32667e-17 1.46909e-17
vn 1 8.32667e-17 1.46909e-17
vn 1 8.32667e-17 1.46909e-17
vn 1 8.32667e-17 1.46909e-17
vn 1 8.32667e-17 1.46909e-17
vn 1 8.32667e-17 1.46909e-17
vn 1 8.32667e-17 1.46909e-17
vn 1 8.32667e-17 1.46909e-17
vn 1 8.32667e-17 1.46909e-17
vn 1 8.32667e-17 1.46909e-17
vn 1 8.32667e-17 1.46909e-17
vn 1 8.32667e-17 1.46909e-17
vn 1 8.32667e-17 1.46909e-17
vn 1 8.32667e-17 1.46909e-17
vn 1 8.32667e-17 1.46909e-17
vn 1 8.32667e-17 1.46909e-17
vn 1 8.32667e-17 1.46909e-17
vn 1 8.32667e-17 1.46909e-17
vn 1 8.32667e-17 1.46909e-17
vn 1 8.32667e-17 1.46909e-17
vn 1 8.32667e-17 1.46909e-17
vn 1 8.32667e-17 1.46909e-17
vn 1 8.32667e-17 1.46909e-17
vn 1 8.32667e-17 1.46909e-17
vn 1 8.32667e-17 1.46909e-17
vn -1.30375e-17 -1.40246e-16 1
vn -1.30375e-17 -1.40246e-16 1
vn -1.30375e-17 -1.40246e-16 1
vn -1.30375e-17 -1.40246e-16 1
vn -1.30375e-17 -1.40246e-16 1
vn -1.30375e-17 -1.40246e-16 1
vn -1.30375e-17 -1.40246e-16 1
vn -1.30375e-17 -1.40246e-16 1
vn -1.30375e-17 -1.40246e-16 1
vn -1.30375e-17 -1.40246e-16 1
vn -1.30375e-17 -1.40246e-16 1
vn -1.30375e-17 -1.40246e-16 1
vn -1.30375e-17 -1.40246e-16 1
vn -1.30375e-17 -1.40246e-16 1
vn -1.30375e-17 -1.40246e-16 1
vn -1.30375e-17 -1.40246e-16 1
vn -1.30375e-17 -1.40246e-16 1
vn -1.30375e-17 -1.40246e-16 1
vn -1.30375e-17 -1.40246e-16 1
vn -1.30375e-17 -1.40246e-16 1
vn -1.30375e-17 -1.40246e-16 1
vn -1.30375e-17 -1.40246e-16 1
vn -1.30375e-17 -1.40246e-16 1
vn -1.30375e-17 -1.40246e-16 1
vn -1.30375e-17 -1.40246e-16 1
vn -1.30375e-17 -1.40246e-16 1
vn -1.30375e-17 -1.40246e-16 1
vn -1.30375e-17 -1.40246e-16 1
vn -1.30375e-17 -1.40246e-16 1
vn -1.30375e-17 -1.40246e-16 1
vn -1.30375e-17 -1.40246e-16 1
vn -1.30375e-17 -1.40246e-16 1
vn -1.30375e-17 -1.40246e-16 1
vn -1.30375e-17 -1.40246e-16 1
vn -1.30375e-17 -1.40246e-16 1
vn -1.30375e-17 -1.40246e-16 1
vn -1.30375e-17 -1.40246e-16 1
vn -1.30375e-17 -1.40246e-16 1
vn -1.30375e-17 -1.40246e-16 1
vn -1.30375e-17 -1.40246e-16 1
vn -1.30375e-17 -1.40246e-16 1
vn -1.30375e-17 -1.40246e-16 1
vn -1.30375e-17 -1.40246e-16 1
vn -1.30375e-17 -1.40246e-16 1
vn -1.30375e-17 -1.40246e-16 1
vn -1.30375e-17 -1.40246e-16 1
vn -1.30375e-17 -1.40246e-16 1
vn -1.30375e-17 -1.40246e-16 1
vn -1.30375e-17 -1.40246e-16 1
vn -1.30375e-17 -1.40246e-16 1
vn -1.30375e-17 -1.40246e-16 1
vn -1.30375e-17 -1.40246e-16 1
vn -1.30375e-17 -1.40246e-16 1
vn -1.30375e-17 -1.40246e-16 1
vn -1.30375e-17 -1.40246e-16 1
vn -1.30375e-17 -1.40246e-16 1
vn -1.30375e-17 -1.40246e-16 1
vn -1.30375e-17 -1.40246e-16 1
vn -1.30375e-17 -1.40246e-16 1
vn -1.30375e-17 -1.40246e-16 1
vn -1.30375e-17 -1.40246e-16 1
vn -1.30375e-17 -1.40246e-16 1
vn -1.30375e-17 -1.40246e-16 1
vn -1.30375e-17 -1.40246e-16 1
vn -1.30375e-17 -1.40246e-16 1
vn -1.30375e-17 -1.40246e-16 1
vn -1.30375e-17 -1.40246e-16 1
vn -1.30375e-17 -1.40246e-16 1
vn -1.30375e-17 -1.40246e-16 1
vn -1.30375e-17 -1.40246e-16 1
vn -1.30375e-17 -1.40246e-16 1
vn -1.30375e-17 -1.40246e-16 1
vn -1.30375e-17 -1.40246e-16 1
vn -1.30375e-17 -1.40246e-16 1
vn -1.30375e-17 -1.40246e-16 1
vn -1.30375e-17 -1.40246e-16 1
vn -1.30375e-17 -1.40246e-16 1
vn -1.30375e-17 -1.40246e-16 1
vn -1.30375e-17 -1.40246e-16 1
vn -1.30375e-17 -1.40246e-16 1
vn -1.30375e-17 -1.40246e-16 1
vn -1.30375e-17 -1.40246e-16 1
vn -1.30375e-17 -1.40246e-16 1
vn -1.30375e-17 -1.40246e-16 1
vn -1.30375e-17 -1.40246e-16 1
vn -1.30375e-17 -1.40246e-16 1
vn -1.30375e-17 -1.40246e-16 1
vn -1.30375e-17 -1.40246e-16 1
vn -1.30375e-17 -1.40246e-16 1
vn -1.30375e-17 -1.40246e-16 1
vn -1.30375e-17 -1.40246e-16 1
vn -1.30375e-17 -1.40246e-16 1
vn -1.30375e-17 -1.40246e-16 1
vn -1.30375e-17 -1.40246e-16 1
vn -1.30375e-17 -1.40246e-16 1
vn -1.30375e-17 -1.40246e-16 1
vn -1.30375e-17 -1.40246e-16 1
vn -1.30375e-17 -1.40246e-16 1
vn -1.30375e-17 -1.40246e-16 1
vn -1.30375e-17 -1.40246e-16 1
vn -1.30375e-17 -1.40246e-16 1
vn -1.30375e-17 -1.40246e-16 1
vn -1.30375e-17 -1.40246e-16 1
vn -1.30375e-17 -1.40246e-16 1
vn -1.30375e-17 -1.40246e-16 1
vn -1.30375e-17 -1.40246e-16 1
vn -1.30375e-17 -1.40246e-16 1
vn -1.30375e-17 -1.40246e-16 1
vn -1.30375e-17 -1.40246e-16 1
vn -1.30375e-17 -1.40246e-16 1
vn -1.30375e-17 -1.40246e-16 1
vn -1.30375e-17 -1.40246e-16 1
vn -1.30375e-17 -1.40246e-16 1
vn -1.30375e-17 -1.40246e-16 1
vn -1.30375e-17 -1.40246e-16 1
vn -1.30375e-17 -1.40246e-16 1
vn -1.30375e-17 -1.40246e-16 1
vn -1.30375e-17 -1.40246e-16 1
vn -1.30375e-17 -1.40246e-16 1
vn -1.30375e-17 -1.40246e-16 1
vn -1.30375e-17 -1.40246e-16 1
vn -1.30375e-17 -1.40246e-16 1
vn -1.30375e-17 -1.40246e-16 1
vn -1.30375e-17 -1.40246e-16 1
vn -1.30375e-17 -1.40246e-16 1
vn -1.30375e-17 -1.40246e-16 1
vn -1.30375e-17 -1.40246e-16 1
vn -1.30375e-17 -1.40246e-16 1
vn -1.30375e-17 -1.40246e-16 1
vn -1.30375e-17 -1.40246e-16 1
vn -1.30375e-17 -1.40246e-16 1
vn -1.30375e-17 -1.40246e-16 1
vn -1.30375e-17 -1.40246e-16 1
vn -1.30375e-17 -1.40246e-16 1
vn -1.30375e-17 -1.40246e-16 1
vn -1.30375e-17 -1.40246e-16 1
vn -1.30375e-17 -1.40246e-16 1
vn -1.30375e-17 -1.40246e-16 1
vn -1.30375e-17 -1.40246e-16 1
vn -1.30375e-17 -1.40246e-16 1
vn -1.30375e-17 -1.40246e-16 1
vn -1.30375e-17 -1.40246e-16 1
vn -1.30375e-17 -1.40246e-16 1
vn -1.30375e-17 -1.40246e-16 1
vn -1.30375e-17 -1.40246e-16 1
vn -1.30375e-17 -1.40246e-16 1
vn -1.30375e-17 -1.40246e-16 1
vn -1.30375e-17 -1.40246e-16 1
vn -1.30375e-17 -1.40246e-16 1
vn -1.30375e-17 -1.40246e-16 1
vn -1.30375e-17 -1.40246e-16 1
vn -1.30375e-17 -1.40246e-16 1
vn -1.30375e-17 -1.40246e-16 1
vn -1.30375e-17 -1.40246e-16 1
vn -1.30375e-17 -1.40246e-16 1
vn -1.30375e-17 -1.40246e-16 1
vn -1.30375e-17 -1.40246e-16 1
vn -1.30375e-17 -1.40246e-16 1
vn -1.30375e-17 -1.40246e-16 1
vn -1.30375e-17 -1.40246e-16 1
vn -1.30375e-17 -1.40246e-16 1
vn -1.30375e-17 -1.40246e-16 1
vn -1.30375e-17 -1.40246e-16 1
vn -1.30375e-17 -1.40246e-16 1
vn -1.30375e-17 -1.40246e-16 1
vn -1.30375e-17 -1.40246e-16 1
vn -1.30375e-17 -1.40246e-16 1
vn -1.30375e-17 -1.40246e-16 1
vn -1.30375e-17 -1.40246e-16 1
vn -1.30375e-17 -1.40246e-16 1
vn -1.30375e-17 -1.40246e-16 1
vn -1.30375e-17 -1.40246e-16 1
vn -1.30375e-17 -1.40246e-16 1
vn -1.30375e-17 -1.40246e-16 1
vn -1.30375e-17 -1.40246e-16 1
vn -1.30375e-17 -1.40246e-16 1
vn -1.30375e-17 -1.40246e-16 1
vn -1.30375e-17 -1.40246e-16 1
vn -1.30375e-17 -1.40246e-16 1
vn -1.30375e-17 -1.40246e-16 1
vn -1.30375e-17 -1.40246e-16 1
vn -1.30375e-17 -1.40246e-16 1
vn -1.30375e-17 -1.40246e-16 1
vn -1.30375e-17 -1.40246e-16 1
vn -1.30375e-17 -1.40246e-16 1
vn -1.30375e-17 -1.40246e-16 1
vn -1.30375e-17 -1.40246e-16 1
vn -1.30375e-17 -1.40246e-16 1
vn -1.30375e-17 -1.40246e-16 1
vn -1.30375e-17 -1.40246e-16 1
vn -1.30375e-17 -1.40246e-16 1
vn -1.30375e-17 -1.40246e-16 1

g RM2019裁判系统装甲模块AM02:color:255:255:255
usemtl RM2019裁判系统装甲模块AM02:color:255:255:255
f 1/1/1 2/2/2 3/3/3
f 4/4/4 5/5/5 6/6/6
f 7/7/7 8/8/8 9/9/9
f 10/10/10 11/11/11 12/12/12
f 13/13/13 14/14/14 15/15/15
f 16/16/16 17/17/17 18/18/18
f 19/19/19 20/20/20 21/21/21
f 22/22/22 23/23/23 24/24/24
f 25/25/25 26/26/26 27/27/27
f 28/28/28 29/29/29 30/30/30
f 31/31/31 32/32/32 33/33/33
f 34/34/34 35/35/35 36/36/36
f 37/37/37 38/38/38 39/39/39
f 40/40/40 41/41/41 42/42/42
f 43/43/43 44/44/44 45/45/45
f 46/46/46 47/47/47 48/48/48
f 49/49/49 50/50/50 51/51/51
f 52/52/52 53/53/53 54/54/54
f 55/55/55 56/56/56 57/57/57
f 58/58/58 59/59/59 60/60/60
f 61/61/61 62/62/62 63/63/63
f 64/64/64 65/65/65 66/66/66
f 67/67/67 68/68/68 69/69/69
f 70/70/70 71/71/71 72/72/72
f 73/73/73 74/74/74 75/75/75
f 76/76/76 77/77/77 78/78/78
f 79/79/79 80/80/80 81/81/81
f 82/82/82 83/83/83 84/84/84
f 85/85/85 86/86/86 87/87/87
f 88/88/88 89/89/89 90/90/90
f 91/91/91 92/92/92 93/93/93
f 94/94/94 95/95/95 96/96/96
f 97/97/97 98/98/98 99/99/99
f 100/100/100 101/101/101 102/102/102
f 103/103/103 104/104/104 105/105/105
f 106/106/106 107/107/107 108/108/108
f 109/109/109 110/110/110 111/111/111
f 112/112/112 113/113/113 114/114/114
f 115/115/115 116/116/116 117/117/117
f 118/118/118 119/119/119 120/120/120
f 121/121/121 122/122/122 123/123/123
f 124/124/124 125/125/125 126/126/126
f 127/127/127 128/128/128 129/129/129
f 130/130/130 131/131/131 132/132/132
f 133/133/133 134/134/134 135/135/135
f 136/136/136 137/137/137 138/138/138
f 139/139/139 140/140/140 141/141/141
f 142/142/142 143/143/143 144/144/144
f 145/145/145 146/146/146 147/147/147
f 148/148/148 149/149/149 150/150/150
f 151/151/151 152/152/152 153/153/153
f 154/154/154 155/155/155 156/156/156
f 157/157/157 158/158/158 159/159/159
f 160/160/160 161/161/161 162/162/162
f 163/163/163 164/164/164 165/165/165
f 166/166/166 167/167/167 168/168/168
f 169/169/169 170/170/170 171/171/171
f 172/172/172 173/173/173 174/174/174
f 175/175/175 176/176/176 177/177/177
f 178/178/178 179/179/179 180/180/180
f 181/181/181 182/182/182 183/183/183
f 184/184/184 185/185/185 186/186/186
f 187/187/187 188/188/188 189/189/189
f 190/190/190 191/191/191 192/192/192
f 193/193/193 194/194/194 195/195/195
f 196/196/196 197/197/197 198/198/198
f 199/199/199 200/200/200 201/201/201
f 202/202/202 203/203/203 204/204/204
f 205/205/205 206/206/206 207/207/207
f 208/208/208 209/209/209 210/210/210
f 211/211/211 212/212/212 213/213/213
f 214/214/214 215/215/215 216/216/216
f 217/217/217 218/218/218 219/219/219
f 220/220/220 221/221/221 222/222/222
f 223/223/223 224/224/224 225/225/225
f 226/226/226 227/227/227 228/228/228
f 229/229/229 230/230/230 231/231/231
f 232/232/232 233/233/233 234/234/234
f 235/235/235 236/236/236 237/237/237
f 238/238/238 239/239/239 240/240/240
f 241/241/241 242/242/242 243/243/243
f 244/244/244 245/245/245 246/246/246
f 247/247/247 248/248/248 249/249/249
f 250/250/250 251/251/251 252/252/252
f 253/253/253 254/254/254 255/255/255
f 256/256/256 257/257/257 258/258/258
f 259/259/259 260/260/260 261/261/261
f 262/262/262 263/263/263 264/264/264
f 265/265/265 266/266/266 267/267/267
f 268/268/268 269/269/269 270/270/270
f 271/271/271 272/272/272 273/273/273
f 274/274/274 275/275/275 276/276/276
f 277/277/277 278/278/278 279/279/279
f 280/280/280 281/281/281 282/282/282
f 283/283/283 284/284/284 285/285/285
f 286/286/286 287/287/287 288/288/288
f 289/289/289 290/290/290 291/291/291
f 292/292/292 293/293/293 294/294/294
f 295/295/295 296/296/296 297/297/297
f 298/298/298 299/299/299 300/300/300
f 301/301/301 302/302/302 303/303/303
f 304/304/304 305/305/305 306/306/306
f 307/307/307 308/308/308 309/309/309
f 310/310/310 311/311/311 312/312/312
f 313/313/313 314/314/314 315/315/315
f 316/316/316 317/317/317 318/318/318
f 319/319/319 320/320/320 321/321/321
f 322/322/322 323/323/323 324/324/324
f 325/325/325 326/326/326 327/327/327
f 328/328/328 329/329/329 330/330/330
f 331/331/331 332/332/332 333/333/333
f 334/334/334 335/335/335 336/336/336
f 337/337/337 338/338/338 339/339/339
f 340/340/340 341/341/341 342/342/342
f 343/343/343 344/344/344 345/345/345
f 346/346/346 347/347/347 348/348/348
f 349/349/349 350/350/350 351/351/351
f 352/352/352 353/353/353 354/354/354
f 355/355/355 356/356/356 357/357/357
f 358/358/358 359/359/359 360/360/360
f 361/361/361 362/362/362 363/363/363
f 364/364/364 365/365/365 366/366/366
f 367/367/367 368/368/368 369/369/369
f 370/370/370 371/371/371 372/372/372
f 373/373/373 374/374/374 375/375/375
f 376/376/376 377/377/377 378/378/378
f 379/379/379 380/380/380 381/381/381
f 382/382/382 383/383/383 384/384/384
f 385/385/385 386/386/386 387/387/387
f 388/388/388 389/389/389 390/390/390
f 391/391/391 392/392/392 393/393/393
f 394/394/394 395/395/395 396/396/396
f 397/397/397 398/398/398 399/399/399
f 400/400/400 401/401/401 402/402/402
f 403/403/403 404/404/404 405/405/405
f 406/406/406 407/407/407 408/408/408
f 409/409/409 410/410/410 411/411/411
f 412/412/412 413/413/413 414/414/414
f 415/415/415 416/416/416 417/417/417
f 418/418/418 419/419/419 420/420/420
f 421/421/421 422/422/422 423/423/423
f 424/424/424 425/425/425 426/426/426
f 427/427/427 428/428/428 429/429/429
f 430/430/430 431/431/431 432/432/432
f 433/433/433 434/434/434 435/435/435
f 436/436/436 437/437/437 438/438/438
f 439/439/439 440/440/440 441/441/441
f 442/442/442 443/443/443 444/444/444
f 445/445/445 446/446/446 447/447/447
f 448/448/448 449/449/449 450/450/450
f 451/451/451 452/452/452 453/453/453
f 454/454/454 455/455/455 456/456/456
f 457/457/457 458/458/458 459/459/459
f 460/460/460 461/461/461 462/462/462
f 463/463/463 464/464/464 465/465/465
f 466/466/466 467/467/467 468/468/468
f 469/469/469 470/470/470 471/471/471
f 472/472/472 473/473/473 474/474/474
f 475/475/475 476/476/476 477/477/477
f 478/478/478 479/479/479 480/480/480
f 481/481/481 482/482/482 483/483/483
f 484/484/484 485/485/485 486/486/486
f 487/487/487 488/488/488 489/489/489
f 490/490/490 491/491/491 492/492/492
f 493/493/493 494/494/494 495/495/495
f 496/496/496 497/497/497 498/498/498
f 499/499/499 500/500/500 501/501/501
f 502/502/502 503/503/503 504/504/504
f 505/505/505 506/506/506 507/507/507
f 508/508/508 509/509/509 510/510/510
f 511/511/511 512/512/512 513/513/513
f 514/514/514 515/515/515 516/516/516
f 517/517/517 518/518/518 519/519/519
f 520/520/520 521/521/521 522/522/522
f 523/523/523 524/524/524 525/525/525
f 526/526/526 527/527/527 528/528/528
f 529/529/529 530/530/530 531/531/531
f 532/532/532 533/533/533 534/534/534
f 535/535/535 536/536/536 537/537/537
f 538/538/538 539/539/539 540/540/540
f 541/541/541 542/542/542 543/543/543
f 544/544/544 545/545/545 546/546/546
f 547/547/547 548/548/548 549/549/549
f 550/550/550 551/551/551 552/552/552
f 553/553/553 554/554/554 555/555/555
f 556/556/556 557/557/557 558/558/558
f 559/559/559 560/560/560 561/561/561
f 562/562/562 563/563/563 564/564/564
f 565/565/565 566/566/566 567/567/567
f 568/568/568 569/569/569 570/570/570
f 571/571/571 572/572/572 573/573/573
f 574/574/574 575/575/575 576/576/576
f 577/577/577 578/578/578 579/579/579
f 580/580/580 581/581/581 582/582/582
f 583/583/583 584/584/584 585/585/585
f 586/586/586 587/587/587 588/588/588
f 589/589/589 590/590/590 591/591/591
f 592/592/592 593/593/593 594/594/594
f 595/595/595 596/596/596 597/597/597
f 598/598/598 599/599/599 600/600/600
f 601/601/601 602/602/602 603/603/603
f 604/604/604 605/605/605 606/606/606
f 607/607/607 608/608/608 609/609/609
f 610/610/610 611/611/611 612/612/612
f 613/613/613 614/614/614 615/615/615
f 616/616/616 617/617/617 618/618/618
f 619/619/619 620/620/620 621/621/621
f 622/622/622 623/623/623 624/624/624
f 625/625/625 626/626/626 627/627/627
f 628/628/628 629/629/629 630/630/630
f 631/631/631 632/632/632 633/633/633
f 634/634/634 635/635/635 636/636/636
f 637/637/637 638/638/638 639/639/639
f 640/640/640 641/641/641 642/642/642
f 643/643/643 644/644/644 645/645/645
f 646/646/646 647/647/647 648/648/648
f 649/649/649 650/650/650 651/651/651
f 652/652/652 653/653/653 654/654/654
f 655/655/655 656/656/656 657/657/657
f 658/658/658 659/659/659 660/660/660
f 661/661/661 662/662/662 663/663/663
f 664/664/664 665/665/665 666/666/666
f 667/667/667 668/668/668 669/669/669
f 670/670/670 671/671/671 672/672/672
f 673/673/673 674/674/674 675/675/675
f 676/676/676 677/677/677 678/678/678
f 679/679/679 680/680/680 681/681/681
f 682/682/682 683/683/683 684/684/684
f 685/685/685 686/686/686 687/687/687
f 688/688/688 689/689/689 690/690/690
f 691/691/691 692/692/692 693/693/693
f 694/694/694 695/695/695 696/696/696
f 697/697/697 698/698/698 699/699/699
f 700/700/700 701/701/701 702/702/702
f 703/703/703 704/704/704 705/705/705
f 706/706/706 707/707/707 708/708/708
f 709/709/709 710/710/710 711/711/711
f 712/712/712 713/713/713 714/714/714
f 715/715/715 716/716/716 717/717/717
f 718/718/718 719/719/719 720/720/720
f 721/721/721 722/722/722 723/723/723
f 724/724/724 725/725/725 726/726/726
f 727/727/727 728/728/728 729/729/729
f 730/730/730 731/731/731 732/732/732
f 733/733/733 734/734/734 735/735/735
f 736/736/736 737/737/737 738/738/738
f 739/739/739 740/740/740 741/741/741
f 742/742/742 743/743/743 744/744/744
f 745/745/745 746/746/746 747/747/747
f 748/748/748 749/749/749 750/750/750
f 751/751/751 752/752/752 753/753/753
f 754/754/754 755/755/755 756/756/756
f 757/757/757 758/758/758 759/759/759
f 760/760/760 761/761/761 762/762/762
f 763/763/763 764/764/764 765/765/765
f 766/766/766 767/767/767 768/768/768
f 769/769/769 770/770/770 771/771/771
f 772/772/772 773/773/773 774/774/774
f 775/775/775 776/776/776 777/777/777
f 778/778/778 779/779/779 780/780/780
f 781/781/781 782/782/782 783/783/783
f 784/784/784 785/785/785 786/786/786
f 787/787/787 788/788/788 789/789/789
f 790/790/790 791/791/791 792/792/792
f 793/793/793 794/794/794 795/795/795
f 796/796/796 797/797/797 798/798/798
f 799/799/799 800/800/800 801/801/801
f 802/802/802 803/803/803 804/804/804
f 805/805/805 806/806/806 807/807/807
f 808/808/808 809/809/809 810/810/810
f 811/811/811 812/812/812 813/813/813
f 814/814/814 815/815/815 816/816/816
f 817/817/817 818/818/818 819/819/819
f 820/820/820 821/821/821 822/822/822
f 823/823/823 824/824/824 825/825/825
f 826/826/826 827/827/827 828/828/828
f 829/829/829 830/830/830 831/831/831
f 832/832/832 833/833/833 834/834/834
f 835/835/835 836/836/836 837/837/837
f 838/838/838 839/839/839 840/840/840
f 841/841/841 842/842/842 843/843/843
f 844/844/844 845/845/845 846/846/846
f 847/847/847 848/848/848 849/849/849
f 850/850/850 851/851/851 852/852/852
f 853/853/853 854/854/854 855/855/855
f 856/856/856 857/857/857 858/858/858
f 859/859/859 860/860/860 861/861/861
f 862/862/862 863/863/863 864/864/864
f 865/865/865 866/866/866 867/867/867
f 868/868/868 869/869/869 870/870/870
f 871/871/871 872/872/872 873/873/873
f 874/874/874 875/875/875 876/876/876
f 877/877/877 878/878/878 879/879/879
f 880/880/880 881/881/881 882/882/882
f 883/883/883 884/884/884 885/885/885
f 886/886/886 887/887/887 888/888/888
f 889/889/889 890/890/890 891/891/891
f 892/892/892 893/893/893 894/894/894
f 895/895/895 896/896/896 897/897/897
f 898/898/898 899/899/899 900/900/900
f 901/901/901 902/902/902 903/903/903
f 904/904/904 905/905/905 906/906/906
f 907/907/907 908/908/908 909/909/909
f 910/910/910 911/911/911 912/912/912
f 913/913/913 914/914/914 915/915/915
f 916/916/916 917/917/917 918/918/918
f 919/919/919 920/920/920 921/921/921
f 922/922/922 923/923/923 924/924/924
f 925/925/925 926/926/926 927/927/927
f 928/928/928 929/929/929 930/930/930
f 931/931/931 932/932/932 933/933/933
f 934/934/934 935/935/935 936/936/936
f 937/937/937 938/938/938 939/939/939
f 940/940/940 941/941/941 942/942/942
f 943/943/943 944/944/944 945/945/945
f 946/946/946 947/947/947 948/948/948
f 949/949/949 950/950/950 951/951/951
f 952/952/952 953/953/953 954/954/954
f 955/955/955 956/956/956 957/957/957
f 958/958/958 959/959/959 960/960/960
f 961/961/961 962/962/962 963/963/963
f 964/964/964 965/965/965 966/966/966
f 967/967/967 968/968/968 969/969/969
f 970/970/970 971/971/971 972/972/972
f 973/973/973 974/974/974 975/975/975
f 976/976/976 977/977/977 978/978/978
f 979/979/979 980/980/980 981/981/981
f 982/982/982 983/983/983 984/984/984
f 985/985/985 986/986/986 987/987/987
f 988/988/988 989/989/989 990/990/990
f 991/991/991 992/992/992 993/993/993
f 994/994/994 995/995/995 996/996/996
f 997/997/997 998/998/998 999/999/999
f 1000/1000/1000 1001/1001/1001 1002/1002/1002
f 1003/1003/1003 1004/1004/1004 1005/1005/1005
f 1006/1006/1006 1007/1007/1007 1008/1008/1008
f 1009/1009/1009 1010/1010/1010 1011/1011/1011
f 1012/1012/1012 1013/1013/1013 1014/1014/1014
f 1015/1015/1015 1016/1016/1016 1017/1017/1017
f 1018/1018/1018 1019/1019/1019 1020/1020/1020
f 1021/1021/1021 1022/1022/1022 1023/1023/1023
f 1024/1024/1024 1025/1025/1025 1026/1026/1026
f 1027/1027/1027 1028/1028/1028 1029/1029/1029
f 1030/1030/1030 1031/1031/1031 1032/1032/1032
f 1033/1033/1033 1034/1034/1034 1035/1035/1035
f 1036/1036/1036 1037/1037/1037 1038/1038/1038
f 1039/1039/1039 1040/1040/1040 1041/1041/1041
f 1042/1042/1042 1043/1043/1043 1044/1044/1044
f 1045/1045/1045 1046/1046/1046 1047/1047/1047
f 1048/1048/1048 1049/1049/1049 1050/1050/1050
f 1051/1051/1051 1052/1052/1052 1053/1053/1053
f 1054/1054/1054 1055/1055/1055 1056/1056/1056
f 1057/1057/1057 1058/1058/1058 1059/1059/1059
f 1060/1060/1060 1061/1061/1061 1062/1062/1062
f 1063/1063/1063 1064/1064/1064 1065/1065/1065
f 1066/1066/1066 1067/1067/1067 1068/1068/1068
f 1069/1069/1069 1070/1070/1070 1071/1071/1071
f 1072/1072/1072 1073/1073/1073 1074/1074/1074
f 1075/1075/1075 1076/1076/1076 1077/1077/1077
f 1078/1078/1078 1079/1079/1079 1080/1080/1080
f 1081/1081/1081 1082/1082/1082 1083/1083/1083
f 1084/1084/1084 1085/1085/1085 1086/1086/1086
f 1087/1087/1087 1088/1088/1088 1089/1089/1089
f 1090/1090/1090 1091/1091/1091 1092/1092/1092
f 1093/1093/1093 1094/1094/1094 1095/1095/1095
f 1096/1096/1096 1097/1097/1097 1098/1098/1098
f 1099/1099/1099 1100/1100/1100 1101/1101/1101
f 1102/1102/1102 1103/1103/1103 1104/1104/1104
f 1105/1105/1105 1106/1106/1106 1107/1107/1107
f 1108/1108/1108 1109/1109/1109 1110/1110/1110
f 1111/1111/1111 1112/1112/1112 1113/1113/1113
f 1114/1114/1114 1115/1115/1115 1116/1116/1116
f 1117/1117/1117 1118/1118/1118 1119/1119/1119
f 1120/1120/1120 1121/1121/1121 1122/1122/1122
f 1123/1123/1123 1124/1124/1124 1125/1125/1125
f 1126/1126/1126 1127/1127/1127 1128/1128/1128
f 1129/1129/1129 1130/1130/1130 1131/1131/1131
f 1132/1132/1132 1133/1133/1133 1134/1134/1134
f 1135/1135/1135 1136/1136/1136 1137/1137/1137
f 1138/1138/1138 1139/1139/1139 1140/1140/1140
f 1141/1141/1141 1142/1142/1142 1143/1143/1143
f 1144/1144/1144 1145/1145/1145 1146/1146/1146
f 1147/1147/1147 1148/1148/1148 1149/1149/1149
f 1150/1150/1150 1151/1151/1151 1152/1152/1152
f 1153/1153/1153 1154/1154/1154 1155/1155/1155
f 1156/1156/1156 1157/1157/1157 1158/1158/1158
f 1159/1159/1159 1160/1160/1160 1161/1161/1161
f 1162/1162/1162 1163/1163/1163 1164/1164/1164
f 1165/1165/1165 1166/1166/1166 1167/1167/1167
f 1168/1168/1168 1169/1169/1169 1170/1170/1170
f 1171/1171/1171 1172/1172/1172 1173/1173/1173
f 1174/1174/1174 1175/1175/1175 1176/1176/1176
f 1177/1177/1177 1178/1178/1178 1179/1179/1179
f 1180/1180/1180 1181/1181/1181 1182/1182/1182
f 1183/1183/1183 1184/1184/1184 1185/1185/1185
f 1186/1186/1186 1187/1187/1187 1188/1188/1188
f 1189/1189/1189 1190/1190/1190 1191/1191/1191
f 1192/1192/1192 1193/1193/1193 1194/1194/1194
f 1195/1195/1195 1196/1196/1196 1197/1197/1197
f 1198/1198/1198 1199/1199/1199 1200/1200/1200
f 1201/1201/1201 1202/1202/1202 1203/1203/1203
f 1204/1204/1204 1205/1205/1205 1206/1206/1206
f 1207/1207/1207 1208/1208/1208 1209/1209/1209
f 1210/1210/1210 1211/1211/1211 1212/1212/1212
f 1213/1213/1213 1214/1214/1214 1215/1215/1215
f 1216/1216/1216 1217/1217/1217 1218/1218/1218
f 1219/1219/1219 1220/1220/1220 1221/1221/1221
f 1222/1222/1222 1223/1223/1223 1224/1224/1224
f 1225/1225/1225 1226/1226/1226 1227/1227/1227
f 1228/1228/1228 1229/1229/1229 1230/1230/1230
f 1231/1231/1231 1232/1232/1232 1233/1233/1233
f 1234/1234/1234 1235/1235/1235 1236/1236/1236
f 1237/1237/1237 1238/1238/1238 1239/1239/1239
f 1240/1240/1240 1241/1241/1241 1242/1242/1242
f 1243/1243/1243 1244/1244/1244 1245/1245/1245
f 1246/1246/1246 1247/1247/1247 1248/1248/1248
f 1249/1249/1249 1250/1250/1250 1251/1251/1251
f 1252/1252/1252 1253/1253/1253 1254/1254/1254
f 1255/1255/1255 1256/1256/1256 1257/1257/1257
f 1258/1258/1258 1259/1259/1259 1260/1260/1260
f 1261/1261/1261 1262/1262/1262 1263/1263/1263
f 1264/1264/1264 1265/1265/1265 1266/1266/1266
f 1267/1267/1267 1268/1268/1268 1269/1269/1269
f 1270/1270/1270 1271/1271/1271 1272/1272/1272
f 1273/1273/1273 1274/1274/1274 1275/1275/1275
f 1276/1276/1276 1277/1277/1277 1278/1278/1278
f 1279/1279/1279 1280/1280/1280 1281/1281/1281
f 1282/1282/1282 1283/1283/1283 1284/1284/1284
f 1285/1285/1285 1286/1286/1286 1287/1287/1287
f 1288/1288/1288 1289/1289/1289 1290/1290/1290
f 1291/1291/1291 1292/1292/1292 1293/1293/1293
f 1294/1294/1294 1295/1295/1295 1296/1296/1296
f 1297/1297/1297 1298/1298/1298 1299/1299/1299
f 1300/1300/1300 1301/1301/1301 1302/1302/1302
f 1303/1303/1303 1304/1304/1304 1305/1305/1305
f 1306/1306/1306 1307/1307/1307 1308/1308/1308
f 1309/1309/1309 1310/1310/1310 1311/1311/1311
f 1312/1312/1312 1313/1313/1313 1314/1314/1314
f 1315/1315/1315 1316/1316/1316 1317/1317/1317
f 1318/1318/1318 1319/1319/1319 1320/1320/1320
f 1321/1321/1321 1322/1322/1322 1323/1323/1323
f 1324/1324/1324 1325/1325/1325 1326/1326/1326
f 1327/1327/1327 1328/1328/1328 1329/1329/1329
f 1330/1330/1330 1331/1331/1331 1332/1332/1332
f 1333/1333/1333 1334/1334/1334 1335/1335/1335
f 1336/1336/1336 1337/1337/1337 1338/1338/1338
f 1339/1339/1339 1340/1340/1340 1341/1341/1341
f 1342/1342/1342 1343/1343/1343 1344/1344/1344
f 1345/1345/1345 1346/1346/1346 1347/1347/1347
f 1348/1348/1348 1349/1349/1349 1350/1350/1350
f 1351/1351/1351 1352/1352/1352 1353/1353/1353
f 1354/1354/1354 1355/1355/1355 1356/1356/1356
f 1357/1357/1357 1358/1358/1358 1359/1359/1359
f 1360/1360/1360 1361/1361/1361 1362/1362/1362
f 1363/1363/1363 1364/1364/1364 1365/1365/1365
f 1366/1366/1366 1367/1367/1367 1368/1368/1368
f 1369/1369/1369 1370/1370/1370 1371/1371/1371
f 1372/1372/1372 1373/1373/1373 1374/1374/1374
f 1375/1375/1375 1376/1376/1376 1377/1377/1377
f 1378/1378/1378 1379/1379/1379 1380/1380/1380
f 1381/1381/1381 1382/1382/1382 1383/1383/1383
f 1384/1384/1384 1385/1385/1385 1386/1386/1386
f 1387/1387/1387 1388/1388/1388 1389/1389/1389
f 1390/1390/1390 1391/1391/1391 1392/1392/1392
f 1393/1393/1393 1394/1394/1394 1395/1395/1395
f 1396/1396/1396 1397/1397/1397 1398/1398/1398
f 1399/1399/1399 1400/1400/1400 1401/1401/1401
f 1402/1402/1402 1403/1403/1403 1404/1404/1404
f 1405/1405/1405 1406/1406/1406 1407/1407/1407
f 1408/1408/1408 1409/1409/1409 1410/1410/1410
f 1411/1411/1411 1412/1412/1412 1413/1413/1413
f 1414/1414/1414 1415/1415/1415 1416/1416/1416
f 1417/1417/1417 1418/1418/1418 1419/1419/1419
f 1420/1420/1420 1421/1421/1421 1422/1422/1422
f 1423/1423/1423 1424/1424/1424 1425/1425/1425
f 1426/1426/1426 1427/1427/1427 1428/1428/1428
f 1429/1429/1429 1430/1430/1430 1431/1431/1431
f 1432/1432/1432 1433/1433/1433 1434/1434/1434
f 1435/1435/1435 1436/1436/1436 1437/1437/1437
f 1438/1438/1438 1439/1439/1439 1440/1440/1440
f 1441/1441/1441 1442/1442/1442 1443/1443/1443
f 1444/1444/1444 1445/1445/1445 1446/1446/1446
f 1447/1447/1447 1448/1448/1448 1449/1449/1449
f 1450/1450/1450 1451/1451/1451 1452/1452/1452
f 1453/1453/1453 1454/1454/1454 1455/1455/1455
f 1456/1456/1456 1457/1457/1457 1458/1458/1458
f 1459/1459/1459 1460/1460/1460 1461/1461/1461
f 1462/1462/1462 1463/1463/1463 1464/1464/1464
f 1465/1465/1465 1466/1466/1466 1467/1467/1467
f 1468/1468/1468 1469/1469/1469 1470/1470/1470
f 1471/1471/1471 1472/1472/1472 1473/1473/1473
f 1474/1474/1474 1475/1475/1475 1476/1476/1476
f 1477/1477/1477 1478/1478/1478 1479/1479/1479
f 1480/1480/1480 1481/1481/1481 1482/1482/1482
f 1483/1483/1483 1484/1484/1484 1485/1485/1485
f 1486/1486/1486 1487/1487/1487 1488/1488/1488
f 1489/1489/1489 1490/1490/1490 1491/1491/1491
f 1492/1492/1492 1493/1493/1493 1494/1494/1494
f 1495/1495/1495 1496/1496/1496 1497/1497/1497
f 1498/1498/1498 1499/1499/1499 1500/1500/1500
f 1501/1501/1501 1502/1502/1502 1503/1503/1503
f 1504/1504/1504 1505/1505/1505 1506/1506/1506
f 1507/1507/1507 1508/1508/1508 1509/1509/1509
f 1510/1510/1510 1511/1511/1511 1512/1512/1512
f 1513/1513/1513 1514/1514/1514 1515/1515/1515
f 1516/1516/1516 1517/1517/1517 1518/1518/1518
f 1519/1519/1519 1520/1520/1520 1521/1521/1521
f 1522/1522/1522 1523/1523/1523 1524/1524/1524
f 1525/1525/1525 1526/1526/1526 1527/1527/1527
f 1528/1528/1528 1529/1529/1529 1530/1530/1530
f 1531/1531/1531 1532/1532/1532 1533/1533/1533
f 1534/1534/1534 1535/1535/1535 1536/1536/1536
f 1537/1537/1537 1538/1538/1538 1539/1539/1539
f 1540/1540/1540 1541/1541/1541 1542/1542/1542
f 1543/1543/1543 1544/1544/1544 1545/1545/1545
f 1546/1546/1546 1547/1547/1547 1548/1548/1548
f 1549/1549/1549 1550/1550/1550 1551/1551/1551
f 1552/1552/1552 1553/1553/1553 1554/1554/1554
f 1555/1555/1555 1556/1556/1556 1557/1557/1557
f 1558/1558/1558 1559/1559/1559 1560/1560/1560
f 1561/1561/1561 1562/1562/1562 1563/1563/1563
f 1564/1564/1564 1565/1565/1565 1566/1566/1566
f 1567/1567/1567 1568/1568/1568 1569/1569/1569
f 1570/1570/1570 1571/1571/1571 1572/1572/1572
f 1573/1573/1573 1574/1574/1574 1575/1575/1575
f 1576/1576/1576 1577/1577/1577 1578/1578/1578
f 1579/1579/1579 1580/1580/1580 1581/1581/1581
f 1582/1582/1582 1583/1583/1583 1584/1584/1584
f 1585/1585/1585 1586/1586/1586 1587/1587/1587
f 1588/1588/1588 1589/1589/1589 1590/1590/1590
f 1591/1591/1591 1592/1592/1592 1593/1593/1593
f 1594/1594/1594 1595/1595/1595 1596/1596/1596
f 1597/1597/1597 1598/1598/1598 1599/1599/1599
f 1600/1600/1600 1601/1601/1601 1602/1602/1602
f 1603/1603/1603 1604/1604/1604 1605/1605/1605
f 1606/1606/1606 1607/1607/1607 1608/1608/1608
f 1609/1609/1609 1610/1610/1610 1611/1611/1611
f 1612/1612/1612 1613/1613/1613 1614/1614/1614
f 1615/1615/1615 1616/1616/1616 1617/1617/1617
f 1618/1618/1618 1619/1619/1619 1620/1620/1620
f 1621/1621/1621 1622/1622/1622 1623/1623/1623
f 1624/1624/1624 1625/1625/1625 1626/1626/1626
f 1627/1627/1627 1628/1628/1628 1629/1629/1629
f 1630/1630/1630 1631/1631/1631 1632/1632/1632
f 1633/1633/1633 1634/1634/1634 1635/1635/1635
f 1636/1636/1636 1637/1637/1637 1638/1638/1638
f 1639/1639/1639 1640/1640/1640 1641/1641/1641
f 1642/1642/1642 1643/1643/1643 1644/1644/1644
f 1645/1645/1645 1646/1646/1646 1647/1647/1647
f 1648/1648/1648 1649/1649/1649 1650/1650/1650
f 1651/1651/1651 1652/1652/1652 1653/1653/1653
f 1654/1654/1654 1655/1655/1655 1656/1656/1656
f 1657/1657/1657 1658/1658/1658 1659/1659/1659
f 1660/1660/1660 1661/1661/1661 1662/1662/1662
f 1663/1663/1663 1664/1664/1664 1665/1665/1665
f 1666/1666/1666 1667/1667/1667 1668/1668/1668
f 1669/1669/1669 1670/1670/1670 1671/1671/1671
f 1672/1672/1672 1673/1673/1673 1674/1674/1674
f 1675/1675/1675 1676/1676/1676 1677/1677/1677
f 1678/1678/1678 1679/1679/1679 1680/1680/1680
f 1681/1681/1681 1682/1682/1682 1683/1683/1683
f 1684/1684/1684 1685/1685/1685 1686/1686/1686
f 1687/1687/1687 1688/1688/1688 1689/1689/1689
f 1690/1690/1690 1691/1691/1691 1692/1692/1692
f 1693/1693/1693 1694/1694/1694 1695/1695/1695
f 1696/1696/1696 1697/1697/1697 1698/1698/1698
f 1699/1699/1699 1700/1700/1700 1701/1701/1701
f 1702/1702/1702 1703/1703/1703 1704/1704/1704
f 1705/1705/1705 1706/1706/1706 1707/1707/1707
f 1708/1708/1708 1709/1709/1709 1710/1710/1710
f 1711/1711/1711 1712/1712/1712 1713/1713/1713
f 1714/1714/1714 1715/1715/1715 1716/1716/1716
f 1717/1717/1717 1718/1718/1718 1719/1719/1719
f 1720/1720/1720 1721/1721/1721 1722/1722/1722
f 1723/1723/1723 1724/1724/1724 1725/1725/1725
f 1726/1726/1726 1727/1727/1727 1728/1728/1728
f 1729/1729/1729 1730/1730/1730 1731/1731/1731
f 1732/1732/1732 1733/1733/1733 1734/1734/1734
f 1735/1735/1735 1736/1736/1736 1737/1737/1737
f 1738/1738/1738 1739/1739/1739 1740/1740/1740
f 1741/1741/1741 1742/1742/1742 1743/1743/1743
f 1744/1744/1744 1745/1745/1745 1746/1746/1746
f 1747/1747/1747 1748/1748/1748 1749/1749/1749
f 1750/1750/1750 1751/1751/1751 1752/1752/1752
f 1753/1753/1753 1754/1754/1754 1755/1755/1755
f 1756/1756/1756 1757/1757/1757 1758/1758/1758
f 1759/1759/1759 1760/1760/1760 1761/1761/1761
f 1762/1762/1762 1763/1763/1763 1764/1764/1764
f 1765/1765/1765 1766/1766/1766 1767/1767/1767
f 1768/1768/1768 1769/1769/1769 1770/1770/1770
f 1771/1771/1771 1772/1772/1772 1773/1773/1773
f 1774/1774/1774 1775/1775/1775 1776/1776/1776
f 1777/1777/1777 1778/1778/1778 1779/1779/1779
f 1780/1780/1780 1781/1781/1781 1782/1782/1782
f 1783/1783/1783 1784/1784/1784 1785/1785/1785
f 1786/1786/1786 1787/1787/1787 1788/1788/1788
f 1789/1789/1789 1790/1790/1790 1791/1791/1791
f 1792/1792/1792 1793/1793/1793 1794/1794/1794
f 1795/1795/1795 1796/1796/1796 1797/1797/1797
f 1798/1798/1798 1799/1799/1799 1800/1800/1800
f 1801/1801/1801 1802/1802/1802 1803/1803/1803
f 1804/1804/1804 1805/1805/1805 1806/1806/1806
f 1807/1807/1807 1808/1808/1808 1809/1809/1809
f 1810/1810/1810 1811/1811/1811 1812/1812/1812
f 1813/1813/1813 1814/1814/1814 1815/1815/1815
f 1816/1816/1816 1817/1817/1817 1818/1818/1818
f 1819/1819/1819 1820/1820/1820 1821/1821/1821
f 1822/1822/1822 1823/1823/1823 1824/1824/1824
f 1825/1825/1825 1826/1826/1826 1827/1827/1827
f 1828/1828/1828 1829/1829/1829 1830/1830/1830
f 1831/1831/1831 1832/1832/1832 1833/1833/1833
f 1834/1834/1834 1835/1835/1835 1836/1836/1836
f 1837/1837/1837 1838/1838/1838 1839/1839/1839
f 1840/1840/1840 1841/1841/1841 1842/1842/1842
f 1843/1843/1843 1844/1844/1844 1845/1845/1845
f 1846/1846/1846 1847/1847/1847 1848/1848/1848
f 1849/1849/1849 1850/1850/1850 1851/1851/1851
f 1852/1852/1852 1853/1853/1853 1854/1854/1854
f 1855/1855/1855 1856/1856/1856 1857/1857/1857
f 1858/1858/1858 1859/1859/1859 1860/1860/1860
f 1861/1861/1861 1862/1862/1862 1863/1863/1863
f 1864/1864/1864 1865/1865/1865 1866/1866/1866
f 1867/1867/1867 1868/1868/1868 1869/1869/1869
f 1870/1870/1870 1871/1871/1871 1872/1872/1872
f 1873/1873/1873 1874/1874/1874 1875/1875/1875
f 1876/1876/1876 1877/1877/1877 1878/1878/1878
f 1879/1879/1879 1880/1880/1880 1881/1881/1881
f 1882/1882/1882 1883/1883/1883 1884/1884/1884
f 1885/1885/1885 1886/1886/1886 1887/1887/1887
f 1888/1888/1888 1889/1889/1889 1890/1890/1890
f 1891/1891/1891 1892/1892/1892 1893/1893/1893
f 1894/1894/1894 1895/1895/1895 1896/1896/1896
f 1897/1897/1897 1898/1898/1898 1899/1899/1899
f 1900/1900/1900 1901/1901/1901 1902/1902/1902
f 1903/1903/1903 1904/1904/1904 1905/1905/1905
f 1906/1906/1906 1907/1907/1907 1908/1908/1908
f 1909/1909/1909 1910/1910/1910 1911/1911/1911
f 1912/1912/1912 1913/1913/1913 1914/1914/1914
f 1915/1915/1915 1916/1916/1916 1917/1917/1917
f 1918/1918/1918 1919/1919/1919 1920/1920/1920
f 1921/1921/1921 1922/1922/1922 1923/1923/1923
f 1924/1924/1924 1925/1925/1925 1926/1926/1926
f 1927/1927/1927 1928/1928/1928 1929/1929/1929
f 1930/1930/1930 1931/1931/1931 1932/1932/1932
f 1933/1933/1933 1934/1934/1934 1935/1935/1935
f 1936/1936/1936 1937/1937/1937 1938/1938/1938
f 1939/1939/1939 1940/1940/1940 1941/1941/1941
f 1942/1942/1942 1943/1943/1943 1944/1944/1944
f 1945/1945/1945 1946/1946/1946 1947/1947/1947
f 1948/1948/1948 1949/1949/1949 1950/1950/1950
f 1951/1951/1951 1952/1952/1952 1953/1953/1953
f 1954/1954/1954 1955/1955/1955 1956/1956/1956
f 1957/1957/1957 1958/1958/1958 1959/1959/1959
f 1960/1960/1960 1961/1961/1961 1962/1962/1962
f 1963/1963/1963 1964/1964/1964 1965/1965/1965
f 1966/1966/1966 1967/1967/1967 1968/1968/1968
f 1969/1969/1969 1970/1970/1970 1971/1971/1971
f 1972/1972/1972 1973/1973/1973 1974/1974/1974
f 1975/1975/1975 1976/1976/1976 1977/1977/1977
f 1978/1978/1978 1979/1979/1979 1980/1980/1980
f 1981/1981/1981 1982/1982/1982 1983/1983/1983
f 1984/1984/1984 1985/1985/1985 1986/1986/1986
f 1987/1987/1987 1988/1988/1988 1989/1989/1989
f 1990/1990/1990 1991/1991/1991 1992/1992/1992
f 1993/1993/1993 1994/1994/1994 1995/1995/1995
f 1996/1996/1996 1997/1997/1997 1998/1998/1998
f 1999/1999/1999 2000/2000/2000 2001/2001/2001
f 2002/2002/2002 2003/2003/2003 2004/2004/2004
f 2005/2005/2005 2006/2006/2006 2007/2007/2007
f 2008/2008/2008 2009/2009/2009 2010/2010/2010
f 2011/2011/2011 2012/2012/2012 2013/2013/2013
f 2014/2014/2014 2015/2015/2015 2016/2016/2016
f 2017/2017/2017 2018/2018/2018 2019/2019/2019
f 2020/2020/2020 2021/2021/2021 2022/2022/2022
f 2023/2023/2023 2024/2024/2024 2025/2025/2025
f 2026/2026/2026 2027/2027/2027 2028/2028/2028
f 2029/2029/2029 2030/2030/2030 2031/2031/2031
f 2032/2032/2032 2033/2033/2033 2034/2034/2034
f 2035/2035/2035 2036/2036/2036 2037/2037/2037
f 2038/2038/2038 2039/2039/2039 2040/2040/2040
f 2041/2041/2041 2042/2042/2042 2043/2043/2043
f 2044/2044/2044 2045/2045/2045 2046/2046/2046
f 2047/2047/2047 2048/2048/2048 2049/2049/2049
f 2050/2050/2050 2051/2051/2051 2052/2052/2052
f 2053/2053/2053 2054/2054/2054 2055/2055/2055
f 2056/2056/2056 2057/2057/2057 2058/2058/2058
f 2059/2059/2059 2060/2060/2060 2061/2061/2061
f 2062/2062/2062 2063/2063/2063 2064/2064/2064
f 2065/2065/2065 2066/2066/2066 2067/2067/2067
f 2068/2068/2068 2069/2069/2069 2070/2070/2070
f 2071/2071/2071 2072/2072/2072 2073/2073/2073
f 2074/2074/2074 2075/2075/2075 2076/2076/2076
f 2077/2077/2077 2078/2078/2078 2079/2079/2079
f 2080/2080/2080 2081/2081/2081 2082/2082/2082
f 2083/2083/2083 2084/2084/2084 2085/2085/2085
f 2086/2086/2086 2087/2087/2087 2088/2088/2088
f 2089/2089/2089 2090/2090/2090 2091/2091/2091
f 2092/2092/2092 2093/2093/2093 2094/2094/2094
f 2095/2095/2095 2096/2096/2096 2097/2097/2097
f 2098/2098/2098 2099/2099/2099 2100/2100/2100
f 2101/2101/2101 2102/2102/2102 2103/2103/2103
f 2104/2104/2104 2105/2105/2105 2106/2106/2106
f 2107/2107/2107 2108/2108/2108 2109/2109/2109
f 2110/2110/2110 2111/2111/2111 2112/2112/2112
f 2113/2113/2113 2114/2114/2114 2115/2115/2115
f 2116/2116/2116 2117/2117/2117 2118/2118/2118
f 2119/2119/2119 2120/2120/2120 2121/2121/2121
f 2122/2122/2122 2123/2123/2123 2124/2124/2124
f 2125/2125/2125 2126/2126/2126 2127/2127/2127
f 2128/2128/2128 2129/2129/2129 2130/2130/2130
f 2131/2131/2131 2132/2132/2132 2133/2133/2133
f 2134/2134/2134 2135/2135/2135 2136/2136/2136
f 2137/2137/2137 2138/2138/2138 2139/2139/2139
f 2140/2140/2140 2141/2141/2141 2142/2142/2142
f 2143/2143/2143 2144/2144/2144 2145/2145/2145
f 2146/2146/2146 2147/2147/2147 2148/2148/2148
f 2149/2149/2149 2150/2150/2150 2151/2151/2151
f 2152/2152/2152 2153/2153/2153 2154/2154/2154
f 2155/2155/2155 2156/2156/2156 2157/2157/2157
f 2158/2158/2158 2159/2159/2159 2160/2160/2160
f 2161/2161/2161 2162/2162/2162 2163/2163/2163
f 2164/2164/2164 2165/2165/2165 2166/2166/2166
f 2167/2167/2167 2168/2168/2168 2169/2169/2169
f 2170/2170/2170 2171/2171/2171 2172/2172/2172
f 2173/2173/2173 2174/2174/2174 2175/2175/2175
f 2176/2176/2176 2177/2177/2177 2178/2178/2178
f 2179/2179/2179 2180/2180/2180 2181/2181/2181
f 2182/2182/2182 2183/2183/2183 2184/2184/2184
f 2185/2185/2185 2186/2186/2186 2187/2187/2187
f 2188/2188/2188 2189/2189/2189 2190/2190/2190
f 2191/2191/2191 2192/2192/2192 2193/2193/2193
f 2194/2194/2194 2195/2195/2195 2196/2196/2196
f 2197/2197/2197 2198/2198/2198 2199/2199/2199
f 2200/2200/2200 2201/2201/2201 2202/2202/2202
f 2203/2203/2203 2204/2204/2204 2205/2205/2205
f 2206/2206/2206 2207/2207/2207 2208/2208/2208
f 2209/2209/2209 2210/2210/2210 2211/2211/2211
f 2212/2212/2212 2213/2213/2213 2214/2214/2214
f 2215/2215/2215 2216/2216/2216 2217/2217/2217
f 2218/2218/2218 2219/2219/2219 2220/2220/2220
f 2221/2221/2221 2222/2222/2222 2223/2223/2223
f 2224/2224/2224 2225/2225/2225 2226/2226/2226
f 2227/2227/2227 2228/2228/2228 2229/2229/2229
f 2230/2230/2230 2231/2231/2231 2232/2232/2232
f 2233/2233/2233 2234/2234/2234 2235/2235/2235
f 2236/2236/2236 2237/2237/2237 2238/2238/2238
f 2239/2239/2239 2240/2240/2240 2241/2241/2241
f 2242/2242/2242 2243/2243/2243 2244/2244/2244
f 2245/2245/2245 2246/2246/2246 2247/2247/2247
f 2248/2248/2248 2249/2249/2249 2250/2250/2250
f 2251/2251/2251 2252/2252/2252 2253/2253/2253
f 2254/2254/2254 2255/2255/2255 2256/2256/2256
f 2257/2257/2257 2258/2258/2258 2259/2259/2259
f 2260/2260/2260 2261/2261/2261 2262/2262/2262
f 2263/2263/2263 2264/2264/2264 2265/2265/2265
f 2266/2266/2266 2267/2267/2267 2268/2268/2268
f 2269/2269/2269 2270/2270/2270 2271/2271/2271
f 2272/2272/2272 2273/2273/2273 2274/2274/2274
f 2275/2275/2275 2276/2276/2276 2277/2277/2277
f 2278/2278/2278 2279/2279/2279 2280/2280/2280
f 2281/2281/2281 2282/2282/2282 2283/2283/2283
f 2284/2284/2284 2285/2285/2285 2286/2286/2286
f 2287/2287/2287 2288/2288/2288 2289/2289/2289
f 2290/2290/2290 2291/2291/2291 2292/2292/2292
f 2293/2293/2293 2294/2294/2294 2295/2295/2295
f 2296/2296/2296 2297/2297/2297 2298/2298/2298
f 2299/2299/2299 2300/2300/2300 2301/2301/2301
f 2302/2302/2302 2303/2303/2303 2304/2304/2304
f 2305/2305/2305 2306/2306/2306 2307/2307/2307
f 2308/2308/2308 2309/2309/2309 2310/2310/2310
f 2311/2311/2311 2312/2312/2312 2313/2313/2313
f 2314/2314/2314 2315/2315/2315 2316/2316/2316
f 2317/2317/2317 2318/2318/2318 2319/2319/2319
f 2320/2320/2320 2321/2321/2321 2322/2322/2322
f 2323/2323/2323 2324/2324/2324 2325/2325/2325
f 2326/2326/2326 2327/2327/2327 2328/2328/2328
f 2329/2329/2329 2330/2330/2330 2331/2331/2331
f 2332/2332/2332 2333/2333/2333 2334/2334/2334
f 2335/2335/2335 2336/2336/2336 2337/2337/2337
f 2338/2338/2338 2339/2339/2339 2340/2340/2340
f 2341/2341/2341 2342/2342/2342 2343/2343/2343
f 2344/2344/2344 2345/2345/2345 2346/2346/2346
f 2347/2347/2347 2348/2348/2348 2349/2349/2349
f 2350/2350/2350 2351/2351/2351 2352/2352/2352
f 2353/2353/2353 2354/2354/2354 2355/2355/2355
f 2356/2356/2356 2357/2357/2357 2358/2358/2358
f 2359/2359/2359 2360/2360/2360 2361/2361/2361
f 2362/2362/2362 2363/2363/2363 2364/2364/2364
f 2365/2365/2365 2366/2366/2366 2367/2367/2367
f 2368/2368/2368 2369/2369/2369 2370/2370/2370
f 2371/2371/2371 2372/2372/2372 2373/2373/2373
f 2374/2374/2374 2375/2375/2375 2376/2376/2376
f 2377/2377/2377 2378/2378/2378 2379/2379/2379
f 2380/2380/2380 2381/2381/2381 2382/2382/2382
f 2383/2383/2383 2384/2384/2384 2385/2385/2385
f 2386/2386/2386 2387/2387/2387 2388/2388/2388
f 2389/2389/2389 2390/2390/2390 2391/2391/2391
f 2392/2392/2392 2393/2393/2393 2394/2394/2394
f 2395/2395/2395 2396/2396/2396 2397/2397/2397
f 2398/2398/2398 2399/2399/2399 2400/2400/2400
f 2401/2401/2401 2402/2402/2402 2403/2403/2403
f 2404/2404/2404 2405/2405/2405 2406/2406/2406
f 2407/2407/2407 2408/2408/2408 2409/2409/2409
f 2410/2410/2410 2411/2411/2411 2412/2412/2412
f 2413/2413/2413 2414/2414/2414 2415/2415/2415
f 2416/2416/2416 2417/2417/2417 2418/2418/2418
f 2419/2419/2419 2420/2420/2420 2421/2421/2421
f 2422/2422/2422 2423/2423/2423 2424/2424/2424
f 2425/2425/2425 2426/2426/2426 2427/2427/2427
f 2428/2428/2428 2429/2429/2429 2430/2430/2430
f 2431/2431/2431 2432/2432/2432 2433/2433/2433
f 2434/2434/2434 2435/2435/2435 2436/2436/2436
f 2437/2437/2437 2438/2438/2438 2439/2439/2439
f 2440/2440/2440 2441/2441/2441 2442/2442/2442
f 2443/2443/2443 2444/2444/2444 2445/2445/2445
f 2446/2446/2446 2447/2447/2447 2448/2448/2448
f 2449/2449/2449 2450/2450/2450 2451/2451/2451
f 2452/2452/2452 2453/2453/2453 2454/2454/2454
f 2455/2455/2455 2456/2456/2456 2457/2457/2457
f 2458/2458/2458 2459/2459/2459 2460/2460/2460
f 2461/2461/2461 2462/2462/2462 2463/2463/2463
f 2464/2464/2464 2465/2465/2465 2466/2466/2466
f 2467/2467/2467 2468/2468/2468 2469/2469/2469
f 2470/2470/2470 2471/2471/2471 2472/2472/2472
f 2473/2473/2473 2474/2474/2474 2475/2475/2475
f 2476/2476/2476 2477/2477/2477 2478/2478/2478
f 2479/2479/2479 2480/2480/2480 2481/2481/2481
f 2482/2482/2482 2483/2483/2483 2484/2484/2484
f 2485/2485/2485 2486/2486/2486 2487/2487/2487
f 2488/2488/2488 2489/2489/2489 2490/2490/2490
f 2491/2491/2491 2492/2492/2492 2493/2493/2493
f 2494/2494/2494 2495/2495/2495 2496/2496/2496
f 2497/2497/2497 2498/2498/2498 2499/2499/2499
f 2500/2500/2500 2501/2501/2501 2502/2502/2502
f 2503/2503/2503 2504/2504/2504 2505/2505/2505
f 2506/2506/2506 2507/2507/2507 2508/2508/2508
f 2509/2509/2509 2510/2510/2510 2511/2511/2511
f 2512/2512/2512 2513/2513/2513 2514/2514/2514
f 2515/2515/2515 2516/2516/2516 2517/2517/2517
f 2518/2518/2518 2519/2519/2519 2520/2520/2520
f 2521/2521/2521 2522/2522/2522 2523/2523/2523
f 2524/2524/2524 2525/2525/2525 2526/2526/2526
f 2527/2527/2527 2528/2528/2528 2529/2529/2529
f 2530/2530/2530 2531/2531/2531 2532/2532/2532
f 2533/2533/2533 2534/2534/2534 2535/2535/2535
f 2536/2536/2536 2537/2537/2537 2538/2538/2538
f 2539/2539/2539 2540/2540/2540 2541/2541/2541
f 2542/2542/2542 2543/2543/2543 2544/2544/2544
f 2545/2545/2545 2546/2546/2546 2547/2547/2547
f 2548/2548/2548 2549/2549/2549 2550/2550/2550
f 2551/2551/2551 2552/2552/2552 2553/2553/2553
f 2554/2554/2554 2555/2555/2555 2556/2556/2556
f 2557/2557/2557 2558/2558/2558 2559/2559/2559
f 2560/2560/2560 2561/2561/2561 2562/2562/2562
f 2563/2563/2563 2564/2564/2564 2565/2565/2565
f 2566/2566/2566 2567/2567/2567 2568/2568/2568
f 2569/2569/2569 2570/2570/2570 2571/2571/2571
f 2572/2572/2572 2573/2573/2573 2574/2574/2574
f 2575/2575/2575 2576/2576/2576 2577/2577/2577
f 2578/2578/2578 2579/2579/2579 2580/2580/2580
f 2581/2581/2581 2582/2582/2582 2583/2583/2583
f 2584/2584/2584 2585/2585/2585 2586/2586/2586
f 2587/2587/2587 2588/2588/2588 2589/2589/2589
f 2590/2590/2590 2591/2591/2591 2592/2592/2592
f 2593/2593/2593 2594/2594/2594 2595/2595/2595
f 2596/2596/2596 2597/2597/2597 2598/2598/2598
f 2599/2599/2599 2600/2600/2600 2601/2601/2601
f 2602/2602/2602 2603/2603/2603 2604/2604/2604
f 2605/2605/2605 2606/2606/2606 2607/2607/2607
f 2608/2608/2608 2609/2609/2609 2610/2610/2610
f 2611/2611/2611 2612/2612/2612 2613/2613/2613
f 2614/2614/2614 2615/2615/2615 2616/2616/2616
f 2617/2617/2617 2618/2618/2618 2619/2619/2619
f 2620/2620/2620 2621/2621/2621 2622/2622/2622
f 2623/2623/2623 2624/2624/2624 2625/2625/2625
f 2626/2626/2626 2627/2627/2627 2628/2628/2628
f 2629/2629/2629 2630/2630/2630 2631/2631/2631
f 2632/2632/2632 2633/2633/2633 2634/2634/2634
f 2635/2635/2635 2636/2636/2636 2637/2637/2637
f 2638/2638/2638 2639/2639/2639 2640/2640/2640
f 2641/2641/2641 2642/2642/2642 2643/2643/2643
f 2644/2644/2644 2645/2645/2645 2646/2646/2646
f 2647/2647/2647 2648/2648/2648 2649/2649/2649
f 2650/2650/2650 2651/2651/2651 2652/2652/2652
f 2653/2653/2653 2654/2654/2654 2655/2655/2655
f 2656/2656/2656 2657/2657/2657 2658/2658/2658
f 2659/2659/2659 2660/2660/2660 2661/2661/2661
f 2662/2662/2662 2663/2663/2663 2664/2664/2664
f 2665/2665/2665 2666/2666/2666 2667/2667/2667
f 2668/2668/2668 2669/2669/2669 2670/2670/2670
f 2671/2671/2671 2672/2672/2672 2673/2673/2673
f 2674/2674/2674 2675/2675/2675 2676/2676/2676
f 2677/2677/2677 2678/2678/2678 2679/2679/2679
f 2680/2680/2680 2681/2681/2681 2682/2682/2682
f 2683/2683/2683 2684/2684/2684 2685/2685/2685
f 2686/2686/2686 2687/2687/2687 2688/2688/2688
f 2689/2689/2689 2690/2690/2690 2691/2691/2691
f 2692/2692/2692 2693/2693/2693 2694/2694/2694
f 2695/2695/2695 2696/2696/2696 2697/2697/2697
f 2698/2698/2698 2699/2699/2699 2700/2700/2700
f 2701/2701/2701 2702/2702/2702 2703/2703/2703
f 2704/2704/2704 2705/2705/2705 2706/2706/2706
f 2707/2707/2707 2708/2708/2708 2709/2709/2709
f 2710/2710/2710 2711/2711/2711 2712/2712/2712
f 2713/2713/2713 2714/2714/2714 2715/2715/2715
f 2716/2716/2716 2717/2717/2717 2718/2718/2718
f 2719/2719/2719 2720/2720/2720 2721/2721/2721
f 2722/2722/2722 2723/2723/2723 2724/2724/2724
f 2725/2725/2725 2726/2726/2726 2727/2727/2727
f 2728/2728/2728 2729/2729/2729 2730/2730/2730
f 2731/2731/2731 2732/2732/2732 2733/2733/2733
f 2734/2734/2734 2735/2735/2735 2736/2736/2736
f 2737/2737/2737 2738/2738/2738 2739/2739/2739
f 2740/2740/2740 2741/2741/2741 2742/2742/2742
f 2743/2743/2743 2744/2744/2744 2745/2745/2745
f 2746/2746/2746 2747/2747/2747 2748/2748/2748
f 2749/2749/2749 2750/2750/2750 2751/2751/2751
f 2752/2752/2752 2753/2753/2753 2754/2754/2754
f 2755/2755/2755 2756/2756/2756 2757/2757/2757
f 2758/2758/2758 2759/2759/2759 2760/2760/2760
f 2761/2761/2761 2762/2762/2762 2763/2763/2763
f 2764/2764/2764 2765/2765/2765 2766/2766/2766
f 2767/2767/2767 2768/2768/2768 2769/2769/2769
f 2770/2770/2770 2771/2771/2771 2772/2772/2772
f 2773/2773/2773 2774/2774/2774 2775/2775/2775
f 2776/2776/2776 2777/2777/2777 2778/2778/2778
f 2779/2779/2779 2780/2780/2780 2781/2781/2781
f 2782/2782/2782 2783/2783/2783 2784/2784/2784
f 2785/2785/2785 2786/2786/2786 2787/2787/2787
f 2788/2788/2788 2789/2789/2789 2790/2790/2790
f 2791/2791/2791 2792/2792/2792 2793/2793/2793
f 2794/2794/2794 2795/2795/2795 2796/2796/2796
f 2797/2797/2797 2798/2798/2798 2799/2799/2799
f 2800/2800/2800 2801/2801/2801 2802/2802/2802
f 2803/2803/2803 2804/2804/2804 2805/2805/2805
f 2806/2806/2806 2807/2807/2807 2808/2808/2808
f 2809/2809/2809 2810/2810/2810 2811/2811/2811
f 2812/2812/2812 2813/2813/2813 2814/2814/2814
f 2815/2815/2815 2816/2816/2816 2817/2817/2817
f 2818/2818/2818 2819/2819/2819 2820/2820/2820
f 2821/2821/2821 2822/2822/2822 2823/2823/2823
f 2824/2824/2824 2825/2825/2825 2826/2826/2826
f 2827/2827/2827 2828/2828/2828 2829/2829/2829
f 2830/2830/2830 2831/2831/2831 2832/2832/2832
f 2833/2833/2833 2834/2834/2834 2835/2835/2835
f 2836/2836/2836 2837/2837/2837 2838/2838/2838
f 2839/2839/2839 2840/2840/2840 2841/2841/2841
f 2842/2842/2842 2843/2843/2843 2844/2844/2844
f 2845/2845/2845 2846/2846/2846 2847/2847/2847
f 2848/2848/2848 2849/2849/2849 2850/2850/2850
f 2851/2851/2851 2852/2852/2852 2853/2853/2853
f 2854/2854/2854 2855/2855/2855 2856/2856/2856
f 2857/2857/2857 2858/2858/2858 2859/2859/2859
f 2860/2860/2860 2861/2861/2861 2862/2862/2862
f 2863/2863/2863 2864/2864/2864 2865/2865/2865
f 2866/2866/2866 2867/2867/2867 2868/2868/2868
f 2869/2869/2869 2870/2870/2870 2871/2871/2871
f 2872/2872/2872 2873/2873/2873 2874/2874/2874
f 2875/2875/2875 2876/2876/2876 2877/2877/2877
f 2878/2878/2878 2879/2879/2879 2880/2880/2880
f 2881/2881/2881 2882/2882/2882 2883/2883/2883
f 2884/2884/2884 2885/2885/2885 2886/2886/2886
f 2887/2887/2887 2888/2888/2888 2889/2889/2889
f 2890/2890/2890 2891/2891/2891 2892/2892/2892
f 2893/2893/2893 2894/2894/2894 2895/2895/2895
f 2896/2896/2896 2897/2897/2897 2898/2898/2898
f 2899/2899/2899 2900/2900/2900 2901/2901/2901
f 2902/2902/2902 2903/2903/2903 2904/2904/2904
f 2905/2905/2905 2906/2906/2906 2907/2907/2907
f 2908/2908/2908 2909/2909/2909 2910/2910/2910
f 2911/2911/2911 2912/2912/2912 2913/2913/2913
f 2914/2914/2914 2915/2915/2915 2916/2916/2916
f 2917/2917/2917 2918/2918/2918 2919/2919/2919
f 2920/2920/2920 2921/2921/2921 2922/2922/2922
f 2923/2923/2923 2924/2924/2924 2925/2925/2925
f 2926/2926/2926 2927/2927/2927 2928/2928/2928
f 2929/2929/2929 2930/2930/2930 2931/2931/2931
f 2932/2932/2932 2933/2933/2933 2934/2934/2934
f 2935/2935/2935 2936/2936/2936 2937/2937/2937
f 2938/2938/2938 2939/2939/2939 2940/2940/2940
f 2941/2941/2941 2942/2942/2942 2943/2943/2943
f 2944/2944/2944 2945/2945/2945 2946/2946/2946
f 2947/2947/2947 2948/2948/2948 2949/2949/2949
f 2950/2950/2950 2951/2951/2951 2952/2952/2952
f 2953/2953/2953 2954/2954/2954 2955/2955/2955
f 2956/2956/2956 2957/2957/2957 2958/2958/2958
f 2959/2959/2959 2960/2960/2960 2961/2961/2961
f 2962/2962/2962 2963/2963/2963 2964/2964/2964
f 2965/2965/2965 2966/2966/2966 2967/2967/2967
f 2968/2968/2968 2969/2969/2969 2970/2970/2970
f 2971/2971/2971 2972/2972/2972 2973/2973/2973
f 2974/2974/2974 2975/2975/2975 2976/2976/2976
f 2977/2977/2977 2978/2978/2978 2979/2979/2979
f 2980/2980/2980 2981/2981/2981 2982/2982/2982
f 2983/2983/2983 2984/2984/2984 2985/2985/2985
f 2986/2986/2986 2987/2987/2987 2988/2988/2988
f 2989/2989/2989 2990/2990/2990 2991/2991/2991
f 2992/2992/2992 2993/2993/2993 2994/2994/2994
f 2995/2995/2995 2996/2996/2996 2997/2997/2997
f 2998/2998/2998 2999/2999/2999 3000/3000/3000
f 3001/3001/3001 3002/3002/3002 3003/3003/3003
f 3004/3004/3004 3005/3005/3005 3006/3006/3006
f 3007/3007/3007 3008/3008/3008 3009/3009/3009
f 3010/3010/3010 3011/3011/3011 3012/3012/3012
f 3013/3013/3013 3014/3014/3014 3015/3015/3015
f 3016/3016/3016 3017/3017/3017 3018/3018/3018
f 3019/3019/3019 3020/3020/3020 3021/3021/3021
f 3022/3022/3022 3023/3023/3023 3024/3024/3024
f 3025/3025/3025 3026/3026/3026 3027/3027/3027
f 3028/3028/3028 3029/3029/3029 3030/3030/3030
f 3031/3031/3031 3032/3032/3032 3033/3033/3033
f 3034/3034/3034 3035/3035/3035 3036/3036/3036
f 3037/3037/3037 3038/3038/3038 3039/3039/3039
f 3040/3040/3040 3041/3041/3041 3042/3042/3042
f 3043/3043/3043 3044/3044/3044 3045/3045/3045
f 3046/3046/3046 3047/3047/3047 3048/3048/3048
f 3049/3049/3049 3050/3050/3050 3051/3051/3051
f 3052/3052/3052 3053/3053/3053 3054/3054/3054
f 3055/3055/3055 3056/3056/3056 3057/3057/3057
f 3058/3058/3058 3059/3059/3059 3060/3060/3060
f 3061/3061/3061 3062/3062/3062 3063/3063/3063
f 3064/3064/3064 3065/3065/3065 3066/3066/3066
f 3067/3067/3067 3068/3068/3068 3069/3069/3069
f 3070/3070/3070 3071/3071/3071 3072/3072/3072
f 3073/3073/3073 3074/3074/3074 3075/3075/3075
f 3076/3076/3076 3077/3077/3077 3078/3078/3078
f 3079/3079/3079 3080/3080/3080 3081/3081/3081
f 3082/3082/3082 3083/3083/3083 3084/3084/3084
f 3085/3085/3085 3086/3086/3086 3087/3087/3087
f 3088/3088/3088 3089/3089/3089 3090/3090/3090
f 3091/3091/3091 3092/3092/3092 3093/3093/3093
f 3094/3094/3094 3095/3095/3095 3096/3096/3096
f 3097/3097/3097 3098/3098/3098 3099/3099/3099
f 3100/3100/3100 3101/3101/3101 3102/3102/3102
f 3103/3103/3103 3104/3104/3104 3105/3105/3105
f 3106/3106/3106 3107/3107/3107 3108/3108/3108
f 3109/3109/3109 3110/3110/3110 3111/3111/3111
f 3112/3112/3112 3113/3113/3113 3114/3114/3114
f 3115/3115/3115 3116/3116/3116 3117/3117/3117
f 3118/3118/3118 3119/3119/3119 3120/3120/3120
f 3121/3121/3121 3122/3122/3122 3123/3123/3123
f 3124/3124/3124 3125/3125/3125 3126/3126/3126
f 3127/3127/3127 3128/3128/3128 3129/3129/3129
f 3130/3130/3130 3131/3131/3131 3132/3132/3132
f 3133/3133/3133 3134/3134/3134 3135/3135/3135
f 3136/3136/3136 3137/3137/3137 3138/3138/3138
f 3139/3139/3139 3140/3140/3140 3141/3141/3141
f 3142/3142/3142 3143/3143/3143 3144/3144/3144
f 3145/3145/3145 3146/3146/3146 3147/3147/3147
f 3148/3148/3148 3149/3149/3149 3150/3150/3150
f 3151/3151/3151 3152/3152/3152 3153/3153/3153
f 3154/3154/3154 3155/3155/3155 3156/3156/3156
f 3157/3157/3157 3158/3158/3158 3159/3159/3159
f 3160/3160/3160 3161/3161/3161 3162/3162/3162
f 3163/3163/3163 3164/3164/3164 3165/3165/3165
f 3166/3166/3166 3167/3167/3167 3168/3168/3168
f 3169/3169/3169 3170/3170/3170 3171/3171/3171
f 3172/3172/3172 3173/3173/3173 3174/3174/3174
f 3175/3175/3175 3176/3176/3176 3177/3177/3177
f 3178/3178/3178 3179/3179/3179 3180/3180/3180
f 3181/3181/3181 3182/3182/3182 3183/3183/3183
f 3184/3184/3184 3185/3185/3185 3186/3186/3186
f 3187/3187/3187 3188/3188/3188 3189/3189/3189
f 3190/3190/3190 3191/3191/3191 3192/3192/3192
f 3193/3193/3193 3194/3194/3194 3195/3195/3195
f 3196/3196/3196 3197/3197/3197 3198/3198/3198
f 3199/3199/3199 3200/3200/3200 3201/3201/3201
f 3202/3202/3202 3203/3203/3203 3204/3204/3204
f 3205/3205/3205 3206/3206/3206 3207/3207/3207
f 3208/3208/3208 3209/3209/3209 3210/3210/3210
f 3211/3211/3211 3212/3212/3212 3213/3213/3213
f 3214/3214/3214 3215/3215/3215 3216/3216/3216
f 3217/3217/3217 3218/3218/3218 3219/3219/3219
f 3220/3220/3220 3221/3221/3221 3222/3222/3222
f 3223/3223/3223 3224/3224/3224 3225/3225/3225
f 3226/3226/3226 3227/3227/3227 3228/3228/3228
f 3229/3229/3229 3230/3230/3230 3231/3231/3231
f 3232/3232/3232 3233/3233/3233 3234/3234/3234
f 3235/3235/3235 3236/3236/3236 3237/3237/3237
f 3238/3238/3238 3239/3239/3239 3240/3240/3240
f 3241/3241/3241 3242/3242/3242 3243/3243/3243
f 3244/3244/3244 3245/3245/3245 3246/3246/3246
f 3247/3247/3247 3248/3248/3248 3249/3249/3249
f 3250/3250/3250 3251/3251/3251 3252/3252/3252
f 3253/3253/3253 3254/3254/3254 3255/3255/3255
f 3256/3256/3256 3257/3257/3257 3258/3258/3258
f 3259/3259/3259 3260/3260/3260 3261/3261/3261
f 3262/3262/3262 3263/3263/3263 3264/3264/3264
f 3265/3265/3265 3266/3266/3266 3267/3267/3267
f 3268/3268/3268 3269/3269/3269 3270/3270/3270
f 3271/3271/3271 3272/3272/3272 3273/3273/3273
f 3274/3274/3274 3275/3275/3275 3276/3276/3276
f 3277/3277/3277 3278/3278/3278 3279/3279/3279
f 3280/3280/3280 3281/3281/3281 3282/3282/3282
f 3283/3283/3283 3284/3284/3284 3285/3285/3285
f 3286/3286/3286 3287/3287/3287 3288/3288/3288
f 3289/3289/3289 3290/3290/3290 3291/3291/3291
f 3292/3292/3292 3293/3293/3293 3294/3294/3294
f 3295/3295/3295 3296/3296/3296 3297/3297/3297
f 3298/3298/3298 3299/3299/3299 3300/3300/3300
f 3301/3301/3301 3302/3302/3302 3303/3303/3303
f 3304/3304/3304 3305/3305/3305 3306/3306/3306
f 3307/3307/3307 3308/3308/3308 3309/3309/3309
f 3310/3310/3310 3311/3311/3311 3312/3312/3312
f 3313/3313/3313 3314/3314/3314 3315/3315/3315
f 3316/3316/3316 3317/3317/3317 3318/3318/3318
f 3319/3319/3319 3320/3320/3320 3321/3321/3321
f 3322/3322/3322 3323/3323/3323 3324/3324/3324
f 3325/3325/3325 3326/3326/3326 3327/3327/3327
f 3328/3328/3328 3329/3329/3329 3330/3330/3330
f 3331/3331/3331 3332/3332/3332 3333/3333/3333
f 3334/3334/3334 3335/3335/3335 3336/3336/3336
f 3337/3337/3337 3338/3338/3338 3339/3339/3339
f 3340/3340/3340 3341/3341/3341 3342/3342/3342
f 3343/3343/3343 3344/3344/3344 3345/3345/3345
f 3346/3346/3346 3347/3347/3347 3348/3348/3348
f 3349/3349/3349 3350/3350/3350 3351/3351/3351
f 3352/3352/3352 3353/3353/3353 3354/3354/3354
f 3355/3355/3355 3356/3356/3356 3357/3357/3357
f 3358/3358/3358 3359/3359/3359 3360/3360/3360
f 3361/3361/3361 3362/3362/3362 3363/3363/3363
f 3364/3364/3364 3365/3365/3365 3366/3366/3366
f 3367/3367/3367 3368/3368/3368 3369/3369/3369
f 3370/3370/3370 3371/3371/3371 3372/3372/3372
f 3373/3373/3373 3374/3374/3374 3375/3375/3375
f 3376/3376/3376 3377/3377/3377 3378/3378/3378
f 3379/3379/3379 3380/3380/3380 3381/3381/3381
f 3382/3382/3382 3383/3383/3383 3384/3384/3384
f 3385/3385/3385 3386/3386/3386 3387/3387/3387
f 3388/3388/3388 3389/3389/3389 3390/3390/3390
f 3391/3391/3391 3392/3392/3392 3393/3393/3393
f 3394/3394/3394 3395/3395/3395 3396/3396/3396
f 3397/3397/3397 3398/3398/3398 3399/3399/3399
f 3400/3400/3400 3401/3401/3401 3402/3402/3402
f 3403/3403/3403 3404/3404/3404 3405/3405/3405
f 3406/3406/3406 3407/3407/3407 3408/3408/3408
f 3409/3409/3409 3410/3410/3410 3411/3411/3411
f 3412/3412/3412 3413/3413/3413 3414/3414/3414
f 3415/3415/3415 3416/3416/3416 3417/3417/3417
f 3418/3418/3418 3419/3419/3419 3420/3420/3420
f 3421/3421/3421 3422/3422/3422 3423/3423/3423
f 3424/3424/3424 3425/3425/3425 3426/3426/3426
f 3427/3427/3427 3428/3428/3428 3429/3429/3429
f 3430/3430/3430 3431/3431/3431 3432/3432/3432
f 3433/3433/3433 3434/3434/3434 3435/3435/3435
f 3436/3436/3436 3437/3437/3437 3438/3438/3438
f 3439/3439/3439 3440/3440/3440 3441/3441/3441
f 3442/3442/3442 3443/3443/3443 3444/3444/3444
f 3445/3445/3445 3446/3446/3446 3447/3447/3447
f 3448/3448/3448 3449/3449/3449 3450/3450/3450
f 3451/3451/3451 3452/3452/3452 3453/3453/3453
f 3454/3454/3454 3455/3455/3455 3456/3456/3456
f 3457/3457/3457 3458/3458/3458 3459/3459/3459
f 3460/3460/3460 3461/3461/3461 3462/3462/3462
f 3463/3463/3463 3464/3464/3464 3465/3465/3465
f 3466/3466/3466 3467/3467/3467 3468/3468/3468
f 3469/3469/3469 3470/3470/3470 3471/3471/3471
f 3472/3472/3472 3473/3473/3473 3474/3474/3474
f 3475/3475/3475 3476/3476/3476 3477/3477/3477
f 3478/3478/3478 3479/3479/3479 3480/3480/3480
f 3481/3481/3481 3482/3482/3482 3483/3483/3483
f 3484/3484/3484 3485/3485/3485 3486/3486/3486
f 3487/3487/3487 3488/3488/3488 3489/3489/3489
f 3490/3490/3490 3491/3491/3491 3492/3492/3492
f 3493/3493/3493 3494/3494/3494 3495/3495/3495
f 3496/3496/3496 3497/3497/3497 3498/3498/3498
f 3499/3499/3499 3500/3500/3500 3501/3501/3501
f 3502/3502/3502 3503/3503/3503 3504/3504/3504
f 3505/3505/3505 3506/3506/3506 3507/3507/3507
f 3508/3508/3508 3509/3509/3509 3510/3510/3510
f 3511/3511/3511 3512/3512/3512 3513/3513/3513
f 3514/3514/3514 3515/3515/3515 3516/3516/3516
f 3517/3517/3517 3518/3518/3518 3519/3519/3519
f 3520/3520/3520 3521/3521/3521 3522/3522/3522
f 3523/3523/3523 3524/3524/3524 3525/3525/3525
f 3526/3526/3526 3527/3527/3527 3528/3528/3528
f 3529/3529/3529 3530/3530/3530 3531/3531/3531
f 3532/3532/3532 3533/3533/3533 3534/3534/3534
f 3535/3535/3535 3536/3536/3536 3537/3537/3537
f 3538/3538/3538 3539/3539/3539 3540/3540/3540
f 3541/3541/3541 3542/3542/3542 3543/3543/3543
f 3544/3544/3544 3545/3545/3545 3546/3546/3546
f 3547/3547/3547 3548/3548/3548 3549/3549/3549
f 3550/3550/3550 3551/3551/3551 3552/3552/3552
f 3553/3553/3553 3554/3554/3554 3555/3555/3555
f 3556/3556/3556 3557/3557/3557 3558/3558/3558
f 3559/3559/3559 3560/3560/3560 3561/3561/3561
f 3562/3562/3562 3563/3563/3563 3564/3564/3564
f 3565/3565/3565 3566/3566/3566 3567/3567/3567
f 3568/3568/3568 3569/3569/3569 3570/3570/3570
f 3571/3571/3571 3572/3572/3572 3573/3573/3573
f 3574/3574/3574 3575/3575/3575 3576/3576/3576
f 3577/3577/3577 3578/3578/3578 3579/3579/3579
f 3580/3580/3580 3581/3581/3581 3582/3582/3582
f 3583/3583/3583 3584/3584/3584 3585/3585/3585
f 3586/3586/3586 3587/3587/3587 3588/3588/3588
f 3589/3589/3589 3590/3590/3590 3591/3591/3591
f 3592/3592/3592 3593/3593/3593 3594/3594/3594
f 3595/3595/3595 3596/3596/3596 3597/3597/3597
f 3598/3598/3598 3599/3599/3599 3600/3600/3600
f 3601/3601/3601 3602/3602/3602 3603/3603/3603
f 3604/3604/3604 3605/3605/3605 3606/3606/3606
f 3607/3607/3607 3608/3608/3608 3609/3609/3609
f 3610/3610/3610 3611/3611/3611 3612/3612/3612
f 3613/3613/3613 3614/3614/3614 3615/3615/3615
f 3616/3616/3616 3617/3617/3617 3618/3618/3618
f 3619/3619/3619 3620/3620/3620 3621/3621/3621
f 3622/3622/3622 3623/3623/3623 3624/3624/3624
f 3625/3625/3625 3626/3626/3626 3627/3627/3627
f 3628/3628/3628 3629/3629/3629 3630/3630/3630
f 3631/3631/3631 3632/3632/3632 3633/3633/3633
f 3634/3634/3634 3635/3635/3635 3636/3636/3636
f 3637/3637/3637 3638/3638/3638 3639/3639/3639
f 3640/3640/3640 3641/3641/3641 3642/3642/3642
f 3643/3643/3643 3644/3644/3644 3645/3645/3645
f 3646/3646/3646 3647/3647/3647 3648/3648/3648
f 3649/3649/3649 3650/3650/3650 3651/3651/3651
f 3652/3652/3652 3653/3653/3653 3654/3654/3654
f 3655/3655/3655 3656/3656/3656 3657/3657/3657
f 3658/3658/3658 3659/3659/3659 3660/3660/3660
f 3661/3661/3661 3662/3662/3662 3663/3663/3663
f 3664/3664/3664 3665/3665/3665 3666/3666/3666
f 3667/3667/3667 3668/3668/3668 3669/3669/3669
f 3670/3670/3670 3671/3671/3671 3672/3672/3672
f 3673/3673/3673 3674/3674/3674 3675/3675/3675
f 3676/3676/3676 3677/3677/3677 3678/3678/3678
f 3679/3679/3679 3680/3680/3680 3681/3681/3681
f 3682/3682/3682 3683/3683/3683 3684/3684/3684
f 3685/3685/3685 3686/3686/3686 3687/3687/3687
f 3688/3688/3688 3689/3689/3689 3690/3690/3690
f 3691/3691/3691 3692/3692/3692 3693/3693/3693
f 3694/3694/3694 3695/3695/3695 3696/3696/3696
f 3697/3697/3697 3698/3698/3698 3699/3699/3699
f 3700/3700/3700 3701/3701/3701 3702/3702/3702
f 3703/3703/3703 3704/3704/3704 3705/3705/3705
f 3706/3706/3706 3707/3707/3707 3708/3708/3708
f 3709/3709/3709 3710/3710/3710 3711/3711/3711
f 3712/3712/3712 3713/3713/3713 3714/3714/3714
f 3715/3715/3715 3716/3716/3716 3717/3717/3717
f 3718/3718/3718 3719/3719/3719 3720/3720/3720
f 3721/3721/3721 3722/3722/3722 3723/3723/3723
f 3724/3724/3724 3725/3725/3725 3726/3726/3726
f 3727/3727/3727 3728/3728/3728 3729/3729/3729
f 3730/3730/3730 3731/3731/3731 3732/3732/3732
f 3733/3733/3733 3734/3734/3734 3735/3735/3735
f 3736/3736/3736 3737/3737/3737 3738/3738/3738
f 3739/3739/3739 3740/3740/3740 3741/3741/3741
f 3742/3742/3742 3743/3743/3743 3744/3744/3744
f 3745/3745/3745 3746/3746/3746 3747/3747/3747
f 3748/3748/3748 3749/3749/3749 3750/3750/3750
f 3751/3751/3751 3752/3752/3752 3753/3753/3753
f 3754/3754/3754 3755/3755/3755 3756/3756/3756
f 3757/3757/3757 3758/3758/3758 3759/3759/3759
f 3760/3760/3760 3761/3761/3761 3762/3762/3762
f 3763/3763/3763 3764/3764/3764 3765/3765/3765
f 3766/3766/3766 3767/3767/3767 3768/3768/3768
f 3769/3769/3769 3770/3770/3770 3771/3771/3771
f 3772/3772/3772 3773/3773/3773 3774/3774/3774
f 3775/3775/3775 3776/3776/3776 3777/3777/3777
f 3778/3778/3778 3779/3779/3779 3780/3780/3780
f 3781/3781/3781 3782/3782/3782 3783/3783/3783
f 3784/3784/3784 3785/3785/3785 3786/3786/3786
f 3787/3787/3787 3788/3788/3788 3789/3789/3789
f 3790/3790/3790 3791/3791/3791 3792/3792/3792
f 3793/3793/3793 3794/3794/3794 3795/3795/3795
f 3796/3796/3796 3797/3797/3797 3798/3798/3798
f 3799/3799/3799 3800/3800/3800 3801/3801/3801
f 3802/3802/3802 3803/3803/3803 3804/3804/3804
f 3805/3805/3805 3806/3806/3806 3807/3807/3807
f 3808/3808/3808 3809/3809/3809 3810/3810/3810
f 3811/3811/3811 3812/3812/3812 3813/3813/3813
f 3814/3814/3814 3815/3815/3815 3816/3816/3816
f 3817/3817/3817 3818/3818/3818 3819/3819/3819
f 3820/3820/3820 3821/3821/3821 3822/3822/3822
f 3823/3823/3823 3824/3824/3824 3825/3825/3825
f 3826/3826/3826 3827/3827/3827 3828/3828/3828
f 3829/3829/3829 3830/3830/3830 3831/3831/3831
f 3832/3832/3832 3833/3833/3833 3834/3834/3834
f 3835/3835/3835 3836/3836/3836 3837/3837/3837
f 3838/3838/3838 3839/3839/3839 3840/3840/3840
f 3841/3841/3841 3842/3842/3842 3843/3843/3843
f 3844/3844/3844 3845/3845/3845 3846/3846/3846
f 3847/3847/3847 3848/3848/3848 3849/3849/3849
f 3850/3850/3850 3851/3851/3851 3852/3852/3852
f 3853/3853/3853 3854/3854/3854 3855/3855/3855
f 3856/3856/3856 3857/3857/3857 3858/3858/3858
f 3859/3859/3859 3860/3860/3860 3861/3861/3861
f 3862/3862/3862 3863/3863/3863 3864/3864/3864
f 3865/3865/3865 3866/3866/3866 3867/3867/3867
f 3868/3868/3868 3869/3869/3869 3870/3870/3870
f 3871/3871/3871 3872/3872/3872 3873/3873/3873
f 3874/3874/3874 3875/3875/3875 3876/3876/3876
f 3877/3877/3877 3878/3878/3878 3879/3879/3879
f 3880/3880/3880 3881/3881/3881 3882/3882/3882
f 3883/3883/3883 3884/3884/3884 3885/3885/3885
f 3886/3886/3886 3887/3887/3887 3888/3888/3888
f 3889/3889/3889 3890/3890/3890 3891/3891/3891
f 3892/3892/3892 3893/3893/3893 3894/3894/3894
f 3895/3895/3895 3896/3896/3896 3897/3897/3897
f 3898/3898/3898 3899/3899/3899 3900/3900/3900
f 3901/3901/3901 3902/3902/3902 3903/3903/3903
f 3904/3904/3904 3905/3905/3905 3906/3906/3906
f 3907/3907/3907 3908/3908/3908 3909/3909/3909
f 3910/3910/3910 3911/3911/3911 3912/3912/3912
f 3913/3913/3913 3914/3914/3914 3915/3915/3915
f 3916/3916/3916 3917/3917/3917 3918/3918/3918
f 3919/3919/3919 3920/3920/3920 3921/3921/3921
f 3922/3922/3922 3923/3923/3923 3924/3924/3924
f 3925/3925/3925 3926/3926/3926 3927/3927/3927
f 3928/3928/3928 3929/3929/3929 3930/3930/3930
f 3931/3931/3931 3932/3932/3932 3933/3933/3933
f 3934/3934/3934 3935/3935/3935 3936/3936/3936
f 3937/3937/3937 3938/3938/3938 3939/3939/3939
f 3940/3940/3940 3941/3941/3941 3942/3942/3942
f 3943/3943/3943 3944/3944/3944 3945/3945/3945
f 3946/3946/3946 3947/3947/3947 3948/3948/3948
f 3949/3949/3949 3950/3950/3950 3951/3951/3951
f 3952/3952/3952 3953/3953/3953 3954/3954/3954
f 3955/3955/3955 3956/3956/3956 3957/3957/3957
f 3958/3958/3958 3959/3959/3959 3960/3960/3960
f 3961/3961/3961 3962/3962/3962 3963/3963/3963
f 3964/3964/3964 3965/3965/3965 3966/3966/3966
f 3967/3967/3967 3968/3968/3968 3969/3969/3969
f 3970/3970/3970 3971/3971/3971 3972/3972/3972
f 3973/3973/3973 3974/3974/3974 3975/3975/3975
f 3976/3976/3976 3977/3977/3977 3978/3978/3978
f 3979/3979/3979 3980/3980/3980 3981/3981/3981
f 3982/3982/3982 3983/3983/3983 3984/3984/3984
f 3985/3985/3985 3986/3986/3986 3987/3987/3987
f 3988/3988/3988 3989/3989/3989 3990/3990/3990
f 3991/3991/3991 3992/3992/3992 3993/3993/3993
f 3994/3994/3994 3995/3995/3995 3996/3996/3996
f 3997/3997/3997 3998/3998/3998 3999/3999/3999
f 4000/4000/4000 4001/4001/4001 4002/4002/4002
f 4003/4003/4003 4004/4004/4004 4005/4005/4005
f 4006/4006/4006 4007/4007/4007 4008/4008/4008
f 4009/4009/4009 4010/4010/4010 4011/4011/4011
f 4012/4012/4012 4013/4013/4013 4014/4014/4014
f 4015/4015/4015 4016/4016/4016 4017/4017/4017
f 4018/4018/4018 4019/4019/4019 4020/4020/4020
f 4021/4021/4021 4022/4022/4022 4023/4023/4023
f 4024/4024/4024 4025/4025/4025 4026/4026/4026
f 4027/4027/4027 4028/4028/4028 4029/4029/4029
f 4030/4030/4030 4031/4031/4031 4032/4032/4032
f 4033/4033/4033 4034/4034/4034 4035/4035/4035
f 4036/4036/4036 4037/4037/4037 4038/4038/4038
f 4039/4039/4039 4040/4040/4040 4041/4041/4041
f 4042/4042/4042 4043/4043/4043 4044/4044/4044
f 4045/4045/4045 4046/4046/4046 4047/4047/4047
f 4048/4048/4048 4049/4049/4049 4050/4050/4050
f 4051/4051/4051 4052/4052/4052 4053/4053/4053
f 4054/4054/4054 4055/4055/4055 4056/4056/4056
f 4057/4057/4057 4058/4058/4058 4059/4059/4059
f 4060/4060/4060 4061/4061/4061 4062/4062/4062
f 4063/4063/4063 4064/4064/4064 4065/4065/4065
f 4066/4066/4066 4067/4067/4067 4068/4068/4068
f 4069/4069/4069 4070/4070/4070 4071/4071/4071
f 4072/4072/4072 4073/4073/4073 4074/4074/4074
f 4075/4075/4075 4076/4076/4076 4077/4077/4077
f 4078/4078/4078 4079/4079/4079 4080/4080/4080
f 4081/4081/4081 4082/4082/4082 4083/4083/4083
f 4084/4084/4084 4085/4085/4085 4086/4086/4086
f 4087/4087/4087 4088/4088/4088 4089/4089/4089
f 4090/4090/4090 4091/4091/4091 4092/4092/4092
f 4093/4093/4093 4094/4094/4094 4095/4095/4095
f 4096/4096/4096 4097/4097/4097 4098/4098/4098
f 4099/4099/4099 4100/4100/4100 4101/4101/4101
f 4102/4102/4102 4103/4103/4103 4104/4104/4104
f 4105/4105/4105 4106/4106/4106 4107/4107/4107
f 4108/4108/4108 4109/4109/4109 4110/4110/4110
f 4111/4111/4111 4112/4112/4112 4113/4113/4113
f 4114/4114/4114 4115/4115/4115 4116/4116/4116
f 4117/4117/4117 4118/4118/4118 4119/4119/4119
f 4120/4120/4120 4121/4121/4121 4122/4122/4122
f 4123/4123/4123 4124/4124/4124 4125/4125/4125
f 4126/4126/4126 4127/4127/4127 4128/4128/4128
f 4129/4129/4129 4130/4130/4130 4131/4131/4131
f 4132/4132/4132 4133/4133/4133 4134/4134/4134
f 4135/4135/4135 4136/4136/4136 4137/4137/4137
f 4138/4138/4138 4139/4139/4139 4140/4140/4140
f 4141/4141/4141 4142/4142/4142 4143/4143/4143
f 4144/4144/4144 4145/4145/4145 4146/4146/4146
f 4147/4147/4147 4148/4148/4148 4149/4149/4149
f 4150/4150/4150 4151/4151/4151 4152/4152/4152
f 4153/4153/4153 4154/4154/4154 4155/4155/4155
f 4156/4156/4156 4157/4157/4157 4158/4158/4158
f 4159/4159/4159 4160/4160/4160 4161/4161/4161
f 4162/4162/4162 4163/4163/4163 4164/4164/4164
f 4165/4165/4165 4166/4166/4166 4167/4167/4167
f 4168/4168/4168 4169/4169/4169 4170/4170/4170
f 4171/4171/4171 4172/4172/4172 4173/4173/4173
f 4174/4174/4174 4175/4175/4175 4176/4176/4176
f 4177/4177/4177 4178/4178/4178 4179/4179/4179
f 4180/4180/4180 4181/4181/4181 4182/4182/4182
f 4183/4183/4183 4184/4184/4184 4185/4185/4185
f 4186/4186/4186 4187/4187/4187 4188/4188/4188
f 4189/4189/4189 4190/4190/4190 4191/4191/4191
f 4192/4192/4192 4193/4193/4193 4194/4194/4194
f 4195/4195/4195 4196/4196/4196 4197/4197/4197
f 4198/4198/4198 4199/4199/4199 4200/4200/4200

