# Low-cost armor body: 3D plate, front recessed light bars, covered rear, and raised digit.
# Generated by webots/tools/make_plate_lights_obj.py.
mtllib armor_red4.mtl

g SIMPLE_ARMOR_PLATE_REAR_COVER
usemtl RM2019裁判系统装甲模块AM02:black_spray_paint:15:15:15
v -65.66455 165.564 -47.50025
v 69.33545 165.564 -47.50025
v 69.33545 165.564 87.49975
v -65.66455 165.564 87.49975
v -65.66455 156.564 -47.50025
v 69.33545 156.564 -47.50025
v 69.33545 156.564 87.49975
v -65.66455 156.564 87.49975
f 1 3 2
f 1 4 3
f 5 6 7
f 5 7 8
f 1 2 6
f 1 6 5
f 2 3 7
f 2 7 6
f 3 4 8
f 3 8 7
f 4 1 5
f 4 5 8

g SIMPLE_ARMOR_PLATE_FRONT_WITH_LIGHT_CUTOUTS
usemtl RM2019裁判系统装甲模块AM02:black_spray_paint:15:15:15
v -65.66455 171.564 -47.50025
v -65.16455 171.564 -47.50025
v -65.16455 171.564 1.924
v -65.66455 171.564 1.924
v -65.66455 165.564 -47.50025
v -65.16455 165.564 -47.50025
v -65.16455 165.564 1.924
v -65.66455 165.564 1.924
f 9 11 10
f 9 12 11
f 13 14 15
f 13 15 16
f 9 10 14
f 9 14 13
f 10 11 15
f 10 15 14
f 11 12 16
f 11 16 15
f 12 9 13
f 12 13 16
v -65.66455 171.564 1.924
v -65.16455 171.564 1.924
v -65.16455 171.564 52.324
v -65.66455 171.564 52.324
v -65.66455 165.564 1.924
v -65.16455 165.564 1.924
v -65.16455 165.564 52.324
v -65.66455 165.564 52.324
f 17 19 18
f 17 20 19
f 21 22 23
f 21 23 24
f 17 18 22
f 17 22 21
f 18 19 23
f 18 23 22
f 19 20 24
f 19 24 23
f 20 17 21
f 20 21 24
v -65.66455 171.564 52.324
v -65.16455 171.564 52.324
v -65.16455 171.564 87.49975
v -65.66455 171.564 87.49975
v -65.66455 165.564 52.324
v -65.16455 165.564 52.324
v -65.16455 165.564 87.49975
v -65.66455 165.564 87.49975
f 25 27 26
f 25 28 27
f 29 30 31
f 29 31 32
f 25 26 30
f 25 30 29
f 26 27 31
f 26 31 30
f 27 28 32
f 27 32 31
f 28 25 29
f 28 29 32
v -65.16455 171.564 -47.50025
v -56.96455 171.564 -47.50025
v -56.96455 171.564 1.924
v -65.16455 171.564 1.924
v -65.16455 165.564 -47.50025
v -56.96455 165.564 -47.50025
v -56.96455 165.564 1.924
v -65.16455 165.564 1.924
f 33 35 34
f 33 36 35
f 37 38 39
f 37 39 40
f 33 34 38
f 33 38 37
f 34 35 39
f 34 39 38
f 35 36 40
f 35 40 39
f 36 33 37
f 36 37 40
v -65.16455 171.564 52.324
v -56.96455 171.564 52.324
v -56.96455 171.564 87.49975
v -65.16455 171.564 87.49975
v -65.16455 165.564 52.324
v -56.96455 165.564 52.324
v -56.96455 165.564 87.49975
v -65.16455 165.564 87.49975
f 41 43 42
f 41 44 43
f 45 46 47
f 45 47 48
f 41 42 46
f 41 46 45
f 42 43 47
f 42 47 46
f 43 44 48
f 43 48 47
f 44 41 45
f 44 45 48
v -56.96455 171.564 -47.50025
v 60.6355 171.564 -47.50025
v 60.6355 171.564 1.924
v -56.96455 171.564 1.924
v -56.96455 165.564 -47.50025
v 60.6355 165.564 -47.50025
v 60.6355 165.564 1.924
v -56.96455 165.564 1.924
f 49 51 50
f 49 52 51
f 53 54 55
f 53 55 56
f 49 50 54
f 49 54 53
f 50 51 55
f 50 55 54
f 51 52 56
f 51 56 55
f 52 49 53
f 52 53 56
v -56.96455 171.564 1.924
v 60.6355 171.564 1.924
v 60.6355 171.564 52.324
v -56.96455 171.564 52.324
v -56.96455 165.564 1.924
v 60.6355 165.564 1.924
v 60.6355 165.564 52.324
v -56.96455 165.564 52.324
f 57 59 58
f 57 60 59
f 61 62 63
f 61 63 64
f 57 58 62
f 57 62 61
f 58 59 63
f 58 63 62
f 59 60 64
f 59 64 63
f 60 57 61
f 60 61 64
v -56.96455 171.564 52.324
v 60.6355 171.564 52.324
v 60.6355 171.564 87.49975
v -56.96455 171.564 87.49975
v -56.96455 165.564 52.324
v 60.6355 165.564 52.324
v 60.6355 165.564 87.49975
v -56.96455 165.564 87.49975
f 65 67 66
f 65 68 67
f 69 70 71
f 69 71 72
f 65 66 70
f 65 70 69
f 66 67 71
f 66 71 70
f 67 68 72
f 67 72 71
f 68 65 69
f 68 69 72
v 60.6355 171.564 -47.50025
v 68.8355 171.564 -47.50025
v 68.8355 171.564 1.924
v 60.6355 171.564 1.924
v 60.6355 165.564 -47.50025
v 68.8355 165.564 -47.50025
v 68.8355 165.564 1.924
v 60.6355 165.564 1.924
f 73 75 74
f 73 76 75
f 77 78 79
f 77 79 80
f 73 74 78
f 73 78 77
f 74 75 79
f 74 79 78
f 75 76 80
f 75 80 79
f 76 73 77
f 76 77 80
v 60.6355 171.564 52.324
v 68.8355 171.564 52.324
v 68.8355 171.564 87.49975
v 60.6355 171.564 87.49975
v 60.6355 165.564 52.324
v 68.8355 165.564 52.324
v 68.8355 165.564 87.49975
v 60.6355 165.564 87.49975
f 81 83 82
f 81 84 83
f 85 86 87
f 85 87 88
f 81 82 86
f 81 86 85
f 82 83 87
f 82 87 86
f 83 84 88
f 83 88 87
f 84 81 85
f 84 85 88
v 68.8355 171.564 -47.50025
v 69.33545 171.564 -47.50025
v 69.33545 171.564 1.924
v 68.8355 171.564 1.924
v 68.8355 165.564 -47.50025
v 69.33545 165.564 -47.50025
v 69.33545 165.564 1.924
v 68.8355 165.564 1.924
f 89 91 90
f 89 92 91
f 93 94 95
f 93 95 96
f 89 90 94
f 89 94 93
f 90 91 95
f 90 95 94
f 91 92 96
f 91 96 95
f 92 89 93
f 92 93 96
v 68.8355 171.564 1.924
v 69.33545 171.564 1.924
v 69.33545 171.564 52.324
v 68.8355 171.564 52.324
v 68.8355 165.564 1.924
v 69.33545 165.564 1.924
v 69.33545 165.564 52.324
v 68.8355 165.564 52.324
f 97 99 98
f 97 100 99
f 101 102 103
f 101 103 104
f 97 98 102
f 97 102 101
f 98 99 103
f 98 103 102
f 99 100 104
f 99 104 103
f 100 97 101
f 100 101 104
v 68.8355 171.564 52.324
v 69.33545 171.564 52.324
v 69.33545 171.564 87.49975
v 68.8355 171.564 87.49975
v 68.8355 165.564 52.324
v 69.33545 165.564 52.324
v 69.33545 165.564 87.49975
v 68.8355 165.564 87.49975
f 105 107 106
f 105 108 107
f 109 110 111
f 109 111 112
f 105 106 110
f 105 110 109
f 106 107 111
f 106 111 110
f 107 108 112
f 107 112 111
f 108 105 109
f 108 109 112


g RECTANGULAR_RED_LIGHT_BARS
usemtl RM2019裁判系统装甲模块AM02:color:255:35:0
v -64.96455 171.564 2.124
v -57.16455 171.564 2.124
v -57.16455 171.564 52.124
v -64.96455 171.564 52.124
v -64.96455 165.564 2.124
v -57.16455 165.564 2.124
v -57.16455 165.564 52.124
v -64.96455 165.564 52.124
f 113 115 114
f 113 116 115
f 117 118 119
f 117 119 120
f 113 114 118
f 113 118 117
f 114 115 119
f 114 119 118
f 115 116 120
f 115 120 119
f 116 113 117
f 116 117 120
v 60.8355 171.564 2.124
v 68.6355 171.564 2.124
v 68.6355 171.564 52.124
v 60.8355 171.564 52.124
v 60.8355 165.564 2.124
v 68.6355 165.564 2.124
v 68.6355 165.564 52.124
v 60.8355 165.564 52.124
f 121 123 122
f 121 124 123
f 125 126 127
f 125 127 128
f 121 122 126
f 121 126 125
f 122 123 127
f 122 127 126
f 123 124 128
f 123 128 127
f 124 121 125
f 124 125 128

g MERGED_WHITE_DIGIT
usemtl RM2019裁判系统装甲模块AM02:color:255:255:255
v 14.0027 175.564 -23.2738
v 14.0027 173.564 -23.2738
v 15.0053 173.564 -23.2738
v 14.0027 173.564 -23.2738
v 13.0001 175.564 -23.2738
v 13.0001 173.564 -23.2738
v 13.0001 175.564 -23.2738
v 14.0027 173.564 -23.2738
v 14.0027 175.564 -23.2738
v 11.9975 173.564 -23.2738
v 13.0001 173.564 -23.2738
v 11.9975 175.564 -23.2738
v 13.0001 175.564 -23.2738
v 11.9975 175.564 -23.2738
v 13.0001 173.564 -23.2738
v 10.9949 175.564 -23.2738
v 10.9949 173.564 -23.2738
v 11.9975 173.564 -23.2738
v 11.9975 173.564 -23.2738
v 11.9975 175.564 -23.2738
v 10.9949 175.564 -23.2738
v 10.9949 173.564 -23.2738
v 9.99237 175.564 -23.2738
v 9.99237 173.564 -23.2738
v 9.99237 175.564 -23.2738
v 10.9949 173.564 -23.2738
v 10.9949 175.564 -23.2738
v 8.98979 173.564 -23.2738
v 9.99237 173.564 -23.2738
v 8.98979 175.564 -23.2738
v 9.99237 175.564 -23.2738
v 8.98979 175.564 -23.2738
v 9.99237 173.564 -23.2738
v 7.98721 175.564 -23.2738
v 7.98721 173.564 -23.2738
v 8.98979 173.564 -23.2738
v 8.98979 173.564 -23.2738
v 8.98979 175.564 -23.2738
v 7.98721 175.564 -23.2738
v 14.0027 175.564 -23.2738
v 15.0053 173.564 -23.2738
v 15.0053 175.564 -23.2738
v 16.0078 173.564 -23.2738
v 16.0078 175.564 -23.2738
v 15.0053 175.564 -23.2738
v 15.0053 175.564 -23.2738
v 15.0053 173.564 -23.2738
v 16.0078 173.564 -23.2738
v 16.0078 175.564 -23.2738
v 17.0104 173.564 -23.2738
v 17.0104 175.564 -23.2738
v 17.0104 173.564 -23.2738
v 16.0078 175.564 -23.2738
v 16.0078 173.564 -23.2738
v 18.013 175.564 -23.2738
v 17.0104 175.564 -23.2738
v 18.013 173.564 -23.2738
v 17.0104 173.564 -23.2738
v 18.013 173.564 -23.2738
v 17.0104 175.564 -23.2738
v 19.0156 173.564 -23.2738
v 19.0156 175.564 -23.2738
v 18.013 175.564 -23.2738
v 18.013 175.564 -23.2738
v 18.013 173.564 -23.2738
v 19.0156 173.564 -23.2738
v 19.0156 175.564 -23.2738
v 20.0182 173.564 -23.2738
v 20.0182 175.564 -23.2738
v 20.0182 173.564 -23.2738
v 19.0156 175.564 -23.2738
v 19.0156 173.564 -23.2738
v 20.0182 173.564 -23.2738
v 21.0207 173.564 -23.2738
v 20.0182 175.564 -23.2738
v 20.0182 175.564 -23.2738
v 21.0207 173.564 -23.2738
v 21.0207 175.564 -23.2738
v 21.0207 173.564 8.13332
v 21.0207 173.564 9.14646
v 21.0207 175.564 9.14646
v 21.0207 173.564 9.14646
v 21.0207 175.564 10.1596
v 21.0207 175.564 9.14646
v 21.0207 175.564 7.12019
v 21.0207 173.564 7.12019
v 21.0207 175.564 8.13332
v 21.0207 173.564 7.12019
v 21.0207 173.564 8.13332
v 21.0207 175.564 8.13332
v 21.0207 173.564 6.10705
v 21.0207 175.564 7.12019
v 21.0207 175.564 6.10705
v 21.0207 173.564 5.09392
v 21.0207 175.564 5.09392
v 21.0207 173.564 4.08079
v 21.0207 173.564 5.09392
v 21.0207 175.564 6.10705
v 21.0207 175.564 5.09392
v 21.0207 175.564 6.10705
v 21.0207 173.564 5.09392
v 21.0207 173.564 6.10705
v 21.0207 173.564 3.06765
v 21.0207 173.564 4.08079
v 21.0207 175.564 4.08079
v 21.0207 175.564 4.08079
v 21.0207 173.564 4.08079
v 21.0207 175.564 5.09392
v 21.0207 175.564 4.08079
v 21.0207 175.564 3.06765
v 21.0207 173.564 3.06765
v 21.0207 173.564 7.12019
v 21.0207 175.564 7.12019
v 21.0207 173.564 6.10705
v 21.0207 173.564 2.05452
v 21.0207 175.564 3.06765
v 21.0207 175.564 2.05452
v 21.0207 175.564 3.06765
v 21.0207 173.564 2.05452
v 21.0207 173.564 3.06765
v 21.0207 175.564 2.05452
v 21.0207 175.564 1.04139
v 21.0207 173.564 1.04139
v 21.0207 175.564 9.14646
v 21.0207 175.564 8.13332
v 21.0207 173.564 8.13332
v 21.0207 175.564 1.04139
v 21.0207 175.564 0.0282552
v 21.0207 173.564 0.0282552
v 21.0207 173.564 0.0282552
v 21.0207 173.564 1.04139
v 21.0207 175.564 1.04139
v 21.0207 173.564 -0.984875
v 21.0207 175.564 0.0282552
v 21.0207 175.564 -0.984875
v 21.0207 175.564 0.0282552
v 21.0207 173.564 -0.984875
v 21.0207 173.564 0.0282552
v 21.0207 175.564 -1.99801
v 21.0207 173.564 -1.99801
v 21.0207 175.564 -0.984875
v 21.0207 173.564 -0.984875
v 21.0207 175.564 -0.984875
v 21.0207 173.564 -1.99801
v 21.0207 175.564 -1.99801
v 21.0207 175.564 -3.01114
v 21.0207 173.564 -3.01114
v 21.0207 173.564 -3.01114
v 21.0207 173.564 -1.99801
v 21.0207 175.564 -1.99801
v 21.0207 175.564 -4.02428
v 21.0207 173.564 -4.02428
v 21.0207 175.564 -3.01114
v 21.0207 173.564 -14.1556
v 21.0207 175.564 -13.1425
v 21.0207 175.564 -14.1556
v 21.0207 175.564 -5.03741
v 21.0207 173.564 -5.03741
v 21.0207 175.564 -4.02428
v 21.0207 173.564 -4.02428
v 21.0207 175.564 -4.02428
v 21.0207 173.564 -5.03741
v 21.0207 173.564 -8.07681
v 21.0207 173.564 -7.06368
v 21.0207 175.564 -7.06368
v 21.0207 173.564 -6.05054
v 21.0207 173.564 -5.03741
v 21.0207 175.564 -5.03741
v 21.0207 173.564 -6.05054
v 21.0207 175.564 -6.05054
v 21.0207 173.564 -7.06368
v 21.0207 175.564 -7.06368
v 21.0207 175.564 -8.07681
v 21.0207 173.564 -8.07681
v 21.0207 175.564 -6.05054
v 21.0207 175.564 -7.06368
v 21.0207 173.564 -7.06368
v 21.0207 175.564 -5.03741
v 21.0207 175.564 -6.05054
v 21.0207 173.564 -6.05054
v 21.0207 175.564 -8.07681
v 21.0207 175.564 -9.08995
v 21.0207 173.564 -9.08995
v 21.0207 173.564 -9.08995
v 21.0207 173.564 -8.07681
v 21.0207 175.564 -8.07681
v 21.0207 173.564 -10.1031
v 21.0207 175.564 -9.08995
v 21.0207 175.564 -10.1031
v 21.0207 175.564 -9.08995
v 21.0207 173.564 -10.1031
v 21.0207 173.564 -9.08995
v 21.0207 175.564 -11.1162
v 21.0207 173.564 -11.1162
v 21.0207 175.564 -10.1031
v 21.0207 173.564 -10.1031
v 21.0207 175.564 -10.1031
v 21.0207 173.564 -11.1162
v 21.0207 175.564 -11.1162
v 21.0207 175.564 -12.1293
v 21.0207 173.564 -12.1293
v 21.0207 173.564 -12.1293
v 21.0207 173.564 -11.1162
v 21.0207 175.564 -11.1162
v 21.0207 173.564 -13.1425
v 21.0207 175.564 -12.1293
v 21.0207 175.564 -13.1425
v 21.0207 175.564 -12.1293
v 21.0207 173.564 -13.1425
v 21.0207 173.564 -12.1293
v 21.0207 173.564 -14.1556
v 21.0207 175.564 -14.1556
v 21.0207 173.564 -15.1687
v 21.0207 173.564 -13.1425
v 21.0207 175.564 -13.1425
v 21.0207 173.564 -14.1556
v 21.0207 175.564 -15.1687
v 21.0207 173.564 -16.1819
v 21.0207 173.564 -15.1687
v 21.0207 173.564 -15.1687
v 21.0207 175.564 -14.1556
v 21.0207 175.564 -15.1687
v 21.0207 173.564 2.05452
v 21.0207 175.564 2.05452
v 21.0207 173.564 1.04139
v 21.0207 175.564 -3.01114
v 21.0207 173.564 -4.02428
v 21.0207 173.564 -3.01114
v 21.0207 173.564 -17.195
v 21.0207 173.564 -16.1819
v 21.0207 175.564 -16.1819
v 21.0207 175.564 -17.195
v 21.0207 173.564 -18.2081
v 21.0207 173.564 -17.195
v 21.0207 173.564 -17.195
v 21.0207 175.564 -16.1819
v 21.0207 175.564 -17.195
v 21.0207 173.564 -18.2081
v 21.0207 175.564 -18.2081
v 21.0207 173.564 -19.2213
v 21.0207 175.564 -18.2081
v 21.0207 173.564 -18.2081
v 21.0207 175.564 -17.195
v 21.0207 173.564 -20.2344
v 21.0207 173.564 -19.2213
v 21.0207 175.564 -19.2213
v 21.0207 175.564 -18.2081
v 21.0207 175.564 -19.2213
v 21.0207 173.564 -19.2213
v 21.0207 175.564 -20.2344
v 21.0207 173.564 -21.2475
v 21.0207 173.564 -20.2344
v 21.0207 173.564 -20.2344
v 21.0207 175.564 -19.2213
v 21.0207 175.564 -20.2344
v 21.0207 173.564 -21.2475
v 21.0207 175.564 -21.2475
v 21.0207 173.564 -22.2607
v 21.0207 175.564 -21.2475
v 21.0207 173.564 -21.2475
v 21.0207 175.564 -20.2344
v 21.0207 173.564 -23.2738
v 21.0207 173.564 -22.2607
v 21.0207 175.564 -22.2607
v 21.0207 175.564 -21.2475
v 21.0207 175.564 -22.2607
v 21.0207 173.564 -22.2607
v 21.0207 175.564 -16.1819
v 21.0207 173.564 -16.1819
v 21.0207 175.564 -15.1687
v 21.0207 173.564 -23.2738
v 21.0207 175.564 -22.2607
v 21.0207 175.564 -23.2738
v 21.0207 175.564 10.1596
v 21.0207 173.564 10.1596
v 21.0207 175.564 11.1727
v 21.0207 173.564 10.1596
v 21.0207 175.564 10.1596
v 21.0207 173.564 9.14646
v 21.0207 175.564 12.1859
v 21.0207 175.564 11.1727
v 21.0207 173.564 11.1727
v 21.0207 173.564 10.1596
v 21.0207 173.564 11.1727
v 21.0207 175.564 11.1727
v 21.0207 173.564 12.1859
v 21.0207 175.564 13.199
v 21.0207 175.564 12.1859
v 21.0207 175.564 12.1859
v 21.0207 173.564 11.1727
v 21.0207 173.564 12.1859
v 21.0207 175.564 13.199
v 21.0207 173.564 13.199
v 21.0207 175.564 14.2121
v 21.0207 173.564 13.199
v 21.0207 175.564 13.199
v 21.0207 173.564 12.1859
v 21.0207 175.564 15.2253
v 21.0207 175.564 14.2121
v 21.0207 173.564 14.2121
v 21.0207 173.564 13.199
v 21.0207 173.564 14.2121
v 21.0207 175.564 14.2121
v 21.0207 173.564 15.2253
v 21.0207 175.564 16.2384
v 21.0207 175.564 15.2253
v 21.0207 175.564 15.2253
v 21.0207 173.564 14.2121
v 21.0207 173.564 15.2253
v 21.0207 175.564 16.2384
v 21.0207 173.564 16.2384
v 21.0207 175.564 17.2515
v 21.0207 173.564 16.2384
v 21.0207 175.564 16.2384
v 21.0207 173.564 15.2253
v 21.0207 175.564 18.2647
v 21.0207 175.564 17.2515
v 21.0207 173.564 17.2515
v 21.0207 173.564 16.2384
v 21.0207 173.564 17.2515
v 21.0207 175.564 17.2515
v 21.0207 173.564 18.2647
v 21.0207 175.564 19.2778
v 21.0207 175.564 18.2647
v 21.0207 175.564 18.2647
v 21.0207 173.564 17.2515
v 21.0207 173.564 18.2647
v 21.0207 175.564 19.2778
v 21.0207 173.564 19.2778
v 21.0207 175.564 20.2909
v 21.0207 173.564 19.2778
v 21.0207 175.564 19.2778
v 21.0207 173.564 18.2647
v 21.0207 175.564 21.3041
v 21.0207 175.564 20.2909
v 21.0207 173.564 20.2909
v 21.0207 173.564 19.2778
v 21.0207 173.564 20.2909
v 21.0207 175.564 20.2909
v 21.0207 173.564 21.3041
v 21.0207 175.564 22.3172
v 21.0207 175.564 21.3041
v 21.0207 175.564 21.3041
v 21.0207 173.564 20.2909
v 21.0207 173.564 21.3041
v 21.0207 175.564 22.3172
v 21.0207 173.564 22.3172
v 21.0207 175.564 23.3303
v 21.0207 173.564 22.3172
v 21.0207 175.564 22.3172
v 21.0207 173.564 21.3041
v 21.0207 175.564 24.3435
v 21.0207 175.564 23.3303
v 21.0207 173.564 23.3303
v 21.0207 173.564 22.3172
v 21.0207 173.564 23.3303
v 21.0207 175.564 23.3303
v 21.0207 173.564 24.3435
v 21.0207 175.564 25.3566
v 21.0207 175.564 24.3435
v 21.0207 175.564 24.3435
v 21.0207 173.564 23.3303
v 21.0207 173.564 24.3435
v 21.0207 175.564 25.3566
v 21.0207 173.564 25.3566
v 21.0207 175.564 26.3697
v 21.0207 173.564 25.3566
v 21.0207 175.564 25.3566
v 21.0207 173.564 24.3435
v 21.0207 175.564 27.3829
v 21.0207 175.564 26.3697
v 21.0207 173.564 26.3697
v 21.0207 173.564 25.3566
v 21.0207 173.564 26.3697
v 21.0207 175.564 26.3697
v 21.0207 173.564 27.3829
v 21.0207 175.564 28.396
v 21.0207 175.564 27.3829
v 21.0207 175.564 27.3829
v 21.0207 173.564 26.3697
v 21.0207 173.564 27.3829
v 21.0207 175.564 28.396
v 21.0207 173.564 28.396
v 21.0207 175.564 29.4091
v 21.0207 173.564 28.396
v 21.0207 175.564 28.396
v 21.0207 173.564 27.3829
v 21.0207 175.564 30.4223
v 21.0207 175.564 29.4091
v 21.0207 173.564 29.4091
v 21.0207 173.564 28.396
v 21.0207 173.564 29.4091
v 21.0207 175.564 29.4091
v 21.0207 173.564 30.4223
v 21.0207 175.564 31.4354
v 21.0207 175.564 30.4223
v 21.0207 175.564 30.4223
v 21.0207 173.564 29.4091
v 21.0207 173.564 30.4223
v 21.0207 175.564 31.4354
v 21.0207 173.564 31.4354
v 21.0207 175.564 32.4485
v 21.0207 173.564 31.4354
v 21.0207 175.564 31.4354
v 21.0207 173.564 30.4223
v 21.0207 175.564 33.4617
v 21.0207 175.564 32.4485
v 21.0207 173.564 32.4485
v 21.0207 173.564 31.4354
v 21.0207 173.564 32.4485
v 21.0207 175.564 32.4485
v 21.0207 173.564 33.4617
v 21.0207 175.564 34.4748
v 21.0207 175.564 33.4617
v 21.0207 175.564 33.4617
v 21.0207 173.564 32.4485
v 21.0207 173.564 33.4617
v 21.0207 175.564 34.4748
v 21.0207 173.564 34.4748
v 21.0207 175.564 35.4879
v 21.0207 173.564 34.4748
v 21.0207 175.564 34.4748
v 21.0207 173.564 33.4617
v 21.0207 175.564 36.5011
v 21.0207 175.564 35.4879
v 21.0207 173.564 35.4879
v 21.0207 173.564 34.4748
v 21.0207 173.564 35.4879
v 21.0207 175.564 35.4879
v 21.0207 173.564 36.5011
v 21.0207 175.564 37.5142
v 21.0207 175.564 36.5011
v 21.0207 175.564 36.5011
v 21.0207 173.564 35.4879
v 21.0207 173.564 36.5011
v 21.0207 175.564 37.5142
v 21.0207 173.564 37.5142
v 21.0207 175.564 38.5273
v 21.0207 173.564 37.5142
v 21.0207 175.564 37.5142
v 21.0207 173.564 36.5011
v 21.0207 175.564 39.5405
v 21.0207 175.564 38.5273
v 21.0207 173.564 38.5273
v 21.0207 173.564 37.5142
v 21.0207 173.564 38.5273
v 21.0207 175.564 38.5273
v 21.0207 173.564 39.5405
v 21.0207 175.564 40.5536
v 21.0207 175.564 39.5405
v 21.0207 175.564 39.5405
v 21.0207 173.564 38.5273
v 21.0207 173.564 39.5405
v 21.0207 175.564 40.5536
v 21.0207 173.564 40.5536
v 21.0207 175.564 41.5667
v 21.0207 173.564 40.5536
v 21.0207 175.564 40.5536
v 21.0207 173.564 39.5405
v 21.0207 175.564 42.5798
v 21.0207 175.564 41.5667
v 21.0207 173.564 41.5667
v 21.0207 173.564 40.5536
v 21.0207 173.564 41.5667
v 21.0207 175.564 41.5667
v 21.0207 175.564 42.5798
v 21.0207 173.564 41.5667
v 21.0207 173.564 42.5798
v 27.2925 175.564 42.5798
v 28.3378 173.564 42.5798
v 28.3378 175.564 42.5798
v 27.2925 175.564 42.5798
v 26.2472 175.564 42.5798
v 27.2925 173.564 42.5798
v 27.2925 173.564 42.5798
v 28.3378 173.564 42.5798
v 27.2925 175.564 42.5798
v 26.2472 173.564 42.5798
v 26.2472 175.564 42.5798
v 25.2019 175.564 42.5798
v 26.2472 175.564 42.5798
v 26.2472 173.564 42.5798
v 27.2925 173.564 42.5798
v 24.1566 175.564 42.5798
v 25.2019 173.564 42.5798
v 25.2019 175.564 42.5798
v 26.2472 173.564 42.5798
v 25.2019 175.564 42.5798
v 25.2019 173.564 42.5798
v 24.1566 175.564 42.5798
v 23.1113 175.564 42.5798
v 24.1566 173.564 42.5798
v 24.1566 173.564 42.5798
v 25.2019 173.564 42.5798
v 24.1566 175.564 42.5798
v 23.1113 173.564 42.5798
v 23.1113 175.564 42.5798
v 22.066 175.564 42.5798
v 23.1113 175.564 42.5798
v 23.1113 173.564 42.5798
v 24.1566 173.564 42.5798
v 21.0207 175.564 42.5798
v 22.066 173.564 42.5798
v 22.066 175.564 42.5798
v 23.1113 173.564 42.5798
v 22.066 175.564 42.5798
v 22.066 173.564 42.5798
v 21.0207 173.564 42.5798
v 22.066 173.564 42.5798
v 21.0207 175.564 42.5798
v 29.3831 173.564 42.5798
v 28.3378 175.564 42.5798
v 28.3378 173.564 42.5798
v 30.4284 173.564 42.5798
v 29.3831 175.564 42.5798
v 29.3831 173.564 42.5798
v 28.3378 175.564 42.5798
v 29.3831 173.564 42.5798
v 29.3831 175.564 42.5798
v 30.4284 173.564 42.5798
v 31.4737 173.564 42.5798
v 30.4284 175.564 42.5798
v 30.4284 175.564 42.5798
v 29.3831 175.564 42.5798
v 30.4284 173.564 42.5798
v 31.4737 175.564 42.5798
v 31.4737 173.564 42.5798
v 32.519 173.564 42.5798
v 31.4737 173.564 42.5798
v 31.4737 175.564 42.5798
v 30.4284 175.564 42.5798
v 33.5643 173.564 42.5798
v 32.519 175.564 42.5798
v 32.519 173.564 42.5798
v 31.4737 175.564 42.5798
v 32.519 173.564 42.5798
v 32.519 175.564 42.5798
v 33.5643 173.564 42.5798
v 34.6096 173.564 42.5798
v 33.5643 175.564 42.5798
v 33.5643 175.564 42.5798
v 32.519 175.564 42.5798
v 33.5643 173.564 42.5798
v 34.6096 175.564 42.5798
v 34.6096 173.564 42.5798
v 35.6549 173.564 42.5798
v 34.6096 173.564 42.5798
v 34.6096 175.564 42.5798
v 33.5643 175.564 42.5798
v 34.6096 175.564 42.5798
v 35.6549 173.564 42.5798
v 35.6549 175.564 42.5798
v 35.6549 175.564 46.9701
v 35.6549 175.564 45.8725
v 35.6549 173.564 45.8725
v 35.6549 175.564 46.9701
v 35.6549 173.564 45.8725
v 35.6549 173.564 46.9701
v 35.6549 173.564 44.775
v 35.6549 175.564 44.775
v 35.6549 173.564 43.6774
v 35.6549 173.564 44.775
v 35.6549 173.564 45.8725
v 35.6549 175.564 45.8725
v 35.6549 173.564 46.9701
v 35.6549 175.564 48.0677
v 35.6549 175.564 46.9701
v 35.6549 175.564 45.8725
v 35.6549 175.564 44.775
v 35.6549 173.564 44.775
v 35.6549 173.564 42.5798
v 35.6549 173.564 43.6774
v 35.6549 175.564 43.6774
v 35.6549 173.564 42.5798
v 35.6549 175.564 43.6774
v 35.6549 175.564 42.5798
v 35.6549 173.564 43.6774
v 35.6549 175.564 44.775
v 35.6549 175.564 43.6774
v 35.6549 173.564 48.0677
v 35.6549 175.564 48.0677
v 35.6549 173.564 46.9701
v 35.6549 175.564 49.1652
v 35.6549 173.564 48.0677
v 35.6549 173.564 49.1652
v 35.6549 173.564 48.0677
v 35.6549 175.564 49.1652
v 35.6549 175.564 48.0677
v 35.6549 173.564 50.2628
v 35.6549 175.564 50.2628
v 35.6549 173.564 49.1652
v 35.6549 175.564 49.1652
v 35.6549 173.564 49.1652
v 35.6549 175.564 50.2628
v 35.6549 173.564 50.2628
v 35.6549 173.564 51.3603
v 35.6549 175.564 51.3603
v 35.6549 175.564 51.3603
v 35.6549 175.564 50.2628
v 35.6549 173.564 50.2628
v 35.6549 175.564 52.4579
v 35.6549 173.564 51.3603
v 35.6549 173.564 52.4579
v 35.6549 173.564 51.3603
v 35.6549 175.564 52.4579
v 35.6549 175.564 51.3603
v 35.6549 175.564 52.4579
v 35.6549 173.564 52.4579
v 35.6549 175.564 53.5555
v 35.6549 175.564 53.5555
v 35.6549 173.564 52.4579
v 35.6549 173.564 53.5555
v 29.3831 175.564 53.5555
v 28.3378 173.564 53.5555
v 28.3378 175.564 53.5555
v 29.3831 175.564 53.5555
v 30.4284 175.564 53.5555
v 29.3831 173.564 53.5555
v 29.3831 173.564 53.5555
v 28.3378 173.564 53.5555
v 29.3831 175.564 53.5555
v 30.4284 173.564 53.5555
v 30.4284 175.564 53.5555
v 31.4737 175.564 53.5555
v 30.4284 175.564 53.5555
v 30.4284 173.564 53.5555
v 29.3831 173.564 53.5555
v 32.519 175.564 53.5555
v 31.4737 173.564 53.5555
v 31.4737 175.564 53.5555
v 30.4284 173.564 53.5555
v 31.4737 175.564 53.5555
v 31.4737 173.564 53.5555
v 32.519 175.564 53.5555
v 33.5643 175.564 53.5555
v 32.519 173.564 53.5555
v 32.519 173.564 53.5555
v 31.4737 173.564 53.5555
v 32.519 175.564 53.5555
v 33.5643 173.564 53.5555
v 33.5643 175.564 53.5555
v 34.6096 175.564 53.5555
v 33.5643 175.564 53.5555
v 33.5643 173.564 53.5555
v 32.519 173.564 53.5555
v 35.6549 175.564 53.5555
v 34.6096 173.564 53.5555
v 34.6096 175.564 53.5555
v 33.5643 173.564 53.5555
v 34.6096 175.564 53.5555
v 34.6096 173.564 53.5555
v 35.6549 173.564 53.5555
v 34.6096 173.564 53.5555
v 35.6549 175.564 53.5555
v 27.2925 173.564 53.5555
v 28.3378 175.564 53.5555
v 28.3378 173.564 53.5555
v 26.2472 173.564 53.5555
v 27.2925 175.564 53.5555
v 27.2925 173.564 53.5555
v 28.3378 175.564 53.5555
v 27.2925 173.564 53.5555
v 27.2925 175.564 53.5555
v 26.2472 173.564 53.5555
v 25.2019 173.564 53.5555
v 26.2472 175.564 53.5555
v 26.2472 175.564 53.5555
v 27.2925 175.564 53.5555
v 26.2472 173.564 53.5555
v 25.2019 175.564 53.5555
v 25.2019 173.564 53.5555
v 24.1566 173.564 53.5555
v 25.2019 173.564 53.5555
v 25.2019 175.564 53.5555
v 26.2472 175.564 53.5555
v 23.1113 173.564 53.5555
v 24.1566 175.564 53.5555
v 24.1566 173.564 53.5555
v 25.2019 175.564 53.5555
v 24.1566 173.564 53.5555
v 24.1566 175.564 53.5555
v 23.1113 173.564 53.5555
v 22.066 173.564 53.5555
v 23.1113 175.564 53.5555
v 23.1113 175.564 53.5555
v 24.1566 175.564 53.5555
v 23.1113 173.564 53.5555
v 22.066 175.564 53.5555
v 22.066 173.564 53.5555
v 21.0207 173.564 53.5555
v 22.066 173.564 53.5555
v 22.066 175.564 53.5555
v 23.1113 175.564 53.5555
v 22.066 175.564 53.5555
v 21.0207 173.564 53.5555
v 21.0207 175.564 53.5555
v 21.0207 173.564 63.6297
v 21.0207 175.564 64.6371
v 21.0207 175.564 63.6297
v 21.0207 173.564 63.6297
v 21.0207 173.564 64.6371
v 21.0207 175.564 64.6371
v 21.0207 175.564 63.6297
v 21.0207 175.564 62.6223
v 21.0207 173.564 62.6223
v 21.0207 175.564 61.6148
v 21.0207 173.564 61.6148
v 21.0207 175.564 62.6223
v 21.0207 175.564 61.6148
v 21.0207 173.564 60.6074
v 21.0207 173.564 61.6148
v 21.0207 173.564 61.6148
v 21.0207 173.564 62.6223
v 21.0207 175.564 62.6223
v 21.0207 175.564 60.6074
v 21.0207 173.564 60.6074
v 21.0207 175.564 61.6148
v 21.0207 173.564 62.6223
v 21.0207 173.564 63.6297
v 21.0207 175.564 63.6297
v 21.0207 175.564 60.6074
v 21.0207 173.564 59.6
v 21.0207 173.564 60.6074
v 21.0207 173.564 59.6
v 21.0207 175.564 60.6074
v 21.0207 175.564 59.6
v 21.0207 173.564 58.5926
v 21.0207 175.564 59.6
v 21.0207 175.564 58.5926
v 21.0207 173.564 58.5926
v 21.0207 173.564 59.6
v 21.0207 175.564 59.6
v 21.0207 173.564 57.5852
v 21.0207 173.564 58.5926
v 21.0207 175.564 58.5926
v 21.0207 175.564 58.5926
v 21.0207 175.564 57.5852
v 21.0207 173.564 57.5852
v 21.0207 175.564 57.5852
v 21.0207 175.564 56.5777
v 21.0207 173.564 56.5777
v 21.0207 175.564 65.6445
v 21.0207 175.564 64.6371
v 21.0207 173.564 64.6371
v 21.0207 175.564 56.5777
v 21.0207 175.564 55.5703
v 21.0207 173.564 55.5703
v 21.0207 173.564 55.5703
v 21.0207 173.564 56.5777
v 21.0207 175.564 56.5777
v 21.0207 173.564 57.5852
v 21.0207 175.564 57.5852
v 21.0207 173.564 56.5777
v 21.0207 175.564 55.5703
v 21.0207 173.564 54.5629
v 21.0207 173.564 55.5703
v 21.0207 173.564 53.5555
v 21.0207 173.564 54.5629
v 21.0207 175.564 54.5629
v 21.0207 175.564 54.5629
v 21.0207 173.564 54.5629
v 21.0207 175.564 55.5703
v 21.0207 173.564 53.5555
v 21.0207 175.564 54.5629
v 21.0207 175.564 53.5555
v 21.0207 175.564 65.6445
v 21.0207 173.564 65.6445
v 21.0207 175.564 66.652
v 21.0207 173.564 65.6445
v 21.0207 175.564 65.6445
v 21.0207 173.564 64.6371
v 21.0207 175.564 67.6594
v 21.0207 175.564 66.652
v 21.0207 173.564 66.652
v 21.0207 173.564 65.6445
v 21.0207 173.564 66.652
v 21.0207 175.564 66.652
v 21.0207 173.564 67.6594
v 21.0207 175.564 68.6668
v 21.0207 175.564 67.6594
v 21.0207 175.564 67.6594
v 21.0207 173.564 66.652
v 21.0207 173.564 67.6594
v 21.0207 175.564 68.6668
v 21.0207 173.564 68.6668
v 21.0207 175.564 69.6742
v 21.0207 173.564 68.6668
v 21.0207 175.564 68.6668
v 21.0207 173.564 67.6594
v 21.0207 175.564 70.6816
v 21.0207 175.564 69.6742
v 21.0207 173.564 69.6742
v 21.0207 173.564 68.6668
v 21.0207 173.564 69.6742
v 21.0207 175.564 69.6742
v 21.0207 173.564 70.6816
v 21.0207 175.564 71.6891
v 21.0207 175.564 70.6816
v 21.0207 175.564 70.6816
v 21.0207 173.564 69.6742
v 21.0207 173.564 70.6816
v 21.0207 175.564 71.6891
v 21.0207 173.564 71.6891
v 21.0207 175.564 72.6965
v 21.0207 173.564 71.6891
v 21.0207 175.564 71.6891
v 21.0207 173.564 70.6816
v 21.0207 175.564 73.7039
v 21.0207 175.564 72.6965
v 21.0207 173.564 72.6965
v 21.0207 173.564 71.6891
v 21.0207 173.564 72.6965
v 21.0207 175.564 72.6965
v 21.0207 173.564 73.7039
v 21.0207 175.564 74.7113
v 21.0207 175.564 73.7039
v 21.0207 175.564 73.7039
v 21.0207 173.564 72.6965
v 21.0207 173.564 73.7039
v 21.0207 175.564 74.7113
v 21.0207 173.564 74.7113
v 21.0207 175.564 75.7188
v 21.0207 173.564 74.7113
v 21.0207 175.564 74.7113
v 21.0207 173.564 73.7039
v 21.0207 175.564 76.7262
v 21.0207 175.564 75.7188
v 21.0207 173.564 75.7188
v 21.0207 173.564 74.7113
v 21.0207 173.564 75.7188
v 21.0207 175.564 75.7188
v 21.0207 175.564 76.7262
v 21.0207 173.564 75.7188
v 21.0207 173.564 76.7262
v 14.9232 175.564 76.7262
v 15.9394 175.564 76.7262
v 14.9232 173.564 76.7262
v 15.9394 173.564 76.7262
v 15.9394 175.564 76.7262
v 16.9557 175.564 76.7262
v 15.9394 175.564 76.7262
v 15.9394 173.564 76.7262
v 14.9232 173.564 76.7262
v 17.972 175.564 76.7262
v 16.9557 173.564 76.7262
v 16.9557 175.564 76.7262
v 15.9394 173.564 76.7262
v 16.9557 175.564 76.7262
v 16.9557 173.564 76.7262
v 17.972 175.564 76.7262
v 18.9882 175.564 76.7262
v 17.972 173.564 76.7262
v 17.972 173.564 76.7262
v 16.9557 173.564 76.7262
v 17.972 175.564 76.7262
v 18.9882 173.564 76.7262
v 18.9882 175.564 76.7262
v 20.0045 175.564 76.7262
v 18.9882 175.564 76.7262
v 18.9882 173.564 76.7262
v 17.972 173.564 76.7262
v 21.0207 175.564 76.7262
v 20.0045 173.564 76.7262
v 20.0045 175.564 76.7262
v 18.9882 173.564 76.7262
v 20.0045 175.564 76.7262
v 20.0045 173.564 76.7262
v 21.0207 173.564 76.7262
v 20.0045 173.564 76.7262
v 21.0207 175.564 76.7262
v 13.9069 173.564 76.7262
v 14.9232 175.564 76.7262
v 14.9232 173.564 76.7262
v 13.9069 173.564 76.7262
v 12.8907 173.564 76.7262
v 13.9069 175.564 76.7262
v 13.9069 175.564 76.7262
v 14.9232 175.564 76.7262
v 13.9069 173.564 76.7262
v 12.8907 175.564 76.7262
v 12.8907 173.564 76.7262
v 11.8744 173.564 76.7262
v 12.8907 173.564 76.7262
v 12.8907 175.564 76.7262
v 13.9069 175.564 76.7262
v 10.8581 173.564 76.7262
v 11.8744 175.564 76.7262
v 11.8744 173.564 76.7262
v 12.8907 175.564 76.7262
v 11.8744 173.564 76.7262
v 11.8744 175.564 76.7262
v 10.8581 173.564 76.7262
v 9.84188 173.564 76.7262
v 10.8581 175.564 76.7262
v 10.8581 175.564 76.7262
v 11.8744 175.564 76.7262
v 10.8581 173.564 76.7262
v 9.84188 175.564 76.7262
v 9.84188 173.564 76.7262
v 8.82562 173.564 76.7262
v 9.84188 173.564 76.7262
v 9.84188 175.564 76.7262
v 10.8581 175.564 76.7262
v 9.84188 175.564 76.7262
v 8.82562 173.564 76.7262
v 8.82562 175.564 76.7262
v 8.82562 175.564 62.6223
v 8.82562 173.564 63.6297
v 8.82562 173.564 62.6223
v 8.82562 175.564 65.6445
v 8.82562 173.564 66.652
v 8.82562 173.564 65.6445
v 8.82562 173.564 65.6445
v 8.82562 175.564 64.6371
v 8.82562 175.564 65.6445
v 8.82562 175.564 66.652
v 8.82562 175.564 67.6594
v 8.82562 173.564 67.6594
v 8.82562 175.564 66.652
v 8.82562 173.564 67.6594
v 8.82562 173.564 66.652
v 8.82562 173.564 67.6594
v 8.82562 175.564 67.6594
v 8.82562 173.564 68.6668
v 8.82562 173.564 68.6668
v 8.82562 175.564 68.6668
v 8.82562 173.564 69.6742
v 8.82562 173.564 68.6668
v 8.82562 175.564 67.6594
v 8.82562 175.564 68.6668
v 8.82562 175.564 65.6445
v 8.82562 175.564 66.652
v 8.82562 173.564 66.652
v 8.82562 175.564 69.6742
v 8.82562 173.564 69.6742
v 8.82562 175.564 68.6668
v 8.82562 173.564 72.6965
v 8.82562 175.564 71.6891
v 8.82562 175.564 72.6965
v 8.82562 175.564 69.6742
v 8.82562 175.564 70.6816
v 8.82562 173.564 70.6816
v 8.82562 173.564 72.6965
v 8.82562 173.564 71.6891
v 8.82562 175.564 71.6891
v 8.82562 173.564 71.6891
v 8.82562 175.564 70.6816
v 8.82562 175.564 71.6891
v 8.82562 173.564 70.6816
v 8.82562 175.564 70.6816
v 8.82562 173.564 71.6891
v 8.82562 175.564 69.6742
v 8.82562 173.564 70.6816
v 8.82562 173.564 69.6742
v 8.82562 175.564 72.6965
v 8.82562 173.564 73.7039
v 8.82562 173.564 72.6965
v 8.82562 175.564 74.7113
v 8.82562 173.564 74.7113
v 8.82562 175.564 73.7039
v 8.82562 173.564 75.7188
v 8.82562 173.564 74.7113
v 8.82562 175.564 74.7113
v 8.82562 175.564 75.7188
v 8.82562 175.564 76.7262
v 8.82562 173.564 76.7262
v 8.82562 173.564 74.7113
v 8.82562 173.564 73.7039
v 8.82562 175.564 73.7039
v 8.82562 173.564 75.7188
v 8.82562 175.564 74.7113
v 8.82562 175.564 75.7188
v 8.82562 175.564 75.7188
v 8.82562 173.564 76.7262
v 8.82562 173.564 75.7188
v 8.82562 173.564 73.7039
v 8.82562 175.564 72.6965
v 8.82562 175.564 73.7039
v 8.82562 173.564 64.6371
v 8.82562 175.564 64.6371
v 8.82562 173.564 65.6445
v 8.82562 175.564 63.6297
v 8.82562 173.564 64.6371
v 8.82562 173.564 63.6297
v 8.82562 173.564 64.6371
v 8.82562 175.564 63.6297
v 8.82562 175.564 64.6371
v 8.82562 175.564 62.6223
v 8.82562 173.564 62.6223
v 8.82562 175.564 61.6148
v 8.82562 175.564 63.6297
v 8.82562 173.564 63.6297
v 8.82562 175.564 62.6223
v 8.82562 173.564 61.6148
v 8.82562 175.564 60.6074
v 8.82562 175.564 61.6148
v 8.82562 175.564 61.6148
v 8.82562 173.564 62.6223
v 8.82562 173.564 61.6148
v 8.82562 175.564 60.6074
v 8.82562 173.564 60.6074
v 8.82562 175.564 59.6
v 8.82562 173.564 60.6074
v 8.82562 175.564 60.6074
v 8.82562 173.564 61.6148
v 8.82562 175.564 58.5926
v 8.82562 175.564 59.6
v 8.82562 173.564 59.6
v 8.82562 173.564 60.6074
v 8.82562 173.564 59.6
v 8.82562 175.564 59.6
v 8.82562 173.564 58.5926
v 8.82562 175.564 57.5852
v 8.82562 175.564 58.5926
v 8.82562 175.564 58.5926
v 8.82562 173.564 59.6
v 8.82562 173.564 58.5926
v 8.82562 175.564 57.5852
v 8.82562 173.564 57.5852
v 8.82562 175.564 56.5777
v 8.82562 173.564 57.5852
v 8.82562 175.564 57.5852
v 8.82562 173.564 58.5926
v 8.82562 175.564 55.5703
v 8.82562 175.564 56.5777
v 8.82562 173.564 56.5777
v 8.82562 173.564 57.5852
v 8.82562 173.564 56.5777
v 8.82562 175.564 56.5777
v 8.82562 173.564 55.5703
v 8.82562 175.564 54.5629
v 8.82562 175.564 55.5703
v 8.82562 175.564 55.5703
v 8.82562 173.564 56.5777
v 8.82562 173.564 55.5703
v 8.82562 175.564 54.5629
v 8.82562 173.564 54.5629
v 8.82562 175.564 53.5555
v 8.82562 173.564 54.5629
v 8.82562 175.564 54.5629
v 8.82562 173.564 55.5703
v 8.82562 173.564 54.5629
v 8.82562 173.564 53.5555
v 8.82562 175.564 53.5555
v -14.3451 173.564 53.5555
v -14.3451 175.564 53.5555
v -13.3377 175.564 53.5555
v -12.3303 175.564 53.5555
v -13.3377 173.564 53.5555
v -13.3377 175.564 53.5555
v -14.3451 173.564 53.5555
v -13.3377 175.564 53.5555
v -13.3377 173.564 53.5555
v -12.3303 175.564 53.5555
v -11.3228 175.564 53.5555
v -12.3303 173.564 53.5555
v -12.3303 173.564 53.5555
v -13.3377 173.564 53.5555
v -12.3303 175.564 53.5555
v -11.3228 173.564 53.5555
v -11.3228 175.564 53.5555
v -10.3154 175.564 53.5555
v -11.3228 175.564 53.5555
v -11.3228 173.564 53.5555
v -12.3303 173.564 53.5555
v -9.30799 175.564 53.5555
v -10.3154 173.564 53.5555
v -10.3154 175.564 53.5555
v -11.3228 173.564 53.5555
v -10.3154 175.564 53.5555
v -10.3154 173.564 53.5555
v -9.30799 175.564 53.5555
v -8.30057 175.564 53.5555
v -9.30799 173.564 53.5555
v -9.30799 173.564 53.5555
v -10.3154 173.564 53.5555
v -9.30799 175.564 53.5555
v -8.30057 173.564 53.5555
v -8.30057 175.564 53.5555
v -7.29315 175.564 53.5555
v -8.30057 175.564 53.5555
v -8.30057 173.564 53.5555
v -9.30799 173.564 53.5555
v -6.28572 175.564 53.5555
v -7.29315 173.564 53.5555
v -7.29315 175.564 53.5555
v -8.30057 173.564 53.5555
v -7.29315 175.564 53.5555
v -7.29315 173.564 53.5555
v -6.28572 175.564 53.5555
v -5.2783 175.564 53.5555
v -6.28572 173.564 53.5555
v -6.28572 173.564 53.5555
v -7.29315 173.564 53.5555
v -6.28572 175.564 53.5555
v -5.2783 173.564 53.5555
v -5.2783 175.564 53.5555
v -4.27088 175.564 53.5555
v -5.2783 175.564 53.5555
v -5.2783 173.564 53.5555
v -6.28572 173.564 53.5555
v -3.26345 175.564 53.5555
v -4.27088 173.564 53.5555
v -4.27088 175.564 53.5555
v -5.2783 173.564 53.5555
v -4.27088 175.564 53.5555
v -4.27088 173.564 53.5555
v -3.26345 175.564 53.5555
v -2.25603 175.564 53.5555
v -3.26345 173.564 53.5555
v -3.26345 173.564 53.5555
v -4.27088 173.564 53.5555
v -3.26345 175.564 53.5555
v -2.25603 173.564 53.5555
v -2.25603 175.564 53.5555
v -1.24861 175.564 53.5555
v -2.25603 175.564 53.5555
v -2.25603 173.564 53.5555
v -3.26345 173.564 53.5555
v -0.241184 175.564 53.5555
v -1.24861 173.564 53.5555
v -1.24861 175.564 53.5555
v -2.25603 173.564 53.5555
v -1.24861 175.564 53.5555
v -1.24861 173.564 53.5555
v -0.241184 175.564 53.5555
v 0.766239 175.564 53.5555
v -0.241184 173.564 53.5555
v -0.241184 173.564 53.5555
v -1.24861 173.564 53.5555
v -0.241184 175.564 53.5555
v 0.766239 173.564 53.5555
v 0.766239 175.564 53.5555
v 1.77366 175.564 53.5555
v 0.766239 175.564 53.5555
v 0.766239 173.564 53.5555
v -0.241184 173.564 53.5555
v 2.78109 175.564 53.5555
v 1.77366 173.564 53.5555
v 1.77366 175.564 53.5555
v 0.766239 173.564 53.5555
v 1.77366 175.564 53.5555
v 1.77366 173.564 53.5555
v 2.78109 175.564 53.5555
v 3.78851 175.564 53.5555
v 2.78109 173.564 53.5555
v 2.78109 173.564 53.5555
v 1.77366 173.564 53.5555
v 2.78109 175.564 53.5555
v 3.78851 173.564 53.5555
v 3.78851 175.564 53.5555
v 4.79593 175.564 53.5555
v 3.78851 175.564 53.5555
v 3.78851 173.564 53.5555
v 2.78109 173.564 53.5555
v 5.80336 175.564 53.5555
v 4.79593 173.564 53.5555
v 4.79593 175.564 53.5555
v 3.78851 173.564 53.5555
v 4.79593 175.564 53.5555
v 4.79593 173.564 53.5555
v 5.80336 175.564 53.5555
v 6.81078 175.564 53.5555
v 5.80336 173.564 53.5555
v 5.80336 173.564 53.5555
v 4.79593 173.564 53.5555
v 5.80336 175.564 53.5555
v 6.81078 173.564 53.5555
v 6.81078 175.564 53.5555
v 7.8182 175.564 53.5555
v 6.81078 175.564 53.5555
v 6.81078 173.564 53.5555
v 5.80336 173.564 53.5555
v 8.82562 175.564 53.5555
v 7.8182 173.564 53.5555
v 7.8182 175.564 53.5555
v 6.81078 173.564 53.5555
v 7.8182 175.564 53.5555
v 7.8182 173.564 53.5555
v 8.82562 173.564 53.5555
v 7.8182 173.564 53.5555
v 8.82562 175.564 53.5555
v -15.3525 173.564 53.5555
v -14.3451 175.564 53.5555
v -14.3451 173.564 53.5555
v -15.3525 175.564 53.5555
v -15.3525 173.564 53.5555
v -16.36 173.564 53.5555
v -15.3525 173.564 53.5555
v -15.3525 175.564 53.5555
v -14.3451 175.564 53.5555
v -17.3674 173.564 53.5555
v -16.36 175.564 53.5555
v -16.36 173.564 53.5555
v -15.3525 175.564 53.5555
v -16.36 173.564 53.5555
v -16.36 175.564 53.5555
v -17.3674 173.564 53.5555
v -18.3748 173.564 53.5555
v -17.3674 175.564 53.5555
v -17.3674 175.564 53.5555
v -16.36 175.564 53.5555
v -17.3674 173.564 53.5555
v -18.3748 175.564 53.5555
v -18.3748 173.564 53.5555
v -19.3822 173.564 53.5555
v -18.3748 173.564 53.5555
v -18.3748 175.564 53.5555
v -17.3674 175.564 53.5555
v -20.3896 173.564 53.5555
v -19.3822 175.564 53.5555
v -19.3822 173.564 53.5555
v -18.3748 175.564 53.5555
v -19.3822 173.564 53.5555
v -19.3822 175.564 53.5555
v -20.3896 173.564 53.5555
v -21.3971 173.564 53.5555
v -20.3896 175.564 53.5555
v -20.3896 175.564 53.5555
v -19.3822 175.564 53.5555
v -20.3896 173.564 53.5555
v -21.3971 175.564 53.5555
v -21.3971 173.564 53.5555
v -22.4045 173.564 53.5555
v -21.3971 173.564 53.5555
v -21.3971 175.564 53.5555
v -20.3896 175.564 53.5555
v -23.4119 173.564 53.5555
v -22.4045 175.564 53.5555
v -22.4045 173.564 53.5555
v -21.3971 175.564 53.5555
v -22.4045 173.564 53.5555
v -22.4045 175.564 53.5555
v -23.4119 173.564 53.5555
v -24.4193 173.564 53.5555
v -23.4119 175.564 53.5555
v -23.4119 175.564 53.5555
v -22.4045 175.564 53.5555
v -23.4119 173.564 53.5555
v -24.4193 175.564 53.5555
v -24.4193 173.564 53.5555
v -25.4268 173.564 53.5555
v -24.4193 173.564 53.5555
v -24.4193 175.564 53.5555
v -23.4119 175.564 53.5555
v -26.4342 173.564 53.5555
v -25.4268 175.564 53.5555
v -25.4268 173.564 53.5555
v -24.4193 175.564 53.5555
v -25.4268 173.564 53.5555
v -25.4268 175.564 53.5555
v -26.4342 173.564 53.5555
v -27.4416 173.564 53.5555
v -26.4342 175.564 53.5555
v -26.4342 175.564 53.5555
v -25.4268 175.564 53.5555
v -26.4342 173.564 53.5555
v -27.4416 175.564 53.5555
v -27.4416 173.564 53.5555
v -28.449 173.564 53.5555
v -27.4416 173.564 53.5555
v -27.4416 175.564 53.5555
v -26.4342 175.564 53.5555
v -29.4565 173.564 53.5555
v -28.449 175.564 53.5555
v -28.449 173.564 53.5555
v -27.4416 175.564 53.5555
v -28.449 173.564 53.5555
v -28.449 175.564 53.5555
v -29.4565 173.564 53.5555
v -30.4639 173.564 53.5555
v -29.4565 175.564 53.5555
v -29.4565 175.564 53.5555
v -28.449 175.564 53.5555
v -29.4565 173.564 53.5555
v -30.4639 175.564 53.5555
v -30.4639 173.564 53.5555
v -31.4713 173.564 53.5555
v -30.4639 173.564 53.5555
v -30.4639 175.564 53.5555
v -29.4565 175.564 53.5555
v -32.4787 173.564 53.5555
v -31.4713 175.564 53.5555
v -31.4713 173.564 53.5555
v -30.4639 175.564 53.5555
v -31.4713 173.564 53.5555
v -31.4713 175.564 53.5555
v -32.4787 173.564 53.5555
v -33.4861 173.564 53.5555
v -32.4787 175.564 53.5555
v -32.4787 175.564 53.5555
v -31.4713 175.564 53.5555
v -32.4787 173.564 53.5555
v -33.4861 175.564 53.5555
v -33.4861 173.564 53.5555
v -34.4936 173.564 53.5555
v -33.4861 173.564 53.5555
v -33.4861 175.564 53.5555
v -32.4787 175.564 53.5555
v -35.501 173.564 53.5555
v -34.4936 175.564 53.5555
v -34.4936 173.564 53.5555
v -33.4861 175.564 53.5555
v -34.4936 173.564 53.5555
v -34.4936 175.564 53.5555
v -35.501 173.564 53.5555
v -36.5084 173.564 53.5555
v -35.501 175.564 53.5555
v -35.501 175.564 53.5555
v -34.4936 175.564 53.5555
v -35.501 173.564 53.5555
v -36.5084 175.564 53.5555
v -36.5084 173.564 53.5555
v -37.5158 173.564 53.5555
v -36.5084 173.564 53.5555
v -36.5084 175.564 53.5555
v -35.501 175.564 53.5555
v -36.5084 175.564 53.5555
v -37.5158 173.564 53.5555
v -37.5158 175.564 53.5555
v -37.5158 173.564 48.3535
v -37.5158 175.564 47.3131
v -37.5158 175.564 48.3535
v -37.5158 173.564 48.3535
v -37.5158 175.564 48.3535
v -37.5158 173.564 49.3939
v -37.5158 175.564 49.3939
v -37.5158 173.564 49.3939
v -37.5158 175.564 48.3535
v -37.5158 173.564 51.4747
v -37.5158 173.564 50.4343
v -37.5158 175.564 50.4343
v -37.5158 175.564 49.3939
v -37.5158 173.564 50.4343
v -37.5158 173.564 49.3939
v -37.5158 173.564 51.4747
v -37.5158 175.564 51.4747
v -37.5158 173.564 52.5151
v -37.5158 175.564 50.4343
v -37.5158 175.564 51.4747
v -37.5158 173.564 51.4747
v -37.5158 173.564 53.5555
v -37.5158 173.564 52.5151
v -37.5158 175.564 52.5151
v -37.5158 175.564 52.5151
v -37.5158 173.564 52.5151
v -37.5158 175.564 51.4747
v -37.5158 175.564 53.5555
v -37.5158 173.564 53.5555
v -37.5158 175.564 52.5151
v -37.5158 173.564 50.4343
v -37.5158 175.564 49.3939
v -37.5158 175.564 50.4343
v -37.5158 173.564 48.3535
v -37.5158 173.564 47.3131
v -37.5158 175.564 47.3131
v -37.5158 175.564 46.2727
v -37.5158 173.564 47.3131
v -37.5158 173.564 46.2727
v -37.5158 173.564 47.3131
v -37.5158 175.564 46.2727
v -37.5158 175.564 47.3131
v -37.5158 173.564 45.2323
v -37.5158 175.564 45.2323
v -37.5158 173.564 46.2727
v -37.5158 175.564 46.2727
v -37.5158 173.564 46.2727
v -37.5158 175.564 45.2323
v -37.5158 173.564 45.2323
v -37.5158 173.564 44.1919
v -37.5158 175.564 44.1919
v -37.5158 175.564 44.1919
v -37.5158 175.564 45.2323
v -37.5158 173.564 45.2323
v -37.5158 175.564 43.1515
v -37.5158 173.564 44.1919
v -37.5158 173.564 43.1515
v -37.5158 173.564 44.1919
v -37.5158 175.564 43.1515
v -37.5158 175.564 44.1919
v -13.4157 175.564 12.0821
v -12.8436 173.564 11.2512
v -12.8436 175.564 11.2512
v -13.4157 175.564 12.0821
v -13.9902 175.564 12.9113
v -13.4157 173.564 12.0821
v -13.4157 173.564 12.0821
v -12.8436 173.564 11.2512
v -13.4157 175.564 12.0821
v -13.9902 173.564 12.9113
v -13.9902 175.564 12.9113
v -14.5671 175.564 13.7389
v -13.9902 175.564 12.9113
v -13.9902 173.564 12.9113
v -13.4157 173.564 12.0821
v -15.1463 175.564 14.5649
v -14.5671 173.564 13.7389
v -14.5671 175.564 13.7389
v -13.9902 173.564 12.9113
v -14.5671 175.564 13.7389
v -14.5671 173.564 13.7389
v -15.1463 175.564 14.5649
v -15.7276 175.564 15.3894
v -15.1463 173.564 14.5649
v -15.1463 173.564 14.5649
v -14.5671 173.564 13.7389
v -15.1463 175.564 14.5649
v -15.7277 173.564 15.3893
v -15.7276 175.564 15.3894
v -16.3112 175.564 16.2123
v -15.7276 175.564 15.3894
v -15.7277 173.564 15.3893
v -15.1463 173.564 14.5649
v -16.8969 175.564 17.0337
v -16.3112 173.564 16.2123
v -16.3112 175.564 16.2123
v -15.7277 173.564 15.3893
v -16.3112 175.564 16.2123
v -16.3112 173.564 16.2123
v -16.8969 175.564 17.0337
v -17.4847 175.564 17.8536
v -16.897 173.564 17.0336
v -16.897 173.564 17.0336
v -16.3112 173.564 16.2123
v -16.8969 175.564 17.0337
v -17.4847 173.564 17.8535
v -17.4847 175.564 17.8536
v -18.0746 175.564 18.672
v -17.4847 175.564 17.8536
v -17.4847 173.564 17.8535
v -16.897 173.564 17.0336
v -18.6664 175.564 19.489
v -18.0746 173.564 18.672
v -18.0746 175.564 18.672
v -17.4847 173.564 17.8535
v -18.0746 175.564 18.672
v -18.0746 173.564 18.672
v -18.6664 175.564 19.489
v -19.2602 175.564 20.3046
v -18.6664 173.564 19.489
v -18.6664 173.564 19.489
v -18.0746 173.564 18.672
v -18.6664 175.564 19.489
v -19.2602 173.564 20.3046
v -19.2602 175.564 20.3046
v -19.8559 175.564 21.1187
v -19.2602 175.564 20.3046
v -19.2602 173.564 20.3046
v -18.6664 173.564 19.489
v -20.4536 175.564 21.9314
v -19.8559 173.564 21.1187
v -19.8559 175.564 21.1187
v -19.2602 173.564 20.3046
v -19.8559 175.564 21.1187
v -19.8559 173.564 21.1187
v -20.4536 175.564 21.9314
v -21.0533 175.564 22.7426
v -20.4535 173.564 21.9314
v -20.4535 173.564 21.9314
v -19.8559 173.564 21.1187
v -20.4536 175.564 21.9314
v -21.0532 173.564 22.7426
v -21.0533 175.564 22.7426
v -21.655 175.564 23.5522
v -21.0533 175.564 22.7426
v -21.0532 173.564 22.7426
v -20.4535 173.564 21.9314
v -22.2589 175.564 24.3603
v -21.655 173.564 23.5523
v -21.655 175.564 23.5522
v -21.0532 173.564 22.7426
v -21.655 175.564 23.5522
v -21.655 173.564 23.5523
v -22.2589 175.564 24.3603
v -22.8648 175.564 25.1669
v -22.2589 173.564 24.3604
v -22.2589 173.564 24.3604
v -21.655 173.564 23.5523
v -22.2589 175.564 24.3603
v -22.8648 173.564 25.1669
v -22.8648 175.564 25.1669
v -23.473 175.564 25.9718
v -22.8648 175.564 25.1669
v -22.8648 173.564 25.1669
v -22.2589 173.564 24.3604
v -24.0833 175.564 26.775
v -23.473 173.564 25.9718
v -23.473 175.564 25.9718
v -22.8648 173.564 25.1669
v -23.473 175.564 25.9718
v -23.473 173.564 25.9718
v -24.0833 175.564 26.775
v -24.6959 175.564 27.5766
v -24.0833 173.564 26.775
v -24.0833 173.564 26.775
v -23.473 173.564 25.9718
v -24.0833 175.564 26.775
v -24.6959 173.564 27.5766
v -24.6959 175.564 27.5766
v -25.3108 175.564 28.3764
v -24.6959 175.564 27.5766
v -24.6959 173.564 27.5766
v -24.0833 173.564 26.775
v -25.9281 175.564 29.1744
v -25.3108 173.564 28.3764
v -25.3108 175.564 28.3764
v -24.6959 173.564 27.5766
v -25.3108 175.564 28.3764
v -25.3108 173.564 28.3764
v -25.9281 175.564 29.1744
v -26.5477 175.564 29.9706
v -25.928 173.564 29.1745
v -25.928 173.564 29.1745
v -25.3108 173.564 28.3764
v -25.9281 175.564 29.1744
v -26.5477 173.564 29.9706
v -26.5477 175.564 29.9706
v -27.1701 175.564 30.7647
v -26.5477 175.564 29.9706
v -26.5477 173.564 29.9706
v -25.928 173.564 29.1745
v -27.7951 175.564 31.5567
v -27.17 173.564 30.7648
v -27.1701 175.564 30.7647
v -26.5477 173.564 29.9706
v -27.1701 175.564 30.7647
v -27.17 173.564 30.7648
v -27.7951 175.564 31.5567
v -28.423 175.564 32.3463
v -27.795 173.564 31.5567
v -27.795 173.564 31.5567
v -27.17 173.564 30.7648
v -27.7951 175.564 31.5567
v -28.4229 173.564 32.3464
v -28.423 175.564 32.3463
v -29.0539 175.564 33.1335
v -28.423 175.564 32.3463
v -28.4229 173.564 32.3464
v -27.795 173.564 31.5567
v -29.688 175.564 33.9182
v -29.0538 173.564 33.1336
v -29.0539 175.564 33.1335
v -28.4229 173.564 32.3464
v -29.0539 175.564 33.1335
v -29.0538 173.564 33.1336
v -29.688 175.564 33.9182
v -30.3252 175.564 34.7002
v -29.6879 173.564 33.9183
v -29.6879 173.564 33.9183
v -29.0538 173.564 33.1336
v -29.688 175.564 33.9182
v -30.3252 173.564 34.7002
v -30.3252 175.564 34.7002
v -30.9659 175.564 35.4794
v -30.3252 175.564 34.7002
v -30.3252 173.564 34.7002
v -29.6879 173.564 33.9183
v -31.61 175.564 36.2557
v -30.9659 173.564 35.4794
v -30.9659 175.564 35.4794
v -30.3252 173.564 34.7002
v -30.9659 175.564 35.4794
v -30.9659 173.564 35.4794
v -31.61 175.564 36.2557
v -32.2576 175.564 37.0291
v -31.6102 173.564 36.2555
v -31.6102 173.564 36.2555
v -30.9659 173.564 35.4794
v -31.61 175.564 36.2557
v -32.2577 173.564 37.029
v -32.2576 175.564 37.0291
v -32.9081 175.564 37.8001
v -32.2576 175.564 37.0291
v -32.2577 173.564 37.029
v -31.6102 173.564 36.2555
v -33.5615 175.564 38.5687
v -32.9084 173.564 37.7998
v -32.9081 175.564 37.8001
v -32.2577 173.564 37.029
v -32.9081 175.564 37.8001
v -32.9084 173.564 37.7998
v -33.5615 175.564 38.5687
v -34.217 175.564 39.3354
v -33.5616 173.564 38.5685
v -33.5616 173.564 38.5685
v -32.9084 173.564 37.7998
v -33.5615 175.564 38.5687
v -34.2173 173.564 39.3352
v -34.217 175.564 39.3354
v -34.8745 175.564 40.1005
v -34.217 175.564 39.3354
v -34.2173 173.564 39.3352
v -33.5616 173.564 38.5685
v -35.5334 175.564 40.8645
v -34.8746 173.564 40.1004
v -34.8745 175.564 40.1005
v -34.2173 173.564 39.3352
v -34.8745 175.564 40.1005
v -34.8746 173.564 40.1004
v -35.5334 175.564 40.8645
v -36.1937 175.564 41.6273
v -35.5337 173.564 40.8642
v -35.5337 173.564 40.8642
v -34.8746 173.564 40.1004
v -35.5334 175.564 40.8645
v -36.1937 173.564 41.6272
v -36.1937 175.564 41.6273
v -36.8544 175.564 42.3897
v -36.1937 175.564 41.6273
v -36.1937 173.564 41.6272
v -35.5337 173.564 40.8642
v -37.5158 175.564 43.1515
v -36.8544 173.564 42.3897
v -36.8544 175.564 42.3897
v -36.1937 173.564 41.6272
v -36.8544 175.564 42.3897
v -36.8544 173.564 42.3897
v -37.5158 173.564 43.1515
v -36.8544 173.564 42.3897
v -37.5158 175.564 43.1515
v -12.2738 173.564 10.4187
v -12.8436 175.564 11.2512
v -12.8436 173.564 11.2512
v -11.7064 173.564 9.58463
v -12.2739 175.564 10.4187
v -12.2738 173.564 10.4187
v -12.8436 175.564 11.2512
v -12.2738 173.564 10.4187
v -12.2739 175.564 10.4187
v -11.7064 173.564 9.58463
v -11.1411 173.564 8.74915
v -11.7065 175.564 9.58461
v -11.7065 175.564 9.58461
v -12.2739 175.564 10.4187
v -11.7064 173.564 9.58463
v -11.1413 175.564 8.74903
v -11.1411 173.564 8.74915
v -10.5778 173.564 7.91227
v -11.1411 173.564 8.74915
v -11.1413 175.564 8.74903
v -11.7065 175.564 9.58461
v -10.0161 173.564 7.07432
v -10.5778 175.564 7.91224
v -10.5778 173.564 7.91227
v -11.1413 175.564 8.74903
v -10.5778 173.564 7.91227
v -10.5778 175.564 7.91224
v -10.0161 173.564 7.07432
v -9.45609 173.564 6.23523
v -10.0162 175.564 7.07425
v -10.0162 175.564 7.07425
v -10.5778 175.564 7.91224
v -10.0161 173.564 7.07432
v -9.45598 175.564 6.2353
v -9.45609 173.564 6.23523
v -8.89751 173.564 5.39518
v -9.45609 173.564 6.23523
v -9.45598 175.564 6.2353
v -10.0162 175.564 7.07425
v -8.34069 173.564 4.55398
v -8.89733 175.564 5.3953
v -8.89751 173.564 5.39518
v -9.45598 175.564 6.2353
v -8.89751 173.564 5.39518
v -8.89733 175.564 5.3953
v -8.34069 173.564 4.55398
v -7.78605 173.564 3.71135
v -8.3405 175.564 4.5541
v -8.3405 175.564 4.5541
v -8.89733 175.564 5.3953
v -8.34069 173.564 4.55398
v -7.78582 175.564 3.71149
v -7.78605 173.564 3.71135
v -7.23377 173.564 2.86716
v -7.78605 173.564 3.71135
v -7.78582 175.564 3.71149
v -8.3405 175.564 4.5541
v -6.68437 173.564 2.02111
v -7.23365 175.564 2.86723
v -7.23377 173.564 2.86716
v -7.78582 175.564 3.71149
v -7.23377 173.564 2.86716
v -7.23365 175.564 2.86723
v -6.68437 173.564 2.02111
v -6.13784 173.564 1.17321
v -6.68426 175.564 2.02118
v -6.68426 175.564 2.02118
v -7.23365 175.564 2.86723
v -6.68437 173.564 2.02111
v -6.13796 175.564 1.17312
v -6.13784 173.564 1.17321
v -5.59441 173.564 0.323299
v -6.13784 173.564 1.17321
v -6.13796 175.564 1.17312
v -6.68426 175.564 2.02118
v -5.05368 173.564 -0.52834
v -5.59449 175.564 0.323238
v -5.59441 173.564 0.323299
v -6.13796 175.564 1.17312
v -5.59441 173.564 0.323299
v -5.59449 175.564 0.323238
v -5.05368 173.564 -0.52834
v -4.51555 173.564 -1.38163
v -5.05384 175.564 -0.528454
v -5.05384 175.564 -0.528454
v -5.59449 175.564 0.323238
v -5.05368 173.564 -0.52834
v -4.51562 175.564 -1.38168
v -4.51555 173.564 -1.38163
v -3.97969 173.564 -2.23634
v -4.51555 173.564 -1.38163
v -4.51562 175.564 -1.38168
v -5.05384 175.564 -0.528454
v -3.44604 173.564 -3.09243
v -3.97971 175.564 -2.23636
v -3.97969 173.564 -2.23634
v -4.51562 175.564 -1.38168
v -3.97969 173.564 -2.23634
v -3.97971 175.564 -2.23636
v -3.44604 173.564 -3.09243
v -2.91462 173.564 -3.94991
v -3.44604 175.564 -3.09243
v -3.44604 175.564 -3.09243
v -3.97971 175.564 -2.23636
v -3.44604 173.564 -3.09243
v -2.91449 175.564 -3.94983
v -2.91462 173.564 -3.94991
v -2.38546 173.564 -4.80877
v -2.91462 173.564 -3.94991
v -2.91449 175.564 -3.94983
v -3.44604 175.564 -3.09243
v -1.85894 173.564 -5.66926
v -2.38544 175.564 -4.80876
v -2.38546 173.564 -4.80877
v -2.91449 175.564 -3.94983
v -2.38546 173.564 -4.80877
v -2.38544 175.564 -4.80876
v -1.85894 173.564 -5.66926
v -1.33502 173.564 -6.53133
v -1.8588 175.564 -5.66917
v -1.8588 175.564 -5.66917
v -2.38544 175.564 -4.80876
v -1.85894 173.564 -5.66926
v -1.335 175.564 -6.53132
v -1.33502 173.564 -6.53133
v -0.814121 173.564 -7.39525
v -1.33502 173.564 -6.53133
v -1.335 175.564 -6.53132
v -1.8588 175.564 -5.66917
v -0.296173 173.564 -8.26094
v -0.813938 175.564 -7.39515
v -0.814121 173.564 -7.39525
v -1.335 175.564 -6.53132
v -0.814121 173.564 -7.39525
v -0.813938 175.564 -7.39515
v -0.296173 173.564 -8.26094
v 0.2183 173.564 -9.1287
v -0.29612 175.564 -8.26092
v -0.29612 175.564 -8.26092
v -0.813938 175.564 -7.39515
v -0.296173 173.564 -8.26094
v 0.218487 175.564 -9.12861
v 0.2183 173.564 -9.1287
v 0.729363 173.564 -9.99847
v 0.2183 173.564 -9.1287
v 0.218487 175.564 -9.12861
v -0.29612 175.564 -8.26092
v 1.23652 173.564 -10.8705
v 0.729359 175.564 -9.99848
v 0.729363 173.564 -9.99847
v 0.218487 175.564 -9.12861
v 0.729363 173.564 -9.99847
v 0.729359 175.564 -9.99848
v 1.23652 173.564 -10.8705
v 1.73995 173.564 -11.7447
v 1.2365 175.564 -10.8705
v 1.2365 175.564 -10.8705
v 0.729359 175.564 -9.99848
v 1.23652 173.564 -10.8705
v 1.73974 175.564 -11.7448
v 1.73995 173.564 -11.7447
v 2.2397 173.564 -12.621
v 1.73995 173.564 -11.7447
v 1.73974 175.564 -11.7448
v 1.2365 175.564 -10.8705
v 2.73617 173.564 -13.4991
v 2.2394 175.564 -12.6211
v 2.2397 173.564 -12.621
v 1.73974 175.564 -11.7448
v 2.2397 173.564 -12.621
v 2.2394 175.564 -12.6211
v 2.73617 173.564 -13.4991
v 3.23006 173.564 -14.3788
v 2.73596 175.564 -13.4993
v 2.73596 175.564 -13.4993
v 2.2394 175.564 -12.6211
v 2.73617 173.564 -13.4991
v 3.22983 175.564 -14.3789
v 3.23006 173.564 -14.3788
v 3.72149 173.564 -15.2598
v 3.23006 173.564 -14.3788
v 3.22983 175.564 -14.3789
v 2.73596 175.564 -13.4993
v 4.21092 173.564 -16.142
v 3.72182 175.564 -15.2597
v 3.72149 173.564 -15.2598
v 3.22983 175.564 -14.3789
v 3.72149 173.564 -15.2598
v 3.72182 175.564 -15.2597
v 4.21092 173.564 -16.142
v 4.69741 173.564 -17.0257
v 4.21119 175.564 -16.1418
v 4.21119 175.564 -16.1418
v 3.72182 175.564 -15.2597
v 4.21092 173.564 -16.142
v 4.69804 175.564 -17.0254
v 4.69741 173.564 -17.0257
v 5.1805 173.564 -17.9114
v 4.69741 173.564 -17.0257
v 4.69804 175.564 -17.0254
v 4.21119 175.564 -16.1418
v 5.65898 173.564 -18.7994
v 5.18087 175.564 -17.9112
v 5.1805 173.564 -17.9114
v 4.69804 175.564 -17.0254
v 5.1805 173.564 -17.9114
v 5.18087 175.564 -17.9112
v 5.65898 173.564 -18.7994
v 6.13238 173.564 -19.6902
v 5.65897 175.564 -18.7994
v 5.65897 175.564 -18.7994
v 5.18087 175.564 -17.9112
v 5.65898 173.564 -18.7994
v 6.13237 175.564 -19.6902
v 6.13238 173.564 -19.6902
v 6.60108 173.564 -20.5835
v 6.13238 173.564 -19.6902
v 6.13237 175.564 -19.6902
v 5.65897 175.564 -18.7994
v 7.06508 173.564 -21.4792
v 6.60007 175.564 -20.584
v 6.60108 173.564 -20.5835
v 6.13237 175.564 -19.6902
v 6.60108 173.564 -20.5835
v 6.60007 175.564 -20.584
v 7.06508 173.564 -21.4792
v 7.52726 173.564 -22.3759
v 7.06489 175.564 -21.4793
v 7.06489 175.564 -21.4793
v 6.60007 175.564 -20.584
v 7.06508 173.564 -21.4792
v 7.52726 175.564 -22.3759
v 7.52726 173.564 -22.3759
v 7.98721 173.564 -23.2738
v 7.52726 173.564 -22.3759
v 7.52726 175.564 -22.3759
v 7.06489 175.564 -21.4793
v 7.52726 175.564 -22.3759
v 7.98721 173.564 -23.2738
v 7.98721 175.564 -23.2738
v -16.36 173.564 53.5555
v -17.5602 173.564 49.4535
v -15.3525 173.564 53.5555
v -10.9083 173.564 13.0898
v -13.9902 173.564 12.9113
v -13.4157 173.564 12.0821
v -10.9083 173.564 49.4535
v -14.3451 173.564 53.5555
v -17.5602 173.564 49.4535
v -5.36052 173.564 18.291
v -5.9255 173.564 19.1258
v -10.9083 173.564 13.0898
v -13.3007 173.564 42.5798
v -12.2949 173.564 42.5798
v -10.9083 173.564 49.4535
v -8.27196 173.564 42.5798
v -10.9083 173.564 49.4535
v -9.2777 173.564 42.5798
v -13.3377 173.564 53.5555
v -10.9083 173.564 49.4535
v -12.3303 173.564 53.5555
v -17.5602 173.564 49.4535
v -14.3451 173.564 53.5555
v -15.3525 173.564 53.5555
v -5.2783 173.564 53.5555
v -6.28572 173.564 53.5555
v -4.25642 173.564 49.4535
v -4.25642 173.564 49.4535
v -10.9083 173.564 49.4535
v -7.26622 173.564 42.5798
v -4.27088 173.564 53.5555
v -4.25642 173.564 49.4535
v -3.26345 173.564 53.5555
v -5.25474 173.564 42.5798
v -4.249 173.564 42.5798
v -4.25642 173.564 49.4535
v -8.30057 173.564 53.5555
v -9.30799 173.564 53.5555
v -10.9083 173.564 49.4535
v -3.26345 173.564 53.5555
v -4.25642 173.564 49.4535
v -2.25603 173.564 53.5555
v -10.9083 173.564 22.1807
v -7.0632 173.564 20.79
v -7.63589 173.564 21.6194
v -6.49308 173.564 19.9587
v -10.9083 173.564 13.0898
v -5.9255 173.564 19.1258
v 2.39547 173.564 49.4535
v -4.25642 173.564 49.4535
v -1.23178 173.564 42.5798
v -1.24861 173.564 53.5555
v 2.39547 173.564 49.4535
v -0.241184 173.564 53.5555
v -0.22604 173.564 42.5798
v 2.39547 173.564 49.4535
v -1.23178 173.564 42.5798
v -4.23838 173.564 16.6162
v -4.25642 173.564 13.0898
v -3.68153 173.564 15.776
v 0.779701 173.564 42.5798
v 2.39547 173.564 49.4535
v -0.22604 173.564 42.5798
v 2.39547 173.564 49.4535
v 0.766239 173.564 53.5555
v -0.241184 173.564 53.5555
v 3.79692 173.564 42.5798
v 4.80266 173.564 42.5798
v 2.39547 173.564 49.4535
v 2.79118 173.564 42.5798
v 2.39547 173.564 49.4535
v 1.78544 173.564 42.5798
v 3.79692 173.564 42.5798
v 2.39547 173.564 49.4535
v 2.79118 173.564 42.5798
v 9.04735 173.564 49.4535
v 2.39547 173.564 49.4535
v 5.8084 173.564 42.5798
v 5.8084 173.564 42.5798
v 6.81414 173.564 42.5798
v 9.04735 173.564 49.4535
v 9.04735 173.564 49.4535
v 6.81414 173.564 42.5798
v 7.81989 173.564 42.5798
v 15.6992 173.564 49.4535
v 15.6992 173.564 58.5444
v 8.82562 173.564 54.5629
v 15.6992 173.564 58.5444
v 15.6992 173.564 49.4535
v 21.0207 173.564 53.5555
v 8.82562 173.564 53.5555
v 15.6992 173.564 49.4535
v 8.82562 173.564 54.5629
v 15.6992 173.564 58.5444
v 21.0207 173.564 53.5555
v 21.0207 173.564 54.5629
v -3.24326 173.564 42.5798
v -2.23752 173.564 42.5798
v -4.25642 173.564 49.4535
v 15.6992 173.564 58.5444
v 21.0207 173.564 55.5703
v 21.0207 173.564 56.5777
v 15.6992 173.564 58.5444
v 8.82562 173.564 55.5703
v 8.82562 173.564 54.5629
v 15.6992 173.564 58.5444
v 21.0207 173.564 56.5777
v 21.0207 173.564 57.5852
v 15.6992 173.564 58.5444
v 8.82562 173.564 56.5777
v 8.82562 173.564 55.5703
v 21.0207 173.564 58.5926
v 21.0207 173.564 59.6
v 15.6992 173.564 58.5444
v 21.0207 173.564 59.6
v 21.0207 173.564 60.6074
v 15.6992 173.564 58.5444
v 8.82562 173.564 58.5926
v 15.6992 173.564 58.5444
v 8.82562 173.564 59.6
v 21.0207 173.564 63.6297
v 21.0207 173.564 64.6371
v 15.6992 173.564 67.6353
v 15.6992 173.564 58.5444
v 8.82562 173.564 60.6074
v 8.82562 173.564 59.6
v 15.6992 173.564 58.5444
v 21.0207 173.564 60.6074
v 21.0207 173.564 61.6148
v 8.82562 173.564 62.6223
v 15.6992 173.564 58.5444
v 8.82562 173.564 63.6297
v 15.6992 173.564 58.5444
v 21.0207 173.564 61.6148
v 21.0207 173.564 62.6223
v 15.6992 173.564 58.5444
v 8.82562 173.564 62.6223
v 8.82562 173.564 61.6148
v 15.6992 173.564 58.5444
v 21.0207 173.564 62.6223
v 15.6992 173.564 67.6353
v 8.82562 173.564 61.6148
v 8.82562 173.564 60.6074
v 15.6992 173.564 58.5444
v 15.6992 173.564 67.6353
v 21.0207 173.564 62.6223
v 21.0207 173.564 63.6297
v 8.82562 173.564 63.6297
v 15.6992 173.564 58.5444
v 15.6992 173.564 67.6353
v 15.6992 173.564 67.6353
v 21.0207 173.564 64.6371
v 21.0207 173.564 65.6445
v 15.6992 173.564 67.6353
v 8.82562 173.564 64.6371
v 8.82562 173.564 63.6297
v 21.0207 173.564 66.652
v 15.6992 173.564 67.6353
v 21.0207 173.564 65.6445
v 15.6992 173.564 67.6353
v 8.82562 173.564 65.6445
v 8.82562 173.564 64.6371
v 8.82562 173.564 68.6668
v 8.82562 173.564 67.6594
v 15.6992 173.564 67.6353
v 15.6992 173.564 67.6353
v 8.82562 173.564 66.652
v 8.82562 173.564 65.6445
v 8.82562 173.564 76.7262
v 8.82562 173.564 75.7188
v 9.84188 173.564 76.7262
v 21.0207 173.564 68.6668
v 21.0207 173.564 69.6742
v 15.6992 173.564 67.6353
v 8.82562 173.564 68.6668
v 15.6992 173.564 67.6353
v 8.82562 173.564 69.6742
v 15.6992 173.564 67.6353
v 14.9232 173.564 76.7262
v 13.9069 173.564 76.7262
v 32.519 173.564 53.5555
v 31.4737 173.564 53.5555
v 29.003 173.564 49.4535
v 8.82562 173.564 70.6816
v 8.82562 173.564 69.6742
v 15.6992 173.564 67.6353
v 32.519 173.564 53.5555
v 35.6549 173.564 50.2628
v 33.5643 173.564 53.5555
v 34.6096 173.564 53.5555
v 33.5643 173.564 53.5555
v 35.6549 173.564 51.3603
v 32.519 173.564 53.5555
v 29.003 173.564 49.4535
v 35.6549 173.564 49.1652
v 35.6549 173.564 51.3603
v 33.5643 173.564 53.5555
v 35.6549 173.564 50.2628
v 29.003 173.564 49.4535
v 32.519 173.564 42.5798
v 35.6549 173.564 46.9701
v 35.6549 173.564 49.1652
v 35.6549 173.564 50.2628
v 32.519 173.564 53.5555
v 35.6549 173.564 46.9701
v 32.519 173.564 42.5798
v 35.6549 173.564 45.8725
v 35.6549 173.564 48.0677
v 29.003 173.564 49.4535
v 35.6549 173.564 46.9701
v 35.6549 173.564 44.775
v 35.6549 173.564 45.8725
v 33.5643 173.564 42.5798
v 32.519 173.564 42.5798
v 33.5643 173.564 42.5798
v 35.6549 173.564 45.8725
v 34.6096 173.564 42.5798
v 35.6549 173.564 43.6774
v 35.6549 173.564 44.775
v 35.6549 173.564 44.775
v 33.5643 173.564 42.5798
v 34.6096 173.564 42.5798
v 35.6549 173.564 42.5798
v 35.6549 173.564 43.6774
v 34.6096 173.564 42.5798
v 35.6549 173.564 53.5555
v 34.6096 173.564 53.5555
v 35.6549 173.564 52.4579
v 35.6549 173.564 51.3603
v 35.6549 173.564 52.4579
v 34.6096 173.564 53.5555
v 30.4284 173.564 53.5555
v 29.003 173.564 49.4535
v 31.4737 173.564 53.5555
v 35.6549 173.564 49.1652
v 29.003 173.564 49.4535
v 35.6549 173.564 48.0677
v 30.4284 173.564 53.5555
v 29.3831 173.564 53.5555
v 29.003 173.564 49.4535
v 29.003 173.564 49.4535
v 31.4737 173.564 42.5798
v 32.519 173.564 42.5798
v 28.3378 173.564 53.5555
v 29.003 173.564 49.4535
v 29.3831 173.564 53.5555
v 30.4284 173.564 42.5798
v 31.4737 173.564 42.5798
v 29.003 173.564 49.4535
v 29.3831 173.564 42.5798
v 29.003 173.564 49.4535
v 28.3378 173.564 42.5798
v 29.003 173.564 49.4535
v 27.2925 173.564 53.5555
v 26.2472 173.564 53.5555
v 26.2472 173.564 53.5555
v 25.2019 173.564 53.5555
v 29.003 173.564 49.4535
v 29.003 173.564 49.4535
v 27.2925 173.564 42.5798
v 28.3378 173.564 42.5798
v 29.003 173.564 49.4535
v 25.2019 173.564 53.5555
v 22.3511 173.564 49.4535
v 27.2925 173.564 42.5798
v 29.003 173.564 49.4535
v 26.2472 173.564 42.5798
v 25.2019 173.564 53.5555
v 24.1566 173.564 53.5555
v 22.3511 173.564 49.4535
v 26.2472 173.564 42.5798
v 29.003 173.564 49.4535
v 22.3511 173.564 49.4535
v 22.3511 173.564 49.4535
v 24.1566 173.564 53.5555
v 23.1113 173.564 53.5555
v 26.2472 173.564 42.5798
v 22.3511 173.564 49.4535
v 25.2019 173.564 42.5798
v 22.066 173.564 53.5555
v 22.3511 173.564 49.4535
v 23.1113 173.564 53.5555
v 22.3511 173.564 49.4535
v 24.1566 173.564 42.5798
v 25.2019 173.564 42.5798
v 15.6992 173.564 49.4535
v 22.3511 173.564 49.4535
v 21.0207 173.564 53.5555
v 23.1113 173.564 42.5798
v 24.1566 173.564 42.5798
v 22.3511 173.564 49.4535
v 9.84188 173.564 76.7262
v 8.82562 173.564 75.7188
v 8.82562 173.564 74.7113
v 22.3511 173.564 49.4535
v 21.0207 173.564 42.5798
v 22.066 173.564 42.5798
v 10.8581 173.564 76.7262
v 9.84188 173.564 76.7262
v 8.82562 173.564 74.7113
v 8.82562 173.564 73.7039
v 10.8581 173.564 76.7262
v 8.82562 173.564 74.7113
v 8.82562 173.564 73.7039
v 11.8744 173.564 76.7262
v 10.8581 173.564 76.7262
v 8.82562 173.564 71.6891
v 12.8907 173.564 76.7262
v 11.8744 173.564 76.7262
v 11.8744 173.564 76.7262
v 8.82562 173.564 72.6965
v 8.82562 173.564 71.6891
v 8.82562 173.564 72.6965
v 11.8744 173.564 76.7262
v 8.82562 173.564 73.7039
v 12.8907 173.564 76.7262
v 8.82562 173.564 71.6891
v 15.6992 173.564 67.6353
v 8.82562 173.564 70.6816
v 15.6992 173.564 67.6353
v 8.82562 173.564 71.6891
v 21.0207 173.564 54.5629
v 21.0207 173.564 55.5703
v 15.6992 173.564 58.5444
v 13.9069 173.564 76.7262
v 12.8907 173.564 76.7262
v 15.6992 173.564 67.6353
v 15.6992 173.564 67.6353
v 21.0207 173.564 70.6816
v 21.0207 173.564 71.6891
v 21.0207 173.564 69.6742
v 21.0207 173.564 70.6816
v 15.6992 173.564 67.6353
v 16.9557 173.564 76.7262
v 15.9394 173.564 76.7262
v 15.6992 173.564 67.6353
v 17.972 173.564 76.7262
v 16.9557 173.564 76.7262
v 21.0207 173.564 71.6891
v 21.0207 173.564 71.6891
v 16.9557 173.564 76.7262
v 15.6992 173.564 67.6353
v 15.6992 173.564 67.6353
v 15.9394 173.564 76.7262
v 14.9232 173.564 76.7262
v 17.972 173.564 76.7262
v 21.0207 173.564 71.6891
v 21.0207 173.564 72.6965
v 21.0207 173.564 73.7039
v 21.0207 173.564 74.7113
v 18.9882 173.564 76.7262
v 17.972 173.564 76.7262
v 21.0207 173.564 73.7039
v 18.9882 173.564 76.7262
v 21.0207 173.564 74.7113
v 20.0045 173.564 76.7262
v 18.9882 173.564 76.7262
v 21.0207 173.564 75.7188
v 21.0207 173.564 76.7262
v 20.0045 173.564 76.7262
v 21.0207 173.564 74.7113
v 21.0207 173.564 75.7188
v 20.0045 173.564 76.7262
v -17.5602 173.564 49.4535
v -16.36 173.564 53.5555
v -17.3674 173.564 53.5555
v 21.0207 173.564 73.7039
v 17.972 173.564 76.7262
v 21.0207 173.564 72.6965
v -16.3179 173.564 42.5798
v -17.5602 173.564 49.4535
v -17.3236 173.564 42.5798
v -10.9083 173.564 22.1807
v -16.897 173.564 17.0336
v -16.3112 173.564 16.2123
v -18.3294 173.564 42.5798
v -17.3236 173.564 42.5798
v -17.5602 173.564 49.4535
v -17.5602 173.564 22.1807
v -11.7179 173.564 27.3743
v -12.3112 173.564 28.1891
v -17.5602 173.564 31.2716
v -17.5602 173.564 22.1807
v -13.505 173.564 29.8136
v -17.5602 173.564 49.4535
v -19.3822 173.564 53.5555
v -20.3896 173.564 53.5555
v -17.5602 173.564 49.4535
v -19.3351 173.564 42.5798
v -18.3294 173.564 42.5798
v -17.5602 173.564 31.2716
v -13.505 173.564 29.8136
v -14.1055 173.564 30.6232
v -20.3896 173.564 53.5555
v -21.3971 173.564 53.5555
v -17.5602 173.564 49.4535
v -19.3351 173.564 42.5798
v -17.5602 173.564 49.4535
v -20.3408 173.564 42.5798
v -21.0532 173.564 22.7426
v -20.4535 173.564 21.9314
v -17.5602 173.564 22.1807
v -17.5602 173.564 49.4535
v -21.3971 173.564 53.5555
v -24.2121 173.564 49.4535
v -17.1417 173.564 34.6457
v -17.5602 173.564 31.2716
v -16.53 173.564 33.8446
v -17.5602 173.564 31.2716
v -23.473 173.564 25.9718
v -22.8648 173.564 25.1669
v -24.2121 173.564 49.4535
v -20.3408 173.564 42.5798
v -17.5602 173.564 49.4535
v -21.3971 173.564 53.5555
v -22.4045 173.564 53.5555
v -24.2121 173.564 49.4535
v -23.473 173.564 25.9718
v -17.5602 173.564 31.2716
v -24.2121 173.564 31.2716
v -24.2121 173.564 49.4535
v -22.4045 173.564 53.5555
v -23.4119 173.564 53.5555
v -20.3408 173.564 42.5798
v -24.2121 173.564 49.4535
v -21.3466 173.564 42.5798
v -24.2121 173.564 31.2716
v -27.17 173.564 30.7648
v -26.5477 173.564 29.9706
v -24.2121 173.564 40.3626
v -24.2121 173.564 31.2716
v -20.8561 173.564 39.4183
v -24.4193 173.564 53.5555
v -24.2121 173.564 49.4535
v -23.4119 173.564 53.5555
v -22.3523 173.564 42.5798
v -21.3466 173.564 42.5798
v -24.2121 173.564 49.4535
v -20.4535 173.564 21.9314
v -19.8559 173.564 21.1187
v -17.5602 173.564 22.1807
v -22.106 173.564 40.9999
v -22.7317 173.564 41.7901
v -24.2121 173.564 40.3626
v -24.2121 173.564 40.3626
v -29.6879 173.564 33.9183
v -29.0538 173.564 33.1336
v -23.3581 173.564 42.5798
v -22.3523 173.564 42.5798
v -24.2121 173.564 49.4535
v -27.4416 173.564 53.5555
v -24.2121 173.564 49.4535
v -26.4342 173.564 53.5555
v -24.2121 173.564 40.3626
v -30.864 173.564 40.3626
v -29.6879 173.564 33.9183
v -28.449 173.564 53.5555
v -30.864 173.564 49.4535
v -27.4416 173.564 53.5555
v -29.6879 173.564 33.9183
v -30.864 173.564 40.3626
v -30.3252 173.564 34.7002
v -30.9659 173.564 35.4794
v -30.3252 173.564 34.7002
v -30.864 173.564 40.3626
v -29.4565 173.564 53.5555
v -30.864 173.564 49.4535
v -28.449 173.564 53.5555
v -31.6102 173.564 36.2555
v -30.9659 173.564 35.4794
v -30.864 173.564 40.3626
v -11.7179 173.564 27.3743
v -17.5602 173.564 22.1807
v -10.9083 173.564 22.1807
v -23.3581 173.564 42.5798
v -30.864 173.564 40.3626
v -24.2121 173.564 40.3626
v -30.864 173.564 49.4535
v -24.2121 173.564 49.4535
v -27.4416 173.564 53.5555
v -30.864 173.564 40.3626
v -32.9084 173.564 37.7998
v -32.2577 173.564 37.029
v -23.3581 173.564 42.5798
v -30.864 173.564 49.4535
v -30.864 173.564 40.3626
v -16.3179 173.564 42.5798
v -15.3121 173.564 42.5798
v -17.5602 173.564 49.4535
v -30.864 173.564 49.4535
v -29.4565 173.564 53.5555
v -30.4639 173.564 53.5555
v -30.864 173.564 40.3626
v -34.8746 173.564 40.1004
v -34.2173 173.564 39.3352
v -30.864 173.564 40.3626
v -34.2173 173.564 39.3352
v -33.5616 173.564 38.5685
v -34.8746 173.564 40.1004
v -30.864 173.564 40.3626
v -35.5337 173.564 40.8642
v -17.5602 173.564 49.4535
v -15.3121 173.564 42.5798
v -14.3064 173.564 42.5798
v -30.864 173.564 49.4535
v -32.4787 173.564 53.5555
v -33.4861 173.564 53.5555
v -30.864 173.564 49.4535
v -31.4713 173.564 53.5555
v -32.4787 173.564 53.5555
v -30.864 173.564 49.4535
v -37.5158 173.564 46.2727
v -37.5158 173.564 45.2323
v -14.3064 173.564 42.5798
v -10.9083 173.564 49.4535
v -17.5602 173.564 49.4535
v -13.3007 173.564 42.5798
v -10.9083 173.564 49.4535
v -14.3064 173.564 42.5798
v -37.5158 173.564 43.1515
v -36.8544 173.564 42.3897
v -37.5158 173.564 44.1919
v -12.2949 173.564 42.5798
v -11.2892 173.564 42.5798
v -10.9083 173.564 49.4535
v -35.5337 173.564 40.8642
v -30.864 173.564 49.4535
v -36.1937 173.564 41.6272
v -36.8544 173.564 42.3897
v -37.5158 173.564 45.2323
v -37.5158 173.564 44.1919
v -36.8544 173.564 42.3897
v -36.1937 173.564 41.6272
v -37.5158 173.564 45.2323
v -30.864 173.564 49.4535
v -37.5158 173.564 45.2323
v -36.1937 173.564 41.6272
v -13.3377 173.564 53.5555
v -14.3451 173.564 53.5555
v -10.9083 173.564 49.4535
v -30.864 173.564 49.4535
v -37.5158 173.564 47.3131
v -37.5158 173.564 46.2727
v -11.2892 173.564 42.5798
v -10.2834 173.564 42.5798
v -10.9083 173.564 49.4535
v -34.4936 173.564 53.5555
v -30.864 173.564 49.4535
v -33.4861 173.564 53.5555
v -10.2834 173.564 42.5798
v -9.2777 173.564 42.5798
v -10.9083 173.564 49.4535
v -9.30799 173.564 53.5555
v -10.3154 173.564 53.5555
v -10.9083 173.564 49.4535
v -37.5158 173.564 47.3131
v -30.864 173.564 49.4535
v -37.5158 173.564 48.3535
v -10.9083 173.564 13.0898
v -10.0161 173.564 7.07432
v -4.25642 173.564 13.0898
v -37.5158 173.564 49.3939
v -30.864 173.564 49.4535
v -34.4936 173.564 53.5555
v -8.27196 173.564 42.5798
v -7.26622 173.564 42.5798
v -10.9083 173.564 49.4535
v -37.5158 173.564 48.3535
v -30.864 173.564 49.4535
v -37.5158 173.564 49.3939
v -34.4936 173.564 53.5555
v -37.5158 173.564 50.4343
v -37.5158 173.564 49.3939
v -10.9083 173.564 49.4535
v -4.25642 173.564 49.4535
v -7.29315 173.564 53.5555
v -37.5158 173.564 50.4343
v -34.4936 173.564 53.5555
v -35.501 173.564 53.5555
v -4.25642 173.564 3.99892
v -8.34069 173.564 4.55398
v -7.78605 173.564 3.71135
v -35.501 173.564 53.5555
v -37.5158 173.564 51.4747
v -37.5158 173.564 50.4343
v -7.26622 173.564 42.5798
v -6.26048 173.564 42.5798
v -4.25642 173.564 49.4535
v -6.26048 173.564 42.5798
v -5.25474 173.564 42.5798
v -4.25642 173.564 49.4535
v -7.29315 173.564 53.5555
v -8.30057 173.564 53.5555
v -10.9083 173.564 49.4535
v -36.5084 173.564 53.5555
v -37.5158 173.564 52.5151
v -37.5158 173.564 51.4747
v -37.5158 173.564 51.4747
v -35.501 173.564 53.5555
v -36.5084 173.564 53.5555
v -37.5158 173.564 53.5555
v -37.5158 173.564 52.5151
v -36.5084 173.564 53.5555
v -7.29315 173.564 53.5555
v -4.25642 173.564 49.4535
v -6.28572 173.564 53.5555
v -4.25642 173.564 13.0898
v -0.943325 173.564 11.5451
v -1.48442 173.564 12.3955
v -0.943325 173.564 11.5451
v -4.25642 173.564 13.0898
v -4.25642 173.564 3.99892
v 8.82562 173.564 33.4834
v 15.6992 173.564 31.2716
v 8.82562 173.564 34.4941
v -4.25642 173.564 3.99892
v -0.405155 173.564 10.6929
v -0.943325 173.564 11.5451
v 21.0207 173.564 34.4748
v 21.0207 173.564 35.4879
v 15.6992 173.564 31.2716
v 8.82562 173.564 35.5048
v 15.6992 173.564 31.2716
v 15.6992 173.564 40.3626
v 21.0207 173.564 34.4748
v 15.6992 173.564 31.2716
v 21.0207 173.564 33.4617
v 21.0207 173.564 33.4617
v 15.6992 173.564 31.2716
v 21.0207 173.564 32.4485
v -0.405155 173.564 10.6929
v -4.25642 173.564 3.99892
v 0.13002 173.564 9.83873
v 15.6992 173.564 31.2716
v 8.82562 173.564 32.4727
v 8.82562 173.564 31.4619
v -5.05368 173.564 -0.52834
v -4.25642 173.564 3.99892
v -5.59441 173.564 0.323299
v 21.0207 173.564 31.4354
v 21.0207 173.564 32.4485
v 15.6992 173.564 31.2716
v -4.25642 173.564 3.99892
v -5.05368 173.564 -0.52834
v -4.51555 173.564 -1.38163
v 21.0207 173.564 29.4091
v 21.0207 173.564 30.4223
v 15.6992 173.564 31.2716
v 15.6992 173.564 31.2716
v 8.82562 173.564 29.4405
v 8.82562 173.564 28.4298
v 15.6992 173.564 31.2716
v 21.0207 173.564 28.396
v 21.0207 173.564 29.4091
v 21.0207 173.564 28.396
v 15.6992 173.564 31.2716
v 21.0207 173.564 27.3829
v 8.82562 173.564 26.4083
v 8.82562 173.564 25.3976
v 15.6992 173.564 22.1807
v 21.0207 173.564 27.3829
v 15.6992 173.564 31.2716
v 21.0207 173.564 26.3697
v 15.6992 173.564 22.1807
v 8.82562 173.564 25.3976
v 8.82562 173.564 24.3869
v 21.0207 173.564 26.3697
v 15.6992 173.564 31.2716
v 15.6992 173.564 22.1807
v 21.0207 173.564 25.3566
v 21.0207 173.564 26.3697
v 15.6992 173.564 22.1807
v 21.0207 173.564 22.3172
v 21.0207 173.564 23.3303
v 15.6992 173.564 22.1807
v 15.6992 173.564 31.2716
v 8.82562 173.564 26.4083
v 15.6992 173.564 22.1807
v 15.6992 173.564 22.1807
v 21.0207 173.564 20.2909
v 21.0207 173.564 21.3041
v 8.82562 173.564 23.3762
v 8.82562 173.564 22.3655
v 15.6992 173.564 22.1807
v 8.82562 173.564 19.3333
v 8.82562 173.564 18.3226
v 15.6992 173.564 22.1807
v 21.0207 173.564 19.2778
v 15.6992 173.564 22.1807
v 21.0207 173.564 18.2647
v 21.0207 173.564 19.2778
v 21.0207 173.564 20.2909
v 15.6992 173.564 22.1807
v 21.0207 173.564 17.2515
v 21.0207 173.564 18.2647
v 15.6992 173.564 22.1807
v 8.82562 173.564 17.3119
v 15.6992 173.564 22.1807
v 8.82562 173.564 18.3226
v 15.6992 173.564 13.0898
v 8.82562 173.564 16.3011
v 8.82562 173.564 15.2904
v 15.6992 173.564 13.0898
v 8.82562 173.564 15.2904
v 8.82562 173.564 14.2797
v 21.0207 173.564 16.2384
v 21.0207 173.564 17.2515
v 15.6992 173.564 13.0898
v 15.6992 173.564 13.0898
v 15.6992 173.564 22.1807
v 8.82562 173.564 17.3119
v 21.0207 173.564 14.2121
v 21.0207 173.564 15.2253
v 15.6992 173.564 13.0898
v 21.0207 173.564 14.2121
v 15.6992 173.564 13.0898
v 21.0207 173.564 13.199
v -4.25642 173.564 13.0898
v -2.02893 173.564 13.2437
v -2.57663 173.564 14.0899
v 21.0207 173.564 11.1727
v 21.0207 173.564 12.1859
v 15.6992 173.564 13.0898
v 15.6992 173.564 13.0898
v 8.82562 173.564 11.2475
v 8.82562 173.564 10.2368
v 21.0207 173.564 10.1596
v 21.0207 173.564 11.1727
v 15.6992 173.564 13.0898
v 21.0207 173.564 8.13332
v 21.0207 173.564 9.14646
v 15.6992 173.564 13.0898
v 8.82562 173.564 8.21539
v 15.6992 173.564 13.0898
v 8.82562 173.564 9.22611
v 8.82562 173.564 7.20467
v 15.6992 173.564 3.99892
v 8.82562 173.564 8.21539
v 15.6992 173.564 3.99892
v 8.82562 173.564 6.19395
v 8.82562 173.564 5.18323
v 21.0207 173.564 7.12019
v 21.0207 173.564 8.13332
v 15.6992 173.564 3.99892
v 8.82562 173.564 4.17251
v 15.6992 173.564 3.99892
v 8.82562 173.564 5.18323
v 15.6992 173.564 3.99892
v 21.0207 173.564 6.10705
v 21.0207 173.564 7.12019
v 15.6992 173.564 3.99892
v 21.0207 173.564 2.05452
v 21.0207 173.564 3.06765
v 21.0207 173.564 6.10705
v 15.6992 173.564 3.99892
v 21.0207 173.564 5.09392
v 15.6992 173.564 3.99892
v 8.82562 173.564 2.15107
v 8.82562 173.564 1.14035
v 21.0207 173.564 1.04139
v 15.6992 173.564 3.99892
v 21.0207 173.564 0.0282552
v 21.0207 173.564 1.04139
v 21.0207 173.564 2.05452
v 15.6992 173.564 3.99892
v 21.0207 173.564 -0.984875
v 21.0207 173.564 0.0282552
v 15.6992 173.564 3.99892
v 8.82562 173.564 -0.881085
v 15.6992 173.564 3.99892
v 8.82562 173.564 0.129635
v 15.6992 173.564 -5.09199
v 21.0207 173.564 -0.984875
v 15.6992 173.564 3.99892
v 8.82562 173.564 -1.8918
v 15.6992 173.564 -5.09199
v 8.82562 173.564 -0.881085
v 15.6992 173.564 -5.09199
v 8.82562 173.564 -2.90252
v 8.82562 173.564 -3.91324
v 2.39547 173.564 -5.09199
v 4.83603 173.564 2.08333
v 2.39547 173.564 3.99892
v 15.6992 173.564 -5.09199
v 15.6992 173.564 3.99892
v 8.82562 173.564 -0.881085
v 21.0207 173.564 -4.02428
v 21.0207 173.564 -3.01114
v 15.6992 173.564 -5.09199
v 21.0207 173.564 -4.02428
v 15.6992 173.564 -5.09199
v 21.0207 173.564 -5.03741
v -0.814121 173.564 -7.39525
v 2.39547 173.564 -5.09199
v -1.33502 173.564 -6.53133
v 15.6992 173.564 -5.09199
v 21.0207 173.564 -10.1031
v 21.0207 173.564 -9.08995
v 15.6992 173.564 -5.09199
v 15.6992 173.564 -14.1829
v 21.0207 173.564 -10.1031
v 9.04735 173.564 -14.1829
v 10.9949 173.564 -23.2738
v 11.9975 173.564 -23.2738
v 11.9975 173.564 -23.2738
v 15.6992 173.564 -14.1829
v 9.04735 173.564 -14.1829
v 7.06508 173.564 -21.4792
v 9.99237 173.564 -23.2738
v 9.04735 173.564 -14.1829
v 9.04735 173.564 -14.1829
v 6.60108 173.564 -20.5835
v 7.06508 173.564 -21.4792
v 8.98979 173.564 -23.2738
v 9.99237 173.564 -23.2738
v 7.06508 173.564 -21.4792
v 9.04735 173.564 -14.1829
v 9.99237 173.564 -23.2738
v 10.9949 173.564 -23.2738
v 7.06508 173.564 -21.4792
v 7.52726 173.564 -22.3759
v 8.98979 173.564 -23.2738
v 21.0207 173.564 -8.07681
v 21.0207 173.564 -7.06368
v 15.6992 173.564 -5.09199
v 8.98979 173.564 -23.2738
v 7.52726 173.564 -22.3759
v 7.98721 173.564 -23.2738
v 21.0207 173.564 -8.07681
v 15.6992 173.564 -5.09199
v 21.0207 173.564 -9.08995
v 21.0207 173.564 -13.1425
v 15.6992 173.564 -14.1829
v 21.0207 173.564 -14.1556
v 21.0207 173.564 -10.1031
v 15.6992 173.564 -14.1829
v 21.0207 173.564 -11.1162
v 16.0078 173.564 -23.2738
v 15.6992 173.564 -14.1829
v 15.0053 173.564 -23.2738
v 21.0207 173.564 -13.1425
v 21.0207 173.564 -12.1293
v 15.6992 173.564 -14.1829
v 21.0207 173.564 -14.1556
v 15.6992 173.564 -14.1829
v 21.0207 173.564 -15.1687
v 17.0104 173.564 -23.2738
v 15.6992 173.564 -14.1829
v 16.0078 173.564 -23.2738
v 15.6992 173.564 -14.1829
v 21.0207 173.564 -16.1819
v 21.0207 173.564 -15.1687
v 21.0207 173.564 -18.2081
v 15.6992 173.564 -14.1829
v 17.0104 173.564 -23.2738
v 21.0207 173.564 -16.1819
v 15.6992 173.564 -14.1829
v 21.0207 173.564 -17.195
v 21.0207 173.564 -18.2081
v 17.0104 173.564 -23.2738
v 18.013 173.564 -23.2738
v 21.0207 173.564 -18.2081
v 21.0207 173.564 -17.195
v 15.6992 173.564 -14.1829
v 18.013 173.564 -23.2738
v 21.0207 173.564 -20.2344
v 21.0207 173.564 -19.2213
v 21.0207 173.564 -18.2081
v 18.013 173.564 -23.2738
v 21.0207 173.564 -19.2213
v 21.0207 173.564 -20.2344
v 19.0156 173.564 -23.2738
v 21.0207 173.564 -21.2475
v 19.0156 173.564 -23.2738
v 21.0207 173.564 -20.2344
v 18.013 173.564 -23.2738
v 21.0207 173.564 -22.2607
v 21.0207 173.564 -21.2475
v 20.0182 173.564 -23.2738
v 19.0156 173.564 -23.2738
v 20.0182 173.564 -23.2738
v 21.0207 173.564 -21.2475
v 21.0207 173.564 -23.2738
v 21.0207 173.564 -22.2607
v 20.0182 173.564 -23.2738
v -24.2121 173.564 31.2716
v -19.6106 173.564 37.8331
v -20.2326 173.564 38.6263
v -17.5602 173.564 31.2716
v -18.3719 173.564 36.2427
v -24.2121 173.564 31.2716
v -19.6106 173.564 37.8331
v -24.2121 173.564 31.2716
v -18.9903 173.564 37.0387
v -17.5602 173.564 22.1807
v -16.897 173.564 17.0336
v -10.9083 173.564 22.1807
v -9.36967 173.564 24.0969
v -10.9083 173.564 22.1807
v -8.78911 173.564 23.2729
v -17.7557 173.564 35.4451
v -18.3719 173.564 36.2427
v -17.5602 173.564 31.2716
v -8.78911 173.564 23.2729
v -10.9083 173.564 22.1807
v -8.2112 173.564 22.4471
v -17.5602 173.564 31.2716
v -22.8648 173.564 25.1669
v -22.2589 173.564 24.3604
v -15.1463 173.564 14.5649
v -10.9083 173.564 13.0898
v -10.9083 173.564 22.1807
v -15.9204 173.564 33.0418
v -17.5602 173.564 31.2716
v -15.3132 173.564 32.2373
v -12.8436 173.564 11.2512
v -10.9083 173.564 13.0898
v -13.4157 173.564 12.0821
v -4.79812 173.564 17.4545
v -10.9083 173.564 13.0898
v -4.25642 173.564 13.0898
v -19.8559 173.564 21.1187
v -19.2602 173.564 20.3046
v -17.5602 173.564 22.1807
v -10.0161 173.564 7.07432
v -10.9083 173.564 13.0898
v -10.5778 173.564 7.91227
v -17.5602 173.564 22.1807
v -12.3112 173.564 28.1891
v -12.907 173.564 29.0022
v -10.0161 173.564 7.07432
v -9.45609 173.564 6.23523
v -4.25642 173.564 13.0898
v -17.5602 173.564 22.1807
v -18.0746 173.564 18.672
v -17.4847 173.564 17.8535
v -4.25642 173.564 3.99892
v -8.89751 173.564 5.39518
v -8.34069 173.564 4.55398
v -10.9083 173.564 22.1807
v -11.127 173.564 26.5577
v -11.7179 173.564 27.3743
v -7.78605 173.564 3.71135
v -7.23377 173.564 2.86716
v -4.25642 173.564 3.99892
v 21.0207 173.564 35.4879
v 15.6992 173.564 40.3626
v 15.6992 173.564 31.2716
v -9.95287 173.564 24.919
v -10.9083 173.564 22.1807
v -9.36967 173.564 24.0969
v 15.6992 173.564 31.2716
v 8.82562 173.564 35.5048
v 8.82562 173.564 34.4941
v 21.0207 173.564 35.4879
v 21.0207 173.564 36.5011
v 15.6992 173.564 40.3626
v 15.6992 173.564 40.3626
v 8.82562 173.564 36.5155
v 8.82562 173.564 35.5048
v -4.25642 173.564 49.4535
v -2.23752 173.564 42.5798
v -1.23178 173.564 42.5798
v -10.9083 173.564 22.1807
v -10.9083 173.564 13.0898
v -7.0632 173.564 20.79
v 21.0207 173.564 36.5011
v 21.0207 173.564 37.5142
v 15.6992 173.564 40.3626
v -1.24861 173.564 53.5555
v -4.25642 173.564 49.4535
v 2.39547 173.564 49.4535
v -4.25642 173.564 49.4535
v -1.24861 173.564 53.5555
v -2.25603 173.564 53.5555
v 8.82562 173.564 37.5263
v 8.82562 173.564 36.5155
v 15.6992 173.564 40.3626
v -5.36052 173.564 18.291
v -10.9083 173.564 13.0898
v -4.79812 173.564 17.4545
v 15.6992 173.564 40.3626
v 21.0207 173.564 37.5142
v 21.0207 173.564 38.5273
v 8.82562 173.564 37.5263
v 15.6992 173.564 40.3626
v 8.82562 173.564 38.537
v 0.779701 173.564 42.5798
v 1.78544 173.564 42.5798
v 2.39547 173.564 49.4535
v 15.6992 173.564 40.3626
v 21.0207 173.564 38.5273
v 21.0207 173.564 39.5405
v 4.80266 173.564 42.5798
v 5.8084 173.564 42.5798
v 2.39547 173.564 49.4535
v 2.78109 173.564 53.5555
v 2.39547 173.564 49.4535
v 3.78851 173.564 53.5555
v 21.0207 173.564 41.5667
v 15.6992 173.564 40.3626
v 21.0207 173.564 40.5536
v 8.82562 173.564 41.5691
v 8.82562 173.564 40.5584
v 15.6992 173.564 40.3626
v 4.79593 173.564 53.5555
v 3.78851 173.564 53.5555
v 2.39547 173.564 49.4535
v 15.6992 173.564 40.3626
v 21.0207 173.564 41.5667
v 21.0207 173.564 42.5798
v 15.6992 173.564 49.4535
v 8.82562 173.564 42.5798
v 15.6992 173.564 40.3626
v 2.39547 173.564 49.4535
v 9.04735 173.564 49.4535
v 5.80336 173.564 53.5555
v 5.80336 173.564 53.5555
v 4.79593 173.564 53.5555
v 2.39547 173.564 49.4535
v 7.81989 173.564 42.5798
v 8.82562 173.564 42.5798
v 9.04735 173.564 49.4535
v 5.80336 173.564 53.5555
v 9.04735 173.564 49.4535
v 6.81078 173.564 53.5555
v 9.04735 173.564 49.4535
v 7.8182 173.564 53.5555
v 6.81078 173.564 53.5555
v 8.82562 173.564 42.5798
v 8.82562 173.564 41.5691
v 15.6992 173.564 40.3626
v 15.6992 173.564 49.4535
v 15.6992 173.564 40.3626
v 21.0207 173.564 42.5798
v 15.6992 173.564 31.2716
v 8.82562 173.564 33.4834
v 8.82562 173.564 32.4727
v 1.7205 173.564 7.26686
v -4.25642 173.564 3.99892
v 2.39547 173.564 3.99892
v 1.19271 173.564 8.12563
v -4.25642 173.564 3.99892
v 1.7205 173.564 7.26686
v 15.6992 173.564 31.2716
v 8.82562 173.564 27.4191
v 8.82562 173.564 26.4083
v 15.6992 173.564 31.2716
v 8.82562 173.564 28.4298
v 8.82562 173.564 27.4191
v -3.97969 173.564 -2.23634
v 2.39547 173.564 3.99892
v -4.25642 173.564 3.99892
v 3.29056 173.564 4.68241
v 2.76973 173.564 5.54541
v 2.39547 173.564 3.99892
v 8.82562 173.564 23.3762
v 15.6992 173.564 22.1807
v 8.82562 173.564 24.3869
v 2.39547 173.564 3.99892
v 3.80901 173.564 3.81797
v 3.29056 173.564 4.68241
v 21.0207 173.564 23.3303
v 21.0207 173.564 24.3435
v 15.6992 173.564 22.1807
v 21.0207 173.564 24.3435
v 21.0207 173.564 25.3566
v 15.6992 173.564 22.1807
v 3.80901 173.564 3.81797
v 2.39547 173.564 3.99892
v 4.32414 173.564 2.9516
v -1.85894 173.564 -5.66926
v 2.39547 173.564 -5.09199
v -2.38546 173.564 -4.80877
v 2.39547 173.564 -5.09199
v 2.39547 173.564 3.99892
v -2.91462 173.564 -3.94991
v 8.82562 173.564 19.3333
v 15.6992 173.564 22.1807
v 8.82562 173.564 20.344
v -1.85894 173.564 -5.66926
v -1.33502 173.564 -6.53133
v 2.39547 173.564 -5.09199
v 15.6992 173.564 13.0898
v 8.82562 173.564 17.3119
v 8.82562 173.564 16.3011
v 5.34445 173.564 1.21304
v 4.83603 173.564 2.08333
v 2.39547 173.564 -5.09199
v 5.34445 173.564 1.21304
v 2.39547 173.564 -5.09199
v 5.84887 173.564 0.340427
v 15.6992 173.564 22.1807
v 15.6992 173.564 13.0898
v 21.0207 173.564 17.2515
v 15.6992 173.564 13.0898
v 21.0207 173.564 15.2253
v 21.0207 173.564 16.2384
v -3.12749 173.564 14.934
v -3.68153 173.564 15.776
v -4.25642 173.564 13.0898
v 6.35023 173.564 -0.533947
v 5.84887 173.564 0.340427
v 2.39547 173.564 -5.09199
v 0.2183 173.564 -9.1287
v 0.729363 173.564 -9.99847
v 2.39547 173.564 -5.09199
v 8.82562 173.564 13.269
v 15.6992 173.564 13.0898
v 8.82562 173.564 14.2797
v -1.48442 173.564 12.3955
v -2.02893 173.564 13.2437
v -4.25642 173.564 13.0898
v 2.39547 173.564 -5.09199
v 7.34477 173.564 -2.28742
v 6.84866 173.564 -1.41002
v 8.82562 173.564 10.2368
v 8.82562 173.564 9.22611
v 15.6992 173.564 13.0898
v -4.25642 173.564 3.99892
v -4.25642 173.564 13.0898
v -8.89751 173.564 5.39518
v 0.729363 173.564 -9.99847
v 1.23652 173.564 -10.8705
v 2.39547 173.564 -5.09199
v 1.73995 173.564 -11.7447
v 2.39547 173.564 -5.09199
v 1.23652 173.564 -10.8705
v 21.0207 173.564 9.14646
v 21.0207 173.564 10.1596
v 15.6992 173.564 13.0898
v -6.68437 173.564 2.02111
v -4.25642 173.564 3.99892
v -7.23377 173.564 2.86716
v 21.0207 173.564 8.13332
v 15.6992 173.564 13.0898
v 15.6992 173.564 3.99892
v 0.662571 173.564 8.98294
v 0.13002 173.564 9.83873
v -4.25642 173.564 3.99892
v 7.83963 173.564 -3.16555
v 2.39547 173.564 -5.09199
v 8.33325 173.564 -4.04439
v 1.73995 173.564 -11.7447
v 2.2397 173.564 -12.621
v 2.39547 173.564 -5.09199
v 8.82562 173.564 7.20467
v 8.82562 173.564 6.19395
v 15.6992 173.564 3.99892
v 0.662571 173.564 8.98294
v -4.25642 173.564 3.99892
v 1.19271 173.564 8.12563
v 15.6992 173.564 3.99892
v 15.6992 173.564 13.0898
v 8.82562 173.564 8.21539
v 8.82562 173.564 -4.92396
v 8.33325 173.564 -4.04439
v 2.39547 173.564 -5.09199
v -4.25642 173.564 3.99892
v -4.51555 173.564 -1.38163
v -3.97969 173.564 -2.23634
v 2.39547 173.564 3.99892
v 2.24615 173.564 6.40677
v 1.7205 173.564 7.26686
v 8.82562 173.564 -4.92396
v 2.39547 173.564 -5.09199
v 2.2397 173.564 -12.621
v 15.6992 173.564 3.99892
v 21.0207 173.564 4.08079
v 21.0207 173.564 5.09392
v 2.73617 173.564 -13.4991
v 8.82562 173.564 -4.92396
v 2.2397 173.564 -12.621
v -3.44604 173.564 -3.09243
v -2.91462 173.564 -3.94991
v 2.39547 173.564 3.99892
v 2.73617 173.564 -13.4991
v 3.23006 173.564 -14.3788
v 9.04735 173.564 -14.1829
v 8.82562 173.564 0.129635
v 15.6992 173.564 3.99892
v 8.82562 173.564 1.14035
v -2.38546 173.564 -4.80877
v 2.39547 173.564 -5.09199
v -2.91462 173.564 -3.94991
v 3.23006 173.564 -14.3788
v 3.72149 173.564 -15.2598
v 9.04735 173.564 -14.1829
v 15.6992 173.564 -5.09199
v 8.82562 173.564 -1.8918
v 8.82562 173.564 -2.90252
v 2.39547 173.564 3.99892
v 4.83603 173.564 2.08333
v 4.32414 173.564 2.9516
v 3.72149 173.564 -15.2598
v 4.21092 173.564 -16.142
v 9.04735 173.564 -14.1829
v 15.6992 173.564 -5.09199
v 21.0207 173.564 -3.01114
v 21.0207 173.564 -1.99801
v 15.6992 173.564 -5.09199
v 21.0207 173.564 -1.99801
v 21.0207 173.564 -0.984875
v 4.69741 173.564 -17.0257
v 9.04735 173.564 -14.1829
v 4.21092 173.564 -16.142
v 4.69741 173.564 -17.0257
v 5.1805 173.564 -17.9114
v 9.04735 173.564 -14.1829
v 21.0207 173.564 -7.06368
v 21.0207 173.564 -6.05054
v 15.6992 173.564 -5.09199
v 8.82562 173.564 -4.92396
v 15.6992 173.564 -5.09199
v 8.82562 173.564 -3.91324
v 6.13238 173.564 -19.6902
v 9.04735 173.564 -14.1829
v 5.65898 173.564 -18.7994
v 6.84866 173.564 -1.41002
v 6.35023 173.564 -0.533947
v 2.39547 173.564 -5.09199
v 14.0027 173.564 -23.2738
v 15.6992 173.564 -14.1829
v 13.0001 173.564 -23.2738
v 21.0207 173.564 -12.1293
v 21.0207 173.564 -11.1162
v 15.6992 173.564 -14.1829
v 2.39547 173.564 -5.09199
v 7.83963 173.564 -3.16555
v 7.34477 173.564 -2.28742
v 6.13238 173.564 -19.6902
v 6.60108 173.564 -20.5835
v 9.04735 173.564 -14.1829
v 11.9975 173.564 -23.2738
v 13.0001 173.564 -23.2738
v 15.6992 173.564 -14.1829
v -4.25642 173.564 13.0898
v -4.23838 173.564 16.6162
v -4.79812 173.564 17.4545
v -11.7064 173.564 9.58463
v -11.1411 173.564 8.74915
v -10.9083 173.564 13.0898
v -11.1411 173.564 8.74915
v -10.5778 173.564 7.91227
v -10.9083 173.564 13.0898
v -10.9083 173.564 13.0898
v -6.49308 173.564 19.9587
v -7.0632 173.564 20.79
v -7.63589 173.564 21.6194
v -8.2112 173.564 22.4471
v -10.9083 173.564 22.1807
v -15.1463 173.564 14.5649
v -14.5671 173.564 13.7389
v -10.9083 173.564 13.0898
v -14.5671 173.564 13.7389
v -13.9902 173.564 12.9113
v -10.9083 173.564 13.0898
v -10.5386 173.564 25.7393
v -11.127 173.564 26.5577
v -10.9083 173.564 22.1807
v -9.95287 173.564 24.919
v -10.5386 173.564 25.7393
v -10.9083 173.564 22.1807
v -16.897 173.564 17.0336
v -17.5602 173.564 22.1807
v -17.4847 173.564 17.8535
v -13.505 173.564 29.8136
v -17.5602 173.564 22.1807
v -12.907 173.564 29.0022
v -17.5602 173.564 22.1807
v -17.5602 173.564 31.2716
v -21.655 173.564 23.5523
v -15.3132 173.564 32.2373
v -17.5602 173.564 31.2716
v -14.7082 173.564 31.4311
v -14.7082 173.564 31.4311
v -17.5602 173.564 31.2716
v -14.1055 173.564 30.6232
v -21.0532 173.564 22.7426
v -17.5602 173.564 22.1807
v -21.655 173.564 23.5523
v -17.7557 173.564 35.4451
v -17.5602 173.564 31.2716
v -17.1417 173.564 34.6457
v -24.2121 173.564 31.2716
v -18.3719 173.564 36.2427
v -18.9903 173.564 37.0387
v -24.2121 173.564 31.2716
v -24.6959 173.564 27.5766
v -24.0833 173.564 26.775
v -24.2121 173.564 31.2716
v -24.0833 173.564 26.775
v -23.473 173.564 25.9718
v -20.2326 173.564 38.6263
v -20.8561 173.564 39.4183
v -24.2121 173.564 31.2716
v -24.2121 173.564 40.3626
v -28.4229 173.564 32.3464
v -24.2121 173.564 31.2716
v -25.928 173.564 29.1745
v -24.2121 173.564 31.2716
v -26.5477 173.564 29.9706
v -24.2121 173.564 40.3626
v -21.4805 173.564 40.2095
v -22.106 173.564 40.9999
v -24.2121 173.564 40.3626
v -20.8561 173.564 39.4183
v -21.4805 173.564 40.2095
v -24.2121 173.564 31.2716
v -28.4229 173.564 32.3464
v -27.795 173.564 31.5567
v -24.2121 173.564 31.2716
v -27.795 173.564 31.5567
v -27.17 173.564 30.7648
v -24.2121 173.564 49.4535
v -30.864 173.564 49.4535
v -23.3581 173.564 42.5798
v 29.003 173.564 49.4535
v 28.3378 173.564 53.5555
v 27.2925 173.564 53.5555
v 30.4284 173.564 42.5798
v 29.003 173.564 49.4535
v 29.3831 173.564 42.5798
v 21.0207 173.564 53.5555
v 22.3511 173.564 49.4535
v 22.066 173.564 53.5555
v 22.066 173.564 42.5798
v 23.1113 173.564 42.5798
v 22.3511 173.564 49.4535
v 21.0207 173.564 66.652
v 21.0207 173.564 67.6594
v 15.6992 173.564 67.6353
v 15.6992 173.564 67.6353
v 21.0207 173.564 67.6594
v 21.0207 173.564 68.6668
v 21.0207 173.564 57.5852
v 21.0207 173.564 58.5926
v 15.6992 173.564 58.5444
v 9.04735 173.564 49.4535
v 15.6992 173.564 49.4535
v 8.82562 173.564 53.5555
v 22.3511 173.564 49.4535
v 15.6992 173.564 49.4535
v 21.0207 173.564 42.5798
v 21.0207 173.564 39.5405
v 21.0207 173.564 40.5536
v 15.6992 173.564 40.3626
v 21.0207 173.564 30.4223
v 21.0207 173.564 31.4354
v 15.6992 173.564 31.2716
v 21.0207 173.564 21.3041
v 21.0207 173.564 22.3172
v 15.6992 173.564 22.1807
v 21.0207 173.564 12.1859
v 21.0207 173.564 13.199
v 15.6992 173.564 13.0898
v 21.0207 173.564 3.06765
v 21.0207 173.564 4.08079
v 15.6992 173.564 3.99892
v 9.04735 173.564 -14.1829
v 15.6992 173.564 -14.1829
v 15.6992 173.564 -5.09199
v 21.0207 173.564 -6.05054
v 21.0207 173.564 -5.03741
v 15.6992 173.564 -5.09199
v 15.0053 173.564 -23.2738
v 15.6992 173.564 -14.1829
v 14.0027 173.564 -23.2738
v 8.82562 173.564 66.652
v 15.6992 173.564 67.6353
v 8.82562 173.564 67.6594
v 8.82562 173.564 57.5852
v 15.6992 173.564 58.5444
v 8.82562 173.564 58.5926
v 15.6992 173.564 58.5444
v 8.82562 173.564 57.5852
v 8.82562 173.564 56.5777
v 7.8182 173.564 53.5555
v 9.04735 173.564 49.4535
v 8.82562 173.564 53.5555
v 8.82562 173.564 42.5798
v 15.6992 173.564 49.4535
v 9.04735 173.564 49.4535
v 8.82562 173.564 39.5477
v 15.6992 173.564 40.3626
v 8.82562 173.564 40.5584
v 15.6992 173.564 40.3626
v 8.82562 173.564 39.5477
v 8.82562 173.564 38.537
v 8.82562 173.564 30.4512
v 15.6992 173.564 31.2716
v 8.82562 173.564 31.4619
v 15.6992 173.564 31.2716
v 8.82562 173.564 30.4512
v 8.82562 173.564 29.4405
v 8.82562 173.564 21.3547
v 15.6992 173.564 22.1807
v 8.82562 173.564 22.3655
v 15.6992 173.564 22.1807
v 8.82562 173.564 21.3547
v 8.82562 173.564 20.344
v 8.82562 173.564 12.2583
v 15.6992 173.564 13.0898
v 8.82562 173.564 13.269
v 15.6992 173.564 13.0898
v 8.82562 173.564 12.2583
v 8.82562 173.564 11.2475
v 8.82562 173.564 3.16179
v 15.6992 173.564 3.99892
v 8.82562 173.564 4.17251
v 15.6992 173.564 3.99892
v 8.82562 173.564 3.16179
v 8.82562 173.564 2.15107
v 2.73617 173.564 -13.4991
v 9.04735 173.564 -14.1829
v 8.82562 173.564 -4.92396
v 15.6992 173.564 -5.09199
v 8.82562 173.564 -4.92396
v 9.04735 173.564 -14.1829
v 5.65898 173.564 -18.7994
v 9.04735 173.564 -14.1829
v 5.1805 173.564 -17.9114
v 2.78109 173.564 53.5555
v 1.77366 173.564 53.5555
v 2.39547 173.564 49.4535
v 2.39547 173.564 49.4535
v 1.77366 173.564 53.5555
v 0.766239 173.564 53.5555
v 2.39547 173.564 3.99892
v 2.76973 173.564 5.54541
v 2.24615 173.564 6.40677
v -3.44604 173.564 -3.09243
v 2.39547 173.564 3.99892
v -3.97969 173.564 -2.23634
v -0.814121 173.564 -7.39525
v -0.296173 173.564 -8.26094
v 2.39547 173.564 -5.09199
v 2.39547 173.564 -5.09199
v -0.296173 173.564 -8.26094
v 0.2183 173.564 -9.1287
v -5.2783 173.564 53.5555
v -4.25642 173.564 49.4535
v -4.27088 173.564 53.5555
v -4.249 173.564 42.5798
v -3.24326 173.564 42.5798
v -4.25642 173.564 49.4535
v -8.89751 173.564 5.39518
v -4.25642 173.564 13.0898
v -9.45609 173.564 6.23523
v -2.57663 173.564 14.0899
v -3.12749 173.564 14.934
v -4.25642 173.564 13.0898
v -6.68437 173.564 2.02111
v -6.13784 173.564 1.17321
v -4.25642 173.564 3.99892
v -4.25642 173.564 3.99892
v -6.13784 173.564 1.17321
v -5.59441 173.564 0.323299
v -10.3154 173.564 53.5555
v -11.3228 173.564 53.5555
v -10.9083 173.564 49.4535
v -10.9083 173.564 49.4535
v -11.3228 173.564 53.5555
v -12.3303 173.564 53.5555
v -16.3112 173.564 16.2123
v -15.7277 173.564 15.3893
v -10.9083 173.564 22.1807
v -10.9083 173.564 22.1807
v -15.7277 173.564 15.3893
v -15.1463 173.564 14.5649
v -12.8436 173.564 11.2512
v -12.2738 173.564 10.4187
v -10.9083 173.564 13.0898
v -12.2738 173.564 10.4187
v -11.7064 173.564 9.58463
v -10.9083 173.564 13.0898
v -17.3674 173.564 53.5555
v -18.3748 173.564 53.5555
v -17.5602 173.564 49.4535
v -17.5602 173.564 49.4535
v -18.3748 173.564 53.5555
v -19.3822 173.564 53.5555
v -21.655 173.564 23.5523
v -17.5602 173.564 31.2716
v -22.2589 173.564 24.3604
v -15.9204 173.564 33.0418
v -16.53 173.564 33.8446
v -17.5602 173.564 31.2716
v -19.2602 173.564 20.3046
v -18.6664 173.564 19.489
v -17.5602 173.564 22.1807
v -17.5602 173.564 22.1807
v -18.6664 173.564 19.489
v -18.0746 173.564 18.672
v -24.4193 173.564 53.5555
v -25.4268 173.564 53.5555
v -24.2121 173.564 49.4535
v -26.4342 173.564 53.5555
v -24.2121 173.564 49.4535
v -25.4268 173.564 53.5555
v -28.4229 173.564 32.3464
v -24.2121 173.564 40.3626
v -29.0538 173.564 33.1336
v -22.7317 173.564 41.7901
v -23.3581 173.564 42.5798
v -24.2121 173.564 40.3626
v -25.928 173.564 29.1745
v -25.3108 173.564 28.3764
v -24.2121 173.564 31.2716
v -25.3108 173.564 28.3764
v -24.6959 173.564 27.5766
v -24.2121 173.564 31.2716
v -30.4639 173.564 53.5555
v -31.4713 173.564 53.5555
v -30.864 173.564 49.4535
v -32.9084 173.564 37.7998
v -30.864 173.564 40.3626
v -33.5616 173.564 38.5685
v -30.864 173.564 40.3626
v -30.864 173.564 49.4535
v -35.5337 173.564 40.8642
v -31.6102 173.564 36.2555
v -30.864 173.564 40.3626
v -32.2577 173.564 37.029
v -5.9255 173.564 19.1258
v -6.49308 173.564 19.9587
v -5.92554 175.564 19.1257
v -5.36057 175.564 18.291
v -5.36052 173.564 18.291
v -5.9255 173.564 19.1258
v -5.9255 173.564 19.1258
v -5.92554 175.564 19.1257
v -5.36057 175.564 18.291
v -5.36052 173.564 18.291
v -4.79819 175.564 17.4545
v -4.79812 173.564 17.4545
v -4.79819 175.564 17.4545
v -5.36052 173.564 18.291
v -5.36057 175.564 18.291
v -4.23838 173.564 16.6162
v -4.79812 173.564 17.4545
v -4.23853 175.564 16.6161
v -4.79819 175.564 17.4545
v -4.23853 175.564 16.6161
v -4.79812 173.564 17.4545
v -3.68156 175.564 15.776
v -3.68153 173.564 15.776
v -4.23838 173.564 16.6162
v -4.23838 173.564 16.6162
v -4.23853 175.564 16.6161
v -3.68156 175.564 15.776
v -3.68153 173.564 15.776
v -3.12764 175.564 14.9339
v -3.12749 173.564 14.934
v -3.12764 175.564 14.9339
v -3.68153 173.564 15.776
v -3.68156 175.564 15.776
v -2.57663 173.564 14.0899
v -3.12749 173.564 14.934
v -2.57664 175.564 14.0899
v -3.12764 175.564 14.9339
v -2.57664 175.564 14.0899
v -3.12749 173.564 14.934
v -2.02894 175.564 13.2437
v -2.02893 173.564 13.2437
v -2.57663 173.564 14.0899
v -2.57663 173.564 14.0899
v -2.57664 175.564 14.0899
v -2.02894 175.564 13.2437
v -2.02893 173.564 13.2437
v -1.48443 175.564 12.3955
v -1.48442 173.564 12.3955
v -1.48443 175.564 12.3955
v -2.02893 173.564 13.2437
v -2.02894 175.564 13.2437
v -0.943325 173.564 11.5451
v -1.48442 173.564 12.3955
v -0.943111 175.564 11.5453
v -1.48443 175.564 12.3955
v -0.943111 175.564 11.5453
v -1.48442 173.564 12.3955
v -0.404995 175.564 10.693
v -0.405155 173.564 10.6929
v -0.943325 173.564 11.5451
v -0.943325 173.564 11.5451
v -0.943111 175.564 11.5453
v -0.404995 175.564 10.693
v -0.405155 173.564 10.6929
v 0.130215 175.564 9.83886
v 0.13002 173.564 9.83873
v 0.130215 175.564 9.83886
v -0.405155 173.564 10.6929
v -0.404995 175.564 10.693
v 0.662571 173.564 8.98294
v 0.13002 173.564 9.83873
v 0.662788 175.564 8.98308
v 0.130215 175.564 9.83886
v 0.662788 175.564 8.98308
v 0.13002 173.564 9.83873
v 1.19276 175.564 8.12567
v 1.19271 173.564 8.12563
v 0.662571 173.564 8.98294
v 0.662571 173.564 8.98294
v 0.662788 175.564 8.98308
v 1.19276 175.564 8.12567
v 1.19271 173.564 8.12563
v 1.72058 175.564 7.26693
v 1.7205 173.564 7.26686
v 1.72058 175.564 7.26693
v 1.19271 173.564 8.12563
v 1.19276 175.564 8.12567
v 2.24615 173.564 6.40677
v 1.7205 173.564 7.26686
v 2.24607 175.564 6.40673
v 1.72058 175.564 7.26693
v 2.24607 175.564 6.40673
v 1.7205 173.564 7.26686
v 2.76942 175.564 5.54524
v 2.76973 173.564 5.54541
v 2.24615 173.564 6.40677
v 2.24615 173.564 6.40677
v 2.24607 175.564 6.40673
v 2.76942 175.564 5.54524
v 2.76973 173.564 5.54541
v 3.29053 175.564 4.6824
v 3.29056 173.564 4.68241
v 3.29053 175.564 4.6824
v 2.76973 173.564 5.54541
v 2.76942 175.564 5.54524
v 3.80901 173.564 3.81797
v 3.29056 173.564 4.68241
v 3.80865 175.564 3.81778
v 3.29053 175.564 4.6824
v 3.80865 175.564 3.81778
v 3.29056 173.564 4.68241
v 4.32401 175.564 2.95153
v 4.32414 173.564 2.9516
v 3.80901 173.564 3.81797
v 3.80901 173.564 3.81797
v 3.80865 175.564 3.81778
v 4.32401 175.564 2.95153
v 4.32414 173.564 2.9516
v 4.83593 175.564 2.08328
v 4.83603 173.564 2.08333
v 4.83593 175.564 2.08328
v 4.32414 173.564 2.9516
v 4.32401 175.564 2.95153
v 5.34445 173.564 1.21304
v 4.83603 173.564 2.08333
v 5.34439 175.564 1.21301
v 4.83593 175.564 2.08328
v 5.34439 175.564 1.21301
v 4.83603 173.564 2.08333
v 5.84935 175.564 0.340709
v 5.84887 173.564 0.340427
v 5.34445 173.564 1.21304
v 5.34445 173.564 1.21304
v 5.34439 175.564 1.21301
v 5.84935 175.564 0.340709
v 5.84887 173.564 0.340427
v 6.35073 175.564 -0.533657
v 6.35023 173.564 -0.533947
v 6.35073 175.564 -0.533657
v 5.84887 173.564 0.340427
v 5.84935 175.564 0.340709
v 6.84866 173.564 -1.41002
v 6.35023 173.564 -0.533947
v 6.84909 175.564 -1.40976
v 6.35073 175.564 -0.533657
v 6.84909 175.564 -1.40976
v 6.35023 173.564 -0.533947
v 7.34547 175.564 -2.28701
v 7.34477 173.564 -2.28742
v 6.84866 173.564 -1.41002
v 6.84866 173.564 -1.41002
v 6.84909 175.564 -1.40976
v 7.34547 175.564 -2.28701
v 7.34477 173.564 -2.28742
v 7.83963 175.564 -3.16555
v 7.83963 173.564 -3.16555
v 7.83963 175.564 -3.16555
v 7.34477 173.564 -2.28742
v 7.34547 175.564 -2.28701
v 8.33325 173.564 -4.04439
v 7.83963 173.564 -3.16555
v 8.33325 175.564 -4.04439
v 7.83963 175.564 -3.16555
v 8.33325 175.564 -4.04439
v 7.83963 173.564 -3.16555
v 8.82562 175.564 -4.92396
v 8.82562 173.564 -4.92396
v 8.33325 173.564 -4.04439
v 8.33325 173.564 -4.04439
v 8.33325 175.564 -4.04439
v 8.82562 175.564 -4.92396
v -5.92554 175.564 19.1257
v -6.49308 173.564 19.9587
v -6.49307 175.564 19.9588
v -7.06318 175.564 20.79
v -6.49307 175.564 19.9588
v -7.0632 173.564 20.79
v -6.49308 173.564 19.9587
v -7.0632 173.564 20.79
v -6.49307 175.564 19.9588
v -7.63589 173.564 21.6194
v -7.63588 175.564 21.6195
v -7.06318 175.564 20.79
v -7.06318 175.564 20.79
v -7.0632 173.564 20.79
v -7.63589 173.564 21.6194
v -7.63588 175.564 21.6195
v -8.2112 173.564 22.4471
v -8.21118 175.564 22.4471
v -8.2112 173.564 22.4471
v -7.63588 175.564 21.6195
v -7.63589 173.564 21.6194
v -8.78911 175.564 23.2729
v -8.21118 175.564 22.4471
v -8.78911 173.564 23.2729
v -8.2112 173.564 22.4471
v -8.78911 173.564 23.2729
v -8.21118 175.564 22.4471
v -9.36967 173.564 24.0969
v -9.36969 175.564 24.0969
v -8.78911 175.564 23.2729
v -8.78911 175.564 23.2729
v -8.78911 173.564 23.2729
v -9.36967 173.564 24.0969
v -9.36969 175.564 24.0969
v -9.95287 173.564 24.919
v -9.95287 175.564 24.919
v -9.95287 173.564 24.919
v -9.36969 175.564 24.0969
v -9.36967 173.564 24.0969
v -10.5387 175.564 25.7392
v -9.95287 175.564 24.919
v -10.5386 173.564 25.7393
v -9.95287 173.564 24.919
v -10.5386 173.564 25.7393
v -9.95287 175.564 24.919
v -11.127 173.564 26.5577
v -11.127 175.564 26.5577
v -10.5387 175.564 25.7392
v -10.5387 175.564 25.7392
v -10.5386 173.564 25.7393
v -11.127 173.564 26.5577
v -11.127 175.564 26.5577
v -11.7179 173.564 27.3743
v -11.7179 175.564 27.3743
v -11.7179 173.564 27.3743
v -11.127 175.564 26.5577
v -11.127 173.564 26.5577
v -12.3113 175.564 28.1891
v -11.7179 175.564 27.3743
v -12.3112 173.564 28.1891
v -11.7179 173.564 27.3743
v -12.3112 173.564 28.1891
v -11.7179 175.564 27.3743
v -12.907 173.564 29.0022
v -12.907 175.564 29.0022
v -12.3113 175.564 28.1891
v -12.3113 175.564 28.1891
v -12.3112 173.564 28.1891
v -12.907 173.564 29.0022
v -12.907 175.564 29.0022
v -13.505 173.564 29.8136
v -13.5051 175.564 29.8135
v -13.505 173.564 29.8136
v -12.907 175.564 29.0022
v -12.907 173.564 29.0022
v -14.1055 175.564 30.6232
v -13.5051 175.564 29.8135
v -14.1055 173.564 30.6232
v -13.505 173.564 29.8136
v -14.1055 173.564 30.6232
v -13.5051 175.564 29.8135
v -14.7082 173.564 31.4311
v -14.7082 175.564 31.4311
v -14.1055 175.564 30.6232
v -14.1055 175.564 30.6232
v -14.1055 173.564 30.6232
v -14.7082 173.564 31.4311
v -14.7082 175.564 31.4311
v -15.3132 173.564 32.2373
v -15.3132 175.564 32.2373
v -15.3132 173.564 32.2373
v -14.7082 175.564 31.4311
v -14.7082 173.564 31.4311
v -15.9205 175.564 33.0418
v -15.3132 175.564 32.2373
v -15.9204 173.564 33.0418
v -15.3132 173.564 32.2373
v -15.9204 173.564 33.0418
v -15.3132 175.564 32.2373
v -16.53 173.564 33.8446
v -16.53 175.564 33.8446
v -15.9205 175.564 33.0418
v -15.9205 175.564 33.0418
v -15.9204 173.564 33.0418
v -16.53 173.564 33.8446
v -16.53 175.564 33.8446
v -17.1417 173.564 34.6457
v -17.1418 175.564 34.6457
v -17.1417 173.564 34.6457
v -16.53 175.564 33.8446
v -16.53 173.564 33.8446
v -17.7557 175.564 35.4451
v -17.1418 175.564 34.6457
v -17.7557 173.564 35.4451
v -17.1417 173.564 34.6457
v -17.7557 173.564 35.4451
v -17.1418 175.564 34.6457
v -18.3719 173.564 36.2427
v -18.3721 175.564 36.2425
v -17.7557 175.564 35.4451
v -17.7557 175.564 35.4451
v -17.7557 173.564 35.4451
v -18.3719 173.564 36.2427
v -18.3721 175.564 36.2425
v -18.9903 173.564 37.0387
v -18.9905 175.564 37.0385
v -18.9903 173.564 37.0387
v -18.3721 175.564 36.2425
v -18.3719 173.564 36.2427
v -19.6109 175.564 37.8329
v -18.9905 175.564 37.0385
v -19.6106 173.564 37.8331
v -18.9903 173.564 37.0387
v -19.6106 173.564 37.8331
v -18.9905 175.564 37.0385
v -20.2326 173.564 38.6263
v -20.2329 175.564 38.6261
v -19.6109 175.564 37.8329
v -19.6109 175.564 37.8329
v -19.6106 173.564 37.8331
v -20.2326 173.564 38.6263
v -20.2329 175.564 38.6261
v -20.8561 173.564 39.4183
v -20.8563 175.564 39.4181
v -20.8561 173.564 39.4183
v -20.2329 175.564 38.6261
v -20.2326 173.564 38.6263
v -21.4808 175.564 40.2092
v -20.8563 175.564 39.4181
v -21.4805 173.564 40.2095
v -20.8561 173.564 39.4183
v -21.4805 173.564 40.2095
v -20.8563 175.564 39.4181
v -22.106 173.564 40.9999
v -22.106 175.564 40.9999
v -21.4808 175.564 40.2092
v -21.4808 175.564 40.2092
v -21.4805 173.564 40.2095
v -22.106 173.564 40.9999
v -22.106 175.564 40.9999
v -22.7317 173.564 41.7901
v -22.7317 175.564 41.7901
v -22.7317 173.564 41.7901
v -22.106 175.564 40.9999
v -22.106 173.564 40.9999
v -22.7317 173.564 41.7901
v -23.3581 173.564 42.5798
v -22.7317 175.564 41.7901
v -22.7317 175.564 41.7901
v -23.3581 173.564 42.5798
v -23.3581 175.564 42.5798
v 8.82562 175.564 4.17251
v 8.82562 173.564 5.18323
v 8.82562 173.564 4.17251
v 8.82562 175.564 20.344
v 8.82562 173.564 20.344
v 8.82562 175.564 19.3333
v 8.82562 173.564 19.3333
v 8.82562 175.564 18.3226
v 8.82562 175.564 19.3333
v 8.82562 173.564 21.3547
v 8.82562 175.564 20.344
v 8.82562 175.564 21.3547
v 8.82562 173.564 21.3547
v 8.82562 173.564 20.344
v 8.82562 175.564 20.344
v 8.82562 175.564 21.3547
v 8.82562 173.564 22.3655
v 8.82562 173.564 21.3547
v 8.82562 175.564 22.3655
v 8.82562 173.564 23.3762
v 8.82562 173.564 22.3655
v 8.82562 175.564 21.3547
v 8.82562 175.564 22.3655
v 8.82562 173.564 22.3655
v 8.82562 173.564 23.3762
v 8.82562 175.564 22.3655
v 8.82562 175.564 23.3762
v 8.82562 173.564 25.3976
v 8.82562 173.564 24.3869
v 8.82562 175.564 24.3869
v 8.82562 173.564 24.3869
v 8.82562 175.564 23.3762
v 8.82562 175.564 24.3869
v 8.82562 173.564 19.3333
v 8.82562 175.564 19.3333
v 8.82562 173.564 20.344
v 8.82562 173.564 24.3869
v 8.82562 173.564 23.3762
v 8.82562 175.564 23.3762
v 8.82562 175.564 25.3976
v 8.82562 175.564 26.4083
v 8.82562 173.564 26.4083
v 8.82562 173.564 26.4083
v 8.82562 173.564 25.3976
v 8.82562 175.564 25.3976
v 8.82562 173.564 27.4191
v 8.82562 175.564 26.4083
v 8.82562 175.564 27.4191
v 8.82562 175.564 26.4083
v 8.82562 173.564 27.4191
v 8.82562 173.564 26.4083
v 8.82562 173.564 28.4298
v 8.82562 175.564 27.4191
v 8.82562 175.564 28.4298
v 8.82562 173.564 27.4191
v 8.82562 175.564 27.4191
v 8.82562 173.564 28.4298
v 8.82562 175.564 28.4298
v 8.82562 173.564 29.4405
v 8.82562 173.564 28.4298
v 8.82562 173.564 29.4405
v 8.82562 175.564 29.4405
v 8.82562 173.564 30.4512
v 8.82562 175.564 29.4405
v 8.82562 173.564 29.4405
v 8.82562 175.564 28.4298
v 8.82562 173.564 30.4512
v 8.82562 175.564 30.4512
v 8.82562 173.564 31.4619
v 8.82562 175.564 29.4405
v 8.82562 175.564 30.4512
v 8.82562 173.564 30.4512
v 8.82562 175.564 33.4834
v 8.82562 175.564 34.4941
v 8.82562 173.564 34.4941
v 8.82562 175.564 31.4619
v 8.82562 175.564 32.4727
v 8.82562 173.564 32.4727
v 8.82562 173.564 32.4727
v 8.82562 173.564 31.4619
v 8.82562 175.564 31.4619
v 8.82562 175.564 33.4834
v 8.82562 173.564 33.4834
v 8.82562 175.564 32.4727
v 8.82562 175.564 32.4727
v 8.82562 173.564 33.4834
v 8.82562 173.564 32.4727
v 8.82562 175.564 30.4512
v 8.82562 175.564 31.4619
v 8.82562 173.564 31.4619
v 8.82562 173.564 33.4834
v 8.82562 175.564 33.4834
v 8.82562 173.564 34.4941
v 8.82562 175.564 34.4941
v 8.82562 175.564 35.5048
v 8.82562 173.564 35.5048
v 8.82562 173.564 34.4941
v 8.82562 175.564 34.4941
v 8.82562 173.564 35.5048
v 8.82562 173.564 36.5155
v 8.82562 173.564 35.5048
v 8.82562 175.564 35.5048
v 8.82562 175.564 37.5263
v 8.82562 173.564 37.5263
v 8.82562 175.564 36.5155
v 8.82562 173.564 37.5263
v 8.82562 173.564 36.5155
v 8.82562 175.564 36.5155
v 8.82562 175.564 37.5263
v 8.82562 173.564 38.537
v 8.82562 173.564 37.5263
v 8.82562 175.564 38.537
v 8.82562 173.564 38.537
v 8.82562 175.564 37.5263
v 8.82562 175.564 35.5048
v 8.82562 175.564 36.5155
v 8.82562 173.564 36.5155
v 8.82562 173.564 38.537
v 8.82562 175.564 38.537
v 8.82562 173.564 39.5477
v 8.82562 173.564 41.5691
v 8.82562 175.564 41.5691
v 8.82562 173.564 42.5798
v 8.82562 175.564 40.5584
v 8.82562 173.564 40.5584
v 8.82562 175.564 39.5477
v 8.82562 175.564 39.5477
v 8.82562 173.564 40.5584
v 8.82562 173.564 39.5477
v 8.82562 175.564 40.5584
v 8.82562 175.564 41.5691
v 8.82562 173.564 41.5691
v 8.82562 173.564 42.5798
v 8.82562 175.564 41.5691
v 8.82562 175.564 42.5798
v 8.82562 173.564 41.5691
v 8.82562 173.564 40.5584
v 8.82562 175.564 40.5584
v 8.82562 175.564 38.537
v 8.82562 175.564 39.5477
v 8.82562 173.564 39.5477
v 8.82562 173.564 25.3976
v 8.82562 175.564 24.3869
v 8.82562 175.564 25.3976
v 8.82562 175.564 18.3226
v 8.82562 173.564 19.3333
v 8.82562 173.564 18.3226
v 8.82562 175.564 17.3119
v 8.82562 173.564 18.3226
v 8.82562 173.564 17.3119
v 8.82562 173.564 18.3226
v 8.82562 175.564 17.3119
v 8.82562 175.564 18.3226
v 8.82562 173.564 16.3011
v 8.82562 175.564 16.3011
v 8.82562 173.564 17.3119
v 8.82562 175.564 17.3119
v 8.82562 173.564 17.3119
v 8.82562 175.564 16.3011
v 8.82562 173.564 16.3011
v 8.82562 173.564 15.2904
v 8.82562 175.564 15.2904
v 8.82562 175.564 15.2904
v 8.82562 175.564 16.3011
v 8.82562 173.564 16.3011
v 8.82562 175.564 14.2797
v 8.82562 173.564 15.2904
v 8.82562 173.564 14.2797
v 8.82562 173.564 15.2904
v 8.82562 175.564 14.2797
v 8.82562 175.564 15.2904
v 8.82562 173.564 13.269
v 8.82562 175.564 13.269
v 8.82562 173.564 14.2797
v 8.82562 175.564 14.2797
v 8.82562 173.564 14.2797
v 8.82562 175.564 13.269
v 8.82562 173.564 13.269
v 8.82562 173.564 12.2583
v 8.82562 175.564 12.2583
v 8.82562 175.564 12.2583
v 8.82562 175.564 13.269
v 8.82562 173.564 13.269
v 8.82562 175.564 11.2475
v 8.82562 173.564 12.2583
v 8.82562 173.564 11.2475
v 8.82562 173.564 12.2583
v 8.82562 175.564 11.2475
v 8.82562 175.564 12.2583
v 8.82562 173.564 10.2368
v 8.82562 175.564 10.2368
v 8.82562 173.564 11.2475
v 8.82562 175.564 11.2475
v 8.82562 173.564 11.2475
v 8.82562 175.564 10.2368
v 8.82562 173.564 10.2368
v 8.82562 173.564 9.22611
v 8.82562 175.564 9.22611
v 8.82562 175.564 9.22611
v 8.82562 175.564 10.2368
v 8.82562 173.564 10.2368
v 8.82562 175.564 8.21539
v 8.82562 173.564 9.22611
v 8.82562 173.564 8.21539
v 8.82562 173.564 9.22611
v 8.82562 175.564 8.21539
v 8.82562 175.564 9.22611
v 8.82562 173.564 7.20467
v 8.82562 175.564 7.20467
v 8.82562 173.564 8.21539
v 8.82562 175.564 8.21539
v 8.82562 173.564 8.21539
v 8.82562 175.564 7.20467
v 8.82562 173.564 7.20467
v 8.82562 173.564 6.19395
v 8.82562 175.564 6.19395
v 8.82562 175.564 6.19395
v 8.82562 175.564 7.20467
v 8.82562 173.564 7.20467
v 8.82562 175.564 5.18323
v 8.82562 173.564 6.19395
v 8.82562 173.564 5.18323
v 8.82562 173.564 6.19395
v 8.82562 175.564 5.18323
v 8.82562 175.564 6.19395
v 8.82562 175.564 4.17251
v 8.82562 173.564 4.17251
v 8.82562 175.564 3.16179
v 8.82562 175.564 5.18323
v 8.82562 173.564 5.18323
v 8.82562 175.564 4.17251
v 8.82562 173.564 3.16179
v 8.82562 175.564 2.15107
v 8.82562 175.564 3.16179
v 8.82562 175.564 3.16179
v 8.82562 173.564 4.17251
v 8.82562 173.564 3.16179
v 8.82562 175.564 2.15107
v 8.82562 173.564 2.15107
v 8.82562 175.564 1.14035
v 8.82562 173.564 2.15107
v 8.82562 175.564 2.15107
v 8.82562 173.564 3.16179
v 8.82562 175.564 0.129635
v 8.82562 175.564 1.14035
v 8.82562 173.564 1.14035
v 8.82562 173.564 2.15107
v 8.82562 173.564 1.14035
v 8.82562 175.564 1.14035
v 8.82562 173.564 0.129635
v 8.82562 175.564 -0.881085
v 8.82562 175.564 0.129635
v 8.82562 175.564 0.129635
v 8.82562 173.564 1.14035
v 8.82562 173.564 0.129635
v 8.82562 175.564 -0.881085
v 8.82562 173.564 -0.881085
v 8.82562 175.564 -1.8918
v 8.82562 173.564 -0.881085
v 8.82562 175.564 -0.881085
v 8.82562 173.564 0.129635
v 8.82562 175.564 -2.90252
v 8.82562 175.564 -1.8918
v 8.82562 173.564 -1.8918
v 8.82562 173.564 -0.881085
v 8.82562 173.564 -1.8918
v 8.82562 175.564 -1.8918
v 8.82562 173.564 -2.90252
v 8.82562 175.564 -3.91324
v 8.82562 175.564 -2.90252
v 8.82562 175.564 -2.90252
v 8.82562 173.564 -1.8918
v 8.82562 173.564 -2.90252
v 8.82562 175.564 -3.91324
v 8.82562 173.564 -3.91324
v 8.82562 175.564 -4.92396
v 8.82562 173.564 -3.91324
v 8.82562 175.564 -3.91324
v 8.82562 173.564 -2.90252
v 8.82562 173.564 -3.91324
v 8.82562 173.564 -4.92396
v 8.82562 175.564 -4.92396
v -8.27196 175.564 42.5798
v -7.26622 173.564 42.5798
v -7.26622 175.564 42.5798
v -8.27196 175.564 42.5798
v -9.2777 175.564 42.5798
v -8.27196 173.564 42.5798
v -8.27196 173.564 42.5798
v -7.26622 173.564 42.5798
v -8.27196 175.564 42.5798
v -9.2777 173.564 42.5798
v -9.2777 175.564 42.5798
v -10.2834 175.564 42.5798
v -9.2777 175.564 42.5798
v -9.2777 173.564 42.5798
v -8.27196 173.564 42.5798
v -11.2892 175.564 42.5798
v -10.2834 173.564 42.5798
v -10.2834 175.564 42.5798
v -9.2777 173.564 42.5798
v -10.2834 175.564 42.5798
v -10.2834 173.564 42.5798
v -11.2892 175.564 42.5798
v -12.2949 175.564 42.5798
v -11.2892 173.564 42.5798
v -11.2892 173.564 42.5798
v -10.2834 173.564 42.5798
v -11.2892 175.564 42.5798
v -12.2949 173.564 42.5798
v -12.2949 175.564 42.5798
v -13.3007 175.564 42.5798
v -12.2949 175.564 42.5798
v -12.2949 173.564 42.5798
v -11.2892 173.564 42.5798
v -14.3064 175.564 42.5798
v -13.3007 173.564 42.5798
v -13.3007 175.564 42.5798
v -12.2949 173.564 42.5798
v -13.3007 175.564 42.5798
v -13.3007 173.564 42.5798
v -14.3064 175.564 42.5798
v -15.3121 175.564 42.5798
v -14.3064 173.564 42.5798
v -14.3064 173.564 42.5798
v -13.3007 173.564 42.5798
v -14.3064 175.564 42.5798
v -15.3121 173.564 42.5798
v -15.3121 175.564 42.5798
v -16.3179 175.564 42.5798
v -15.3121 175.564 42.5798
v -15.3121 173.564 42.5798
v -14.3064 173.564 42.5798
v -17.3236 175.564 42.5798
v -16.3179 173.564 42.5798
v -16.3179 175.564 42.5798
v -15.3121 173.564 42.5798
v -16.3179 175.564 42.5798
v -16.3179 173.564 42.5798
v -17.3236 175.564 42.5798
v -18.3294 175.564 42.5798
v -17.3236 173.564 42.5798
v -17.3236 173.564 42.5798
v -16.3179 173.564 42.5798
v -17.3236 175.564 42.5798
v -18.3294 173.564 42.5798
v -18.3294 175.564 42.5798
v -19.3351 175.564 42.5798
v -18.3294 175.564 42.5798
v -18.3294 173.564 42.5798
v -17.3236 173.564 42.5798
v -20.3408 175.564 42.5798
v -19.3351 173.564 42.5798
v -19.3351 175.564 42.5798
v -18.3294 173.564 42.5798
v -19.3351 175.564 42.5798
v -19.3351 173.564 42.5798
v -20.3408 175.564 42.5798
v -21.3466 175.564 42.5798
v -20.3408 173.564 42.5798
v -20.3408 173.564 42.5798
v -19.3351 173.564 42.5798
v -20.3408 175.564 42.5798
v -21.3466 173.564 42.5798
v -21.3466 175.564 42.5798
v -22.3523 175.564 42.5798
v -21.3466 175.564 42.5798
v -21.3466 173.564 42.5798
v -20.3408 173.564 42.5798
v -23.3581 175.564 42.5798
v -22.3523 173.564 42.5798
v -22.3523 175.564 42.5798
v -21.3466 173.564 42.5798
v -22.3523 175.564 42.5798
v -22.3523 173.564 42.5798
v -23.3581 173.564 42.5798
v -22.3523 173.564 42.5798
v -23.3581 175.564 42.5798
v -6.26048 173.564 42.5798
v -7.26622 175.564 42.5798
v -7.26622 173.564 42.5798
v -5.25474 173.564 42.5798
v -6.26048 175.564 42.5798
v -6.26048 173.564 42.5798
v -7.26622 175.564 42.5798
v -6.26048 173.564 42.5798
v -6.26048 175.564 42.5798
v -5.25474 173.564 42.5798
v -4.249 173.564 42.5798
v -5.25474 175.564 42.5798
v -5.25474 175.564 42.5798
v -6.26048 175.564 42.5798
v -5.25474 173.564 42.5798
v -4.249 175.564 42.5798
v -4.249 173.564 42.5798
v -3.24326 173.564 42.5798
v -4.249 173.564 42.5798
v -4.249 175.564 42.5798
v -5.25474 175.564 42.5798
v -2.23752 173.564 42.5798
v -3.24326 175.564 42.5798
v -3.24326 173.564 42.5798
v -4.249 175.564 42.5798
v -3.24326 173.564 42.5798
v -3.24326 175.564 42.5798
v -2.23752 173.564 42.5798
v -1.23178 173.564 42.5798
v -2.23752 175.564 42.5798
v -2.23752 175.564 42.5798
v -3.24326 175.564 42.5798
v -2.23752 173.564 42.5798
v -1.23178 175.564 42.5798
v -1.23178 173.564 42.5798
v -0.22604 173.564 42.5798
v -1.23178 173.564 42.5798
v -1.23178 175.564 42.5798
v -2.23752 175.564 42.5798
v 0.779701 173.564 42.5798
v -0.22604 175.564 42.5798
v -0.22604 173.564 42.5798
v -1.23178 175.564 42.5798
v -0.22604 173.564 42.5798
v -0.22604 175.564 42.5798
v 0.779701 173.564 42.5798
v 1.78544 173.564 42.5798
v 0.779701 175.564 42.5798
v 0.779701 175.564 42.5798
v -0.22604 175.564 42.5798
v 0.779701 173.564 42.5798
v 1.78544 175.564 42.5798
v 1.78544 173.564 42.5798
v 2.79118 173.564 42.5798
v 1.78544 173.564 42.5798
v 1.78544 175.564 42.5798
v 0.779701 175.564 42.5798
v 3.79692 173.564 42.5798
v 2.79118 175.564 42.5798
v 2.79118 173.564 42.5798
v 1.78544 175.564 42.5798
v 2.79118 173.564 42.5798
v 2.79118 175.564 42.5798
v 3.79692 173.564 42.5798
v 4.80266 173.564 42.5798
v 3.79692 175.564 42.5798
v 3.79692 175.564 42.5798
v 2.79118 175.564 42.5798
v 3.79692 173.564 42.5798
v 4.80266 175.564 42.5798
v 4.80266 173.564 42.5798
v 5.8084 173.564 42.5798
v 4.80266 173.564 42.5798
v 4.80266 175.564 42.5798
v 3.79692 175.564 42.5798
v 6.81414 173.564 42.5798
v 5.8084 175.564 42.5798
v 5.8084 173.564 42.5798
v 4.80266 175.564 42.5798
v 5.8084 173.564 42.5798
v 5.8084 175.564 42.5798
v 6.81414 173.564 42.5798
v 7.81989 173.564 42.5798
v 6.81414 175.564 42.5798
v 6.81414 175.564 42.5798
v 5.8084 175.564 42.5798
v 6.81414 173.564 42.5798
v 7.81989 175.564 42.5798
v 7.81989 173.564 42.5798
v 8.82562 173.564 42.5798
v 7.81989 173.564 42.5798
v 7.81989 175.564 42.5798
v 6.81414 175.564 42.5798
v 7.81989 175.564 42.5798
v 8.82562 173.564 42.5798
v 8.82562 175.564 42.5798
f 131 130 129
f 134 133 132
f 137 136 135
f 140 139 138
f 143 142 141
f 146 145 144
f 149 148 147
f 152 151 150
f 155 154 153
f 158 157 156
f 161 160 159
f 164 163 162
f 167 166 165
f 170 169 168
f 173 172 171
f 176 175 174
f 179 178 177
f 182 181 180
f 185 184 183
f 188 187 186
f 191 190 189
f 194 193 192
f 197 196 195
f 200 199 198
f 203 202 201
f 206 205 204
f 209 208 207
f 212 211 210
f 215 214 213
f 218 217 216
f 221 220 219
f 224 223 222
f 227 226 225
f 230 229 228
f 233 232 231
f 236 235 234
f 239 238 237
f 242 241 240
f 245 244 243
f 248 247 246
f 251 250 249
f 254 253 252
f 257 256 255
f 260 259 258
f 263 262 261
f 266 265 264
f 269 268 267
f 272 271 270
f 275 274 273
f 278 277 276
f 281 280 279
f 284 283 282
f 287 286 285
f 290 289 288
f 293 292 291
f 296 295 294
f 299 298 297
f 302 301 300
f 305 304 303
f 308 307 306
f 311 310 309
f 314 313 312
f 317 316 315
f 320 319 318
f 323 322 321
f 326 325 324
f 329 328 327
f 332 331 330
f 335 334 333
f 338 337 336
f 341 340 339
f 344 343 342
f 347 346 345
f 350 349 348
f 353 352 351
f 356 355 354
f 359 358 357
f 362 361 360
f 365 364 363
f 368 367 366
f 371 370 369
f 374 373 372
f 377 376 375
f 380 379 378
f 383 382 381
f 386 385 384
f 389 388 387
f 392 391 390
f 395 394 393
f 398 397 396
f 401 400 399
f 404 403 402
f 407 406 405
f 410 409 408
f 413 412 411
f 416 415 414
f 419 418 417
f 422 421 420
f 425 424 423
f 428 427 426
f 431 430 429
f 434 433 432
f 437 436 435
f 440 439 438
f 443 442 441
f 446 445 444
f 449 448 447
f 452 451 450
f 455 454 453
f 458 457 456
f 461 460 459
f 464 463 462
f 467 466 465
f 470 469 468
f 473 472 471
f 476 475 474
f 479 478 477
f 482 481 480
f 485 484 483
f 488 487 486
f 491 490 489
f 494 493 492
f 497 496 495
f 500 499 498
f 503 502 501
f 506 505 504
f 509 508 507
f 512 511 510
f 515 514 513
f 518 517 516
f 521 520 519
f 524 523 522
f 527 526 525
f 530 529 528
f 533 532 531
f 536 535 534
f 539 538 537
f 542 541 540
f 545 544 543
f 548 547 546
f 551 550 549
f 554 553 552
f 557 556 555
f 560 559 558
f 563 562 561
f 566 565 564
f 569 568 567
f 572 571 570
f 575 574 573
f 578 577 576
f 581 580 579
f 584 583 582
f 587 586 585
f 590 589 588
f 593 592 591
f 596 595 594
f 599 598 597
f 602 601 600
f 605 604 603
f 608 607 606
f 611 610 609
f 614 613 612
f 617 616 615
f 620 619 618
f 623 622 621
f 626 625 624
f 629 628 627
f 632 631 630
f 635 634 633
f 638 637 636
f 641 640 639
f 644 643 642
f 647 646 645
f 650 649 648
f 653 652 651
f 656 655 654
f 659 658 657
f 662 661 660
f 665 664 663
f 668 667 666
f 671 670 669
f 674 673 672
f 677 676 675
f 680 679 678
f 683 682 681
f 686 685 684
f 689 688 687
f 692 691 690
f 695 694 693
f 698 697 696
f 701 700 699
f 704 703 702
f 707 706 705
f 710 709 708
f 713 712 711
f 716 715 714
f 719 718 717
f 722 721 720
f 725 724 723
f 728 727 726
f 731 730 729
f 734 733 732
f 737 736 735
f 740 739 738
f 743 742 741
f 746 745 744
f 749 748 747
f 752 751 750
f 755 754 753
f 758 757 756
f 761 760 759
f 764 763 762
f 767 766 765
f 770 769 768
f 773 772 771
f 776 775 774
f 779 778 777
f 782 781 780
f 785 784 783
f 788 787 786
f 791 790 789
f 794 793 792
f 797 796 795
f 800 799 798
f 803 802 801
f 806 805 804
f 809 808 807
f 812 811 810
f 815 814 813
f 818 817 816
f 821 820 819
f 824 823 822
f 827 826 825
f 830 829 828
f 833 832 831
f 836 835 834
f 839 838 837
f 842 841 840
f 845 844 843
f 848 847 846
f 851 850 849
f 854 853 852
f 857 856 855
f 860 859 858
f 863 862 861
f 866 865 864
f 869 868 867
f 872 871 870
f 875 874 873
f 878 877 876
f 881 880 879
f 884 883 882
f 887 886 885
f 890 889 888
f 893 892 891
f 896 895 894
f 899 898 897
f 902 901 900
f 905 904 903
f 908 907 906
f 911 910 909
f 914 913 912
f 917 916 915
f 920 919 918
f 923 922 921
f 926 925 924
f 929 928 927
f 932 931 930
f 935 934 933
f 938 937 936
f 941 940 939
f 944 943 942
f 947 946 945
f 950 949 948
f 953 952 951
f 956 955 954
f 959 958 957
f 962 961 960
f 965 964 963
f 968 967 966
f 971 970 969
f 974 973 972
f 977 976 975
f 980 979 978
f 983 982 981
f 986 985 984
f 989 988 987
f 992 991 990
f 995 994 993
f 998 997 996
f 1001 1000 999
f 1004 1003 1002
f 1007 1006 1005
f 1010 1009 1008
f 1013 1012 1011
f 1016 1015 1014
f 1019 1018 1017
f 1022 1021 1020
f 1025 1024 1023
f 1028 1027 1026
f 1031 1030 1029
f 1034 1033 1032
f 1037 1036 1035
f 1040 1039 1038
f 1043 1042 1041
f 1046 1045 1044
f 1049 1048 1047
f 1052 1051 1050
f 1055 1054 1053
f 1058 1057 1056
f 1061 1060 1059
f 1064 1063 1062
f 1067 1066 1065
f 1070 1069 1068
f 1073 1072 1071
f 1076 1075 1074
f 1079 1078 1077
f 1082 1081 1080
f 1085 1084 1083
f 1088 1087 1086
f 1091 1090 1089
f 1094 1093 1092
f 1097 1096 1095
f 1100 1099 1098
f 1103 1102 1101
f 1106 1105 1104
f 1109 1108 1107
f 1112 1111 1110
f 1115 1114 1113
f 1118 1117 1116
f 1121 1120 1119
f 1124 1123 1122
f 1127 1126 1125
f 1130 1129 1128
f 1133 1132 1131
f 1136 1135 1134
f 1139 1138 1137
f 1142 1141 1140
f 1145 1144 1143
f 1148 1147 1146
f 1151 1150 1149
f 1154 1153 1152
f 1157 1156 1155
f 1160 1159 1158
f 1163 1162 1161
f 1166 1165 1164
f 1169 1168 1167
f 1172 1171 1170
f 1175 1174 1173
f 1178 1177 1176
f 1181 1180 1179
f 1184 1183 1182
f 1187 1186 1185
f 1190 1189 1188
f 1193 1192 1191
f 1196 1195 1194
f 1199 1198 1197
f 1202 1201 1200
f 1205 1204 1203
f 1208 1207 1206
f 1211 1210 1209
f 1214 1213 1212
f 1217 1216 1215
f 1220 1219 1218
f 1223 1222 1221
f 1226 1225 1224
f 1229 1228 1227
f 1232 1231 1230
f 1235 1234 1233
f 1238 1237 1236
f 1241 1240 1239
f 1244 1243 1242
f 1247 1246 1245
f 1250 1249 1248
f 1253 1252 1251
f 1256 1255 1254
f 1259 1258 1257
f 1262 1261 1260
f 1265 1264 1263
f 1268 1267 1266
f 1271 1270 1269
f 1274 1273 1272
f 1277 1276 1275
f 1280 1279 1278
f 1283 1282 1281
f 1286 1285 1284
f 1289 1288 1287
f 1292 1291 1290
f 1295 1294 1293
f 1298 1297 1296
f 1301 1300 1299
f 1304 1303 1302
f 1307 1306 1305
f 1310 1309 1308
f 1313 1312 1311
f 1316 1315 1314
f 1319 1318 1317
f 1322 1321 1320
f 1325 1324 1323
f 1328 1327 1326
f 1331 1330 1329
f 1334 1333 1332
f 1337 1336 1335
f 1340 1339 1338
f 1343 1342 1341
f 1346 1345 1344
f 1349 1348 1347
f 1352 1351 1350
f 1355 1354 1353
f 1358 1357 1356
f 1361 1360 1359
f 1364 1363 1362
f 1367 1366 1365
f 1370 1369 1368
f 1373 1372 1371
f 1376 1375 1374
f 1379 1378 1377
f 1382 1381 1380
f 1385 1384 1383
f 1388 1387 1386
f 1391 1390 1389
f 1394 1393 1392
f 1397 1396 1395
f 1400 1399 1398
f 1403 1402 1401
f 1406 1405 1404
f 1409 1408 1407
f 1412 1411 1410
f 1415 1414 1413
f 1418 1417 1416
f 1421 1420 1419
f 1424 1423 1422
f 1427 1426 1425
f 1430 1429 1428
f 1433 1432 1431
f 1436 1435 1434
f 1439 1438 1437
f 1442 1441 1440
f 1445 1444 1443
f 1448 1447 1446
f 1451 1450 1449
f 1454 1453 1452
f 1457 1456 1455
f 1460 1459 1458
f 1463 1462 1461
f 1466 1465 1464
f 1469 1468 1467
f 1472 1471 1470
f 1475 1474 1473
f 1478 1477 1476
f 1481 1480 1479
f 1484 1483 1482
f 1487 1486 1485
f 1490 1489 1488
f 1493 1492 1491
f 1496 1495 1494
f 1499 1498 1497
f 1502 1501 1500
f 1505 1504 1503
f 1508 1507 1506
f 1511 1510 1509
f 1514 1513 1512
f 1517 1516 1515
f 1520 1519 1518
f 1523 1522 1521
f 1526 1525 1524
f 1529 1528 1527
f 1532 1531 1530
f 1535 1534 1533
f 1538 1537 1536
f 1541 1540 1539
f 1544 1543 1542
f 1547 1546 1545
f 1550 1549 1548
f 1553 1552 1551
f 1556 1555 1554
f 1559 1558 1557
f 1562 1561 1560
f 1565 1564 1563
f 1568 1567 1566
f 1571 1570 1569
f 1574 1573 1572
f 1577 1576 1575
f 1580 1579 1578
f 1583 1582 1581
f 1586 1585 1584
f 1589 1588 1587
f 1592 1591 1590
f 1595 1594 1593
f 1598 1597 1596
f 1601 1600 1599
f 1604 1603 1602
f 1607 1606 1605
f 1610 1609 1608
f 1613 1612 1611
f 1616 1615 1614
f 1619 1618 1617
f 1622 1621 1620
f 1625 1624 1623
f 1628 1627 1626
f 1631 1630 1629
f 1634 1633 1632
f 1637 1636 1635
f 1640 1639 1638
f 1643 1642 1641
f 1646 1645 1644
f 1649 1648 1647
f 1652 1651 1650
f 1655 1654 1653
f 1658 1657 1656
f 1661 1660 1659
f 1664 1663 1662
f 1667 1666 1665
f 1670 1669 1668
f 1673 1672 1671
f 1676 1675 1674
f 1679 1678 1677
f 1682 1681 1680
f 1685 1684 1683
f 1688 1687 1686
f 1691 1690 1689
f 1694 1693 1692
f 1697 1696 1695
f 1700 1699 1698
f 1703 1702 1701
f 1706 1705 1704
f 1709 1708 1707
f 1712 1711 1710
f 1715 1714 1713
f 1718 1717 1716
f 1721 1720 1719
f 1724 1723 1722
f 1727 1726 1725
f 1730 1729 1728
f 1733 1732 1731
f 1736 1735 1734
f 1739 1738 1737
f 1742 1741 1740
f 1745 1744 1743
f 1748 1747 1746
f 1751 1750 1749
f 1754 1753 1752
f 1757 1756 1755
f 1760 1759 1758
f 1763 1762 1761
f 1766 1765 1764
f 1769 1768 1767
f 1772 1771 1770
f 1775 1774 1773
f 1778 1777 1776
f 1781 1780 1779
f 1784 1783 1782
f 1787 1786 1785
f 1790 1789 1788
f 1793 1792 1791
f 1796 1795 1794
f 1799 1798 1797
f 1802 1801 1800
f 1805 1804 1803
f 1808 1807 1806
f 1811 1810 1809
f 1814 1813 1812
f 1817 1816 1815
f 1820 1819 1818
f 1823 1822 1821
f 1826 1825 1824
f 1829 1828 1827
f 1832 1831 1830
f 1835 1834 1833
f 1838 1837 1836
f 1841 1840 1839
f 1844 1843 1842
f 1847 1846 1845
f 1850 1849 1848
f 1853 1852 1851
f 1856 1855 1854
f 1859 1858 1857
f 1862 1861 1860
f 1865 1864 1863
f 1868 1867 1866
f 1871 1870 1869
f 1874 1873 1872
f 1877 1876 1875
f 1880 1879 1878
f 1883 1882 1881
f 1886 1885 1884
f 1889 1888 1887
f 1892 1891 1890
f 1895 1894 1893
f 1898 1897 1896
f 1901 1900 1899
f 1904 1903 1902
f 1907 1906 1905
f 1910 1909 1908
f 1913 1912 1911
f 1916 1915 1914
f 1919 1918 1917
f 1922 1921 1920
f 1925 1924 1923
f 1928 1927 1926
f 1931 1930 1929
f 1934 1933 1932
f 1937 1936 1935
f 1940 1939 1938
f 1943 1942 1941
f 1946 1945 1944
f 1949 1948 1947
f 1952 1951 1950
f 1955 1954 1953
f 1958 1957 1956
f 1961 1960 1959
f 1964 1963 1962
f 1967 1966 1965
f 1970 1969 1968
f 1973 1972 1971
f 1976 1975 1974
f 1979 1978 1977
f 1982 1981 1980
f 1985 1984 1983
f 1988 1987 1986
f 1991 1990 1989
f 1994 1993 1992
f 1997 1996 1995
f 2000 1999 1998
f 2003 2002 2001
f 2006 2005 2004
f 2009 2008 2007
f 2012 2011 2010
f 2015 2014 2013
f 2018 2017 2016
f 2021 2020 2019
f 2024 2023 2022
f 2027 2026 2025
f 2030 2029 2028
f 2033 2032 2031
f 2036 2035 2034
f 2039 2038 2037
f 2042 2041 2040
f 2045 2044 2043
f 2048 2047 2046
f 2051 2050 2049
f 2054 2053 2052
f 2057 2056 2055
f 2060 2059 2058
f 2063 2062 2061
f 2066 2065 2064
f 2069 2068 2067
f 2072 2071 2070
f 2075 2074 2073
f 2078 2077 2076
f 2081 2080 2079
f 2084 2083 2082
f 2087 2086 2085
f 2090 2089 2088
f 2093 2092 2091
f 2096 2095 2094
f 2099 2098 2097
f 2102 2101 2100
f 2105 2104 2103
f 2108 2107 2106
f 2111 2110 2109
f 2114 2113 2112
f 2117 2116 2115
f 2120 2119 2118
f 2123 2122 2121
f 2126 2125 2124
f 2129 2128 2127
f 2132 2131 2130
f 2135 2134 2133
f 2138 2137 2136
f 2141 2140 2139
f 2144 2143 2142
f 2147 2146 2145
f 2150 2149 2148
f 2153 2152 2151
f 2156 2155 2154
f 2159 2158 2157
f 2162 2161 2160
f 2165 2164 2163
f 2168 2167 2166
f 2171 2170 2169
f 2174 2173 2172
f 2177 2176 2175
f 2180 2179 2178
f 2183 2182 2181
f 2186 2185 2184
f 2189 2188 2187
f 2192 2191 2190
f 2195 2194 2193
f 2198 2197 2196
f 2201 2200 2199
f 2204 2203 2202
f 2207 2206 2205
f 2210 2209 2208
f 2213 2212 2211
f 2216 2215 2214
f 2219 2218 2217
f 2222 2221 2220
f 2225 2224 2223
f 2228 2227 2226
f 2231 2230 2229
f 2234 2233 2232
f 2237 2236 2235
f 2240 2239 2238
f 2243 2242 2241
f 2246 2245 2244
f 2249 2248 2247
f 2252 2251 2250
f 2255 2254 2253
f 2258 2257 2256
f 2261 2260 2259
f 2264 2263 2262
f 2267 2266 2265
f 2270 2269 2268
f 2273 2272 2271
f 2276 2275 2274
f 2279 2278 2277
f 2282 2281 2280
f 2285 2284 2283
f 2288 2287 2286
f 2291 2290 2289
f 2294 2293 2292
f 2297 2296 2295
f 2300 2299 2298
f 2303 2302 2301
f 2306 2305 2304
f 2309 2308 2307
f 2312 2311 2310
f 2315 2314 2313
f 2318 2317 2316
f 2321 2320 2319
f 2324 2323 2322
f 2327 2326 2325
f 2330 2329 2328
f 2333 2332 2331
f 2336 2335 2334
f 2339 2338 2337
f 2342 2341 2340
f 2345 2344 2343
f 2348 2347 2346
f 2351 2350 2349
f 2354 2353 2352
f 2357 2356 2355
f 2360 2359 2358
f 2363 2362 2361
f 2366 2365 2364
f 2369 2368 2367
f 2372 2371 2370
f 2375 2374 2373
f 2378 2377 2376
f 2381 2380 2379
f 2384 2383 2382
f 2387 2386 2385
f 2390 2389 2388
f 2393 2392 2391
f 2396 2395 2394
f 2399 2398 2397
f 2402 2401 2400
f 2405 2404 2403
f 2408 2407 2406
f 2411 2410 2409
f 2414 2413 2412
f 2417 2416 2415
f 2420 2419 2418
f 2423 2422 2421
f 2426 2425 2424
f 2429 2428 2427
f 2432 2431 2430
f 2435 2434 2433
f 2438 2437 2436
f 2441 2440 2439
f 2444 2443 2442
f 2447 2446 2445
f 2450 2449 2448
f 2453 2452 2451
f 2456 2455 2454
f 2459 2458 2457
f 2462 2461 2460
f 2465 2464 2463
f 2468 2467 2466
f 2471 2470 2469
f 2474 2473 2472
f 2477 2476 2475
f 2480 2479 2478
f 2483 2482 2481
f 2486 2485 2484
f 2489 2488 2487
f 2492 2491 2490
f 2495 2494 2493
f 2498 2497 2496
f 2501 2500 2499
f 2504 2503 2502
f 2507 2506 2505
f 2510 2509 2508
f 2513 2512 2511
f 2516 2515 2514
f 2519 2518 2517
f 2522 2521 2520
f 2525 2524 2523
f 2528 2527 2526
f 2531 2530 2529
f 2534 2533 2532
f 2537 2536 2535
f 2540 2539 2538
f 2543 2542 2541
f 2546 2545 2544
f 2549 2548 2547
f 2552 2551 2550
f 2555 2554 2553
f 2558 2557 2556
f 2561 2560 2559
f 2564 2563 2562
f 2567 2566 2565
f 2570 2569 2568
f 2573 2572 2571
f 2576 2575 2574
f 2579 2578 2577
f 2582 2581 2580
f 2585 2584 2583
f 2588 2587 2586
f 2591 2590 2589
f 2594 2593 2592
f 2597 2596 2595
f 2600 2599 2598
f 2603 2602 2601
f 2606 2605 2604
f 2609 2608 2607
f 2612 2611 2610
f 2615 2614 2613
f 2618 2617 2616
f 2621 2620 2619
f 2624 2623 2622
f 2627 2626 2625
f 2630 2629 2628
f 2633 2632 2631
f 2636 2635 2634
f 2639 2638 2637
f 2642 2641 2640
f 2645 2644 2643
f 2648 2647 2646
f 2651 2650 2649
f 2654 2653 2652
f 2657 2656 2655
f 2660 2659 2658
f 2663 2662 2661
f 2666 2665 2664
f 2669 2668 2667
f 2672 2671 2670
f 2675 2674 2673
f 2678 2677 2676
f 2681 2680 2679
f 2684 2683 2682
f 2687 2686 2685
f 2690 2689 2688
f 2693 2692 2691
f 2696 2695 2694
f 2699 2698 2697
f 2702 2701 2700
f 2705 2704 2703
f 2708 2707 2706
f 2711 2710 2709
f 2714 2713 2712
f 2717 2716 2715
f 2720 2719 2718
f 2723 2722 2721
f 2726 2725 2724
f 2729 2728 2727
f 2732 2731 2730
f 2735 2734 2733
f 2738 2737 2736
f 2741 2740 2739
f 2744 2743 2742
f 2747 2746 2745
f 2750 2749 2748
f 2753 2752 2751
f 2756 2755 2754
f 2759 2758 2757
f 2762 2761 2760
f 2765 2764 2763
f 2768 2767 2766
f 2771 2770 2769
f 2774 2773 2772
f 2777 2776 2775
f 2780 2779 2778
f 2783 2782 2781
f 2786 2785 2784
f 2789 2788 2787
f 2792 2791 2790
f 2795 2794 2793
f 2798 2797 2796
f 2801 2800 2799
f 2804 2803 2802
f 2807 2806 2805
f 2810 2809 2808
f 2813 2812 2811
f 2816 2815 2814
f 2819 2818 2817
f 2822 2821 2820
f 2825 2824 2823
f 2828 2827 2826
f 2831 2830 2829
f 2834 2833 2832
f 2837 2836 2835
f 2840 2839 2838
f 2843 2842 2841
f 2846 2845 2844
f 2849 2848 2847
f 2852 2851 2850
f 2855 2854 2853
f 2858 2857 2856
f 2861 2860 2859
f 2864 2863 2862
f 2867 2866 2865
f 2870 2869 2868
f 2873 2872 2871
f 2876 2875 2874
f 2879 2878 2877
f 2882 2881 2880
f 2885 2884 2883
f 2888 2887 2886
f 2891 2890 2889
f 2894 2893 2892
f 2897 2896 2895
f 2900 2899 2898
f 2903 2902 2901
f 2906 2905 2904
f 2909 2908 2907
f 2912 2911 2910
f 2915 2914 2913
f 2918 2917 2916
f 2921 2920 2919
f 2924 2923 2922
f 2927 2926 2925
f 2930 2929 2928
f 2933 2932 2931
f 2936 2935 2934
f 2939 2938 2937
f 2942 2941 2940
f 2945 2944 2943
f 2948 2947 2946
f 2951 2950 2949
f 2954 2953 2952
f 2957 2956 2955
f 2960 2959 2958
f 2963 2962 2961
f 2966 2965 2964
f 2969 2968 2967
f 2972 2971 2970
f 2975 2974 2973
f 2978 2977 2976
f 2981 2980 2979
f 2984 2983 2982
f 2987 2986 2985
f 2990 2989 2988
f 2993 2992 2991
f 2996 2995 2994
f 2999 2998 2997
f 3002 3001 3000
f 3005 3004 3003
f 3008 3007 3006
f 3011 3010 3009
f 3014 3013 3012
f 3017 3016 3015
f 3020 3019 3018
f 3023 3022 3021
f 3026 3025 3024
f 3029 3028 3027
f 3032 3031 3030
f 3035 3034 3033
f 3038 3037 3036
f 3041 3040 3039
f 3044 3043 3042
f 3047 3046 3045
f 3050 3049 3048
f 3053 3052 3051
f 3056 3055 3054
f 3059 3058 3057
f 3062 3061 3060
f 3065 3064 3063
f 3068 3067 3066
f 3071 3070 3069
f 3074 3073 3072
f 3077 3076 3075
f 3080 3079 3078
f 3083 3082 3081
f 3086 3085 3084
f 3089 3088 3087
f 3092 3091 3090
f 3095 3094 3093
f 3098 3097 3096
f 3101 3100 3099
f 3104 3103 3102
f 3107 3106 3105
f 3110 3109 3108
f 3113 3112 3111
f 3116 3115 3114
f 3119 3118 3117
f 3122 3121 3120
f 3125 3124 3123
f 3128 3127 3126
f 3131 3130 3129
f 3134 3133 3132
f 3137 3136 3135
f 3140 3139 3138
f 3143 3142 3141
f 3146 3145 3144
f 3149 3148 3147
f 3152 3151 3150
f 3155 3154 3153
f 3158 3157 3156
f 3161 3160 3159
f 3164 3163 3162
f 3167 3166 3165
f 3170 3169 3168
f 3173 3172 3171
f 3176 3175 3174
f 3179 3178 3177
f 3182 3181 3180
f 3185 3184 3183
f 3188 3187 3186
f 3191 3190 3189
f 3194 3193 3192
f 3197 3196 3195
f 3200 3199 3198
f 3203 3202 3201
f 3206 3205 3204
f 3209 3208 3207
f 3212 3211 3210
f 3215 3214 3213
f 3218 3217 3216
f 3221 3220 3219
f 3224 3223 3222
f 3227 3226 3225
f 3230 3229 3228
f 3233 3232 3231
f 3236 3235 3234
f 3239 3238 3237
f 3242 3241 3240
f 3245 3244 3243
f 3248 3247 3246
f 3251 3250 3249
f 3254 3253 3252
f 3257 3256 3255
f 3260 3259 3258
f 3263 3262 3261
f 3266 3265 3264
f 3269 3268 3267
f 3272 3271 3270
f 3275 3274 3273
f 3278 3277 3276
f 3281 3280 3279
f 3284 3283 3282
f 3287 3286 3285
f 3290 3289 3288
f 3293 3292 3291
f 3296 3295 3294
f 3299 3298 3297
f 3302 3301 3300
f 3305 3304 3303
f 3308 3307 3306
f 3311 3310 3309
f 3314 3313 3312
f 3317 3316 3315
f 3320 3319 3318
f 3323 3322 3321
f 3326 3325 3324
f 3329 3328 3327
f 3332 3331 3330
f 3335 3334 3333
f 3338 3337 3336
f 3341 3340 3339
f 3344 3343 3342
f 3347 3346 3345
f 3350 3349 3348
f 3353 3352 3351
f 3356 3355 3354
f 3359 3358 3357
f 3362 3361 3360
f 3365 3364 3363
f 3368 3367 3366
f 3371 3370 3369
f 3374 3373 3372
f 3377 3376 3375
f 3380 3379 3378
f 3383 3382 3381
f 3386 3385 3384
f 3389 3388 3387
f 3392 3391 3390
f 3395 3394 3393
f 3398 3397 3396
f 3401 3400 3399
f 3404 3403 3402
f 3407 3406 3405
f 3410 3409 3408
f 3413 3412 3411
f 3416 3415 3414
f 3419 3418 3417
f 3422 3421 3420
f 3425 3424 3423
f 3428 3427 3426
f 3431 3430 3429
f 3434 3433 3432
f 3437 3436 3435
f 3440 3439 3438
f 3443 3442 3441
f 3446 3445 3444
f 3449 3448 3447
f 3452 3451 3450
f 3455 3454 3453
f 3458 3457 3456
f 3461 3460 3459
f 3464 3463 3462
f 3467 3466 3465
f 3470 3469 3468
f 3473 3472 3471
f 3476 3475 3474
f 3479 3478 3477
f 3482 3481 3480
f 3485 3484 3483
f 3488 3487 3486
f 3491 3490 3489
f 3494 3493 3492
f 3497 3496 3495
f 3500 3499 3498
f 3503 3502 3501
f 3506 3505 3504
f 3509 3508 3507
f 3512 3511 3510
f 3515 3514 3513
f 3518 3517 3516
f 3521 3520 3519
f 3524 3523 3522
f 3527 3526 3525
f 3530 3529 3528
f 3533 3532 3531
f 3536 3535 3534
f 3539 3538 3537
f 3542 3541 3540
f 3545 3544 3543
f 3548 3547 3546
f 3551 3550 3549
f 3554 3553 3552
f 3557 3556 3555
f 3560 3559 3558
f 3563 3562 3561
f 3566 3565 3564
f 3569 3568 3567
f 3572 3571 3570
f 3575 3574 3573
f 3578 3577 3576
f 3581 3580 3579
f 3584 3583 3582
f 3587 3586 3585
f 3590 3589 3588
f 3593 3592 3591
f 3596 3595 3594
f 3599 3598 3597
f 3602 3601 3600
f 3605 3604 3603
f 3608 3607 3606
f 3611 3610 3609
f 3614 3613 3612
f 3617 3616 3615
f 3620 3619 3618
f 3623 3622 3621
f 3626 3625 3624
f 3629 3628 3627
f 3632 3631 3630
f 3635 3634 3633
f 3638 3637 3636
f 3641 3640 3639
f 3644 3643 3642
f 3647 3646 3645
f 3650 3649 3648
f 3653 3652 3651
f 3656 3655 3654
f 3659 3658 3657
f 3662 3661 3660
f 3665 3664 3663
f 3668 3667 3666
f 3671 3670 3669
f 3674 3673 3672
f 3677 3676 3675
f 3680 3679 3678
f 3683 3682 3681
f 3686 3685 3684
f 3689 3688 3687
f 3692 3691 3690
f 3695 3694 3693
f 3698 3697 3696
f 3701 3700 3699
f 3704 3703 3702
f 3707 3706 3705
f 3710 3709 3708
f 3713 3712 3711
f 3716 3715 3714
f 3719 3718 3717
f 3722 3721 3720
f 3725 3724 3723
f 3728 3727 3726
f 3731 3730 3729
f 3734 3733 3732
f 3737 3736 3735
f 3740 3739 3738
f 3743 3742 3741
f 3746 3745 3744
f 3749 3748 3747
f 3752 3751 3750
f 3755 3754 3753
f 3758 3757 3756
f 3761 3760 3759
f 3764 3763 3762
f 3767 3766 3765
f 3770 3769 3768
f 3773 3772 3771
f 3776 3775 3774
f 3779 3778 3777
f 3782 3781 3780
f 3785 3784 3783
f 3788 3787 3786
f 3791 3790 3789
f 3794 3793 3792
f 3797 3796 3795
f 3800 3799 3798
f 3803 3802 3801
f 3806 3805 3804
f 3809 3808 3807
f 3812 3811 3810
f 3815 3814 3813
f 3818 3817 3816
f 3821 3820 3819
f 3824 3823 3822
f 3827 3826 3825
f 3830 3829 3828
f 3833 3832 3831
f 3836 3835 3834
f 3839 3838 3837
f 3842 3841 3840
f 3845 3844 3843
f 3848 3847 3846
f 3851 3850 3849
f 3854 3853 3852
f 3857 3856 3855
f 3860 3859 3858
f 3863 3862 3861
f 3866 3865 3864
f 3869 3868 3867
f 3872 3871 3870
f 3875 3874 3873
f 3878 3877 3876
f 3881 3880 3879
f 3884 3883 3882
f 3887 3886 3885
f 3890 3889 3888
f 3893 3892 3891
f 3896 3895 3894
f 3899 3898 3897
f 3902 3901 3900
f 3905 3904 3903
f 3908 3907 3906
f 3911 3910 3909
f 3914 3913 3912
f 3917 3916 3915
f 3920 3919 3918
f 3923 3922 3921
f 3926 3925 3924
f 3929 3928 3927
f 3932 3931 3930
f 3935 3934 3933
f 3938 3937 3936
f 3941 3940 3939
f 3944 3943 3942
f 3947 3946 3945
f 3950 3949 3948
f 3953 3952 3951
f 3956 3955 3954
f 3959 3958 3957
f 3962 3961 3960
f 3965 3964 3963
f 3968 3967 3966
f 3971 3970 3969
f 3974 3973 3972
f 3977 3976 3975
f 3980 3979 3978
f 3983 3982 3981
f 3986 3985 3984
f 3989 3988 3987
f 3992 3991 3990
f 3995 3994 3993
f 3998 3997 3996
f 4001 4000 3999
f 4004 4003 4002
f 4007 4006 4005
f 4010 4009 4008
f 4013 4012 4011
f 4016 4015 4014
f 4019 4018 4017
f 4022 4021 4020
f 4025 4024 4023
f 4028 4027 4026
f 4031 4030 4029
f 4034 4033 4032
f 4037 4036 4035
f 4040 4039 4038
f 4043 4042 4041
f 4046 4045 4044
f 4049 4048 4047
f 4052 4051 4050
f 4055 4054 4053
f 4058 4057 4056
f 4061 4060 4059
f 4064 4063 4062
f 4067 4066 4065
f 4070 4069 4068
f 4073 4072 4071
f 4076 4075 4074
f 4079 4078 4077
f 4082 4081 4080
f 4085 4084 4083
f 4088 4087 4086
f 4091 4090 4089
f 4094 4093 4092
f 4097 4096 4095
f 4100 4099 4098
f 4103 4102 4101
f 4106 4105 4104
f 4109 4108 4107
f 4112 4111 4110
f 4115 4114 4113
f 4118 4117 4116
f 4121 4120 4119
f 4124 4123 4122
f 4127 4126 4125
f 4130 4129 4128
f 4133 4132 4131
f 4136 4135 4134
f 4139 4138 4137
f 4142 4141 4140
f 4145 4144 4143
f 4148 4147 4146
f 4151 4150 4149
f 4154 4153 4152
f 4157 4156 4155
f 4160 4159 4158
f 4163 4162 4161
f 4166 4165 4164
f 4169 4168 4167
f 4172 4171 4170
f 4175 4174 4173
f 4178 4177 4176
f 4181 4180 4179
f 4184 4183 4182
f 4187 4186 4185
f 4190 4189 4188
f 4193 4192 4191
f 4196 4195 4194
f 4199 4198 4197
f 4202 4201 4200
f 4205 4204 4203
f 4208 4207 4206
f 4211 4210 4209
f 4214 4213 4212
f 4217 4216 4215
f 4220 4219 4218
f 4223 4222 4221
f 4226 4225 4224
f 4229 4228 4227
f 4232 4231 4230
f 4235 4234 4233
f 4238 4237 4236
f 4241 4240 4239
f 4244 4243 4242
f 4247 4246 4245
f 4250 4249 4248
f 4253 4252 4251
f 4256 4255 4254
f 4259 4258 4257
f 4262 4261 4260
f 4265 4264 4263
f 4268 4267 4266
f 4271 4270 4269
f 4274 4273 4272
f 4277 4276 4275
f 4280 4279 4278
f 4283 4282 4281
f 4286 4285 4284
f 4289 4288 4287
f 4292 4291 4290
f 4295 4294 4293
f 4298 4297 4296
f 4301 4300 4299
f 4304 4303 4302
f 4307 4306 4305
f 4310 4309 4308
f 4313 4312 4311
f 4316 4315 4314
f 4319 4318 4317
f 4322 4321 4320
f 4325 4324 4323
f 4328 4327 4326
